"Protein_ID","T0","T1","T2","T3","T4","T5","T6","T7","T8"
"XBmRNA10020|XBXL10_1g5370",1.04630689114579,1.03371772445991,1.02710300758891,1.10803120645011,0.923004410905553,0.987557968541114,0.970416233045221,0.913168899819831,0.990693658043566
"XBmRNA10074|XBXL10_1g5397",0.94337863827851,0.809342851818508,0.844508257513723,0.790495704850178,0.830483098575043,0.819990492447459,1.09292569225924,1.24022206049679,1.62865320376054
"XBmRNA10112|XBXL10_1g5418",1.05364808345497,0.979791359903772,1.01353444116138,1.00671175095361,0.973517318630311,1.02082865325291,0.986993507459699,0.942040785034949,1.0229341001484
"XBmRNA101811|XBXL10_1g44445",1.04739800795312,0.986725942535807,1.05125985321555,1.02334024575043,0.935544354480249,1.04312269081639,0.962157024402809,0.979031761915088,0.971420118930559
"XBmRNA10181|XBXL10_1g5453",1.10982690183019,1.00825597218538,1.07980889179995,0.988261439562461,0.970185775424693,0.964755639775588,0.902830550944888,0.911203992718745,1.0648708357581
"XBmRNA101826|XBXL10_1g44449",1.01031399116523,1.00787929831799,1.02292940867354,1.03739602438875,1.019093613176,0.920051251641104,0.909113426953791,0.982245485146917,1.09097750053668
"XBmRNA101837|XBXL10_1g44455",1.01123074887146,1.04170730527146,1.06701440215918,1.01553912931947,0.931492718407601,0.975880155734469,0.903109716401786,1.04138830671062,1.01263751712396
"XBmRNA10209|XBXL10_1g5470",0.987515667472964,1.00593931262704,1.0440827122531,0.989665141809119,0.985600502050714,1.00633992521634,0.948698935975906,0.996406483517134,1.03575131907768
"XBmRNA1039|XBXL10_1g760",1.06922276814008,1.01019650011786,1.01215123026713,0.959955533295923,0.990733084647713,1.00230477533387,1.0337949105063,0.937358547691203,0.984282649999919
"XBmRNA10423|XBXL10_1g5558",0.958448717365772,0.984435697940388,1.11115542363488,1.0108951535786,0.845307326870801,0.950198511727858,0.969383389665503,1.09848087834373,1.07169490087247
"XBmRNA1044|XBXL10_1g762",0.943206872333139,0.952119737821735,0.890014351090715,0.9149701009298,0.952910344094581,1.04118542888588,1.10644031306756,0.972037050713079,1.22711580106351
"XBmRNA10469|XBXL10_1g5584",0.983278920562747,0.997502210692864,1.00655714860344,1.0113417699642,0.988523177388931,0.993665306506572,0.945736830327983,0.975780618182755,1.09761401777051
"XBmRNA10539|XBXL10_1g5625",0.957676542808965,0.956431588051981,1.12031122321794,0.973239112057129,0.899042591636003,0.988374157267175,1.00236035611271,0.941900166077863,1.16066426277024
"XBmRNA10742|XBXL10_1g5746",1.01868948559386,1.00971042815422,1.01408010619524,1.01828978103609,0.945665857848088,0.957521472689873,1.00818009161435,1.00813681885515,1.01972595801311
"XBmRNA10763|XBXL10_1g5758",0.988730491319084,0.981524942339545,1.06161243249321,0.986004140061626,0.978726851898361,0.982029877982002,0.964445115244305,0.979696826382425,1.07722932227945
"XBmRNA10839|XBXL10_1g5802",0.993833974459205,0.946048621912731,0.989030328438126,0.97732954832568,0.966980310187025,0.934917660697797,1.02691404038617,1.0495389441692,1.11540657142406
"XBmRNA1083|XBXL10_1g772",1.04016512870505,0.972946211607201,1.06056081620057,1.04972523924974,0.990435015042609,0.97393057251288,0.969951546384609,0.952311727575627,0.989973742721715
"XBmRNA10905|XBXL10_1g5831",0.949170483987966,0.965389509990826,1.0373926620982,0.997154582453207,0.959246965629365,1.0177894463558,0.972791078965475,0.988441627215822,1.11262364330334
"XBmRNA10959|XBXL10_1g5853",0.996209534092057,1.03097565651929,1.04465133378219,1.01162231961685,0.982594265660017,0.984891023401146,0.976704680763338,0.941856513490713,1.0304946726744
"XBmRNA10967|XBXL10_1g5857",1.02223653510867,1.01781546042784,1.02907093046107,0.984460802347245,0.96720643813429,1.01671953669853,0.990460912635727,0.948882140008695,1.02314724417793
"XBmRNA10977|XBXL10_1g5867",1.02753197872247,1.01709379220611,1.05115239902078,1.02514578430237,0.992709344470491,0.998221524404324,0.936050539412536,0.939841394916311,1.0122532425446
"XBmRNA11014|XBXL10_1g5885",1.0296098235294,0.995425685921271,1.01852753023244,1.01929759545701,0.994009993164006,1.02181562131732,0.973422810185165,0.946239062376127,1.00165187781726
"XBmRNA11089|XBXL10_1g5918",0.991906446537656,1.04221192921183,1.02870655618112,1.04761430974349,0.916150803375283,1.01068199151155,0.91422920940362,0.988691252657091,1.05980750137837
"XBmRNA11262|XBXL10_1g6026",1.03521541258979,1.04928772052386,1.05755605139704,1.11531108058855,0.961148948878671,0.944130144823172,0.887182673891168,0.842152755352934,1.10801521195482
"XBmRNA11322|XBXL10_1g6061",1.03484867386058,1.00712189231452,1.0692669020609,0.993632255672093,0.977097888486779,1.040264245485,0.936379794389195,0.952417780638984,0.988970567091945
"XBmRNA11713|XBXL10_1g6241",1.0305288014325,0.999083950826828,1.02076008994259,1.02864932884378,0.95899695934041,0.975608835786522,0.952384638646824,0.979790651753685,1.05419674342685
"XBmRNA11716|XBXL10_1g6244",1.05570300385316,0.991221528787513,1.05550612923358,0.995505685004468,0.933258114210269,1.03295355062344,0.942359296775005,0.969527177322978,1.02396551418958
"XBmRNA11742|XBXL10_1g6256",1.02908610813244,0.964508799124861,1.02959026871408,1.04469819970215,0.985410162141862,1.00627717513622,0.993284479007252,0.93869020249951,1.00845460554163
"XBmRNA11758|XBXL10_1g6262",0.983586406950922,0.984279073405016,1.05379666455669,0.991965785477178,0.958444926087664,0.98020169131427,0.984205555669529,1.01081889506575,1.05270100147298
"XBmRNA11798|XBXL10_1g6289",1.0633022109153,0.987195445930655,1.05512543164746,1.01505721161815,0.98257841130805,1.00165852410672,0.946422528578263,0.971357312392321,0.977302923503075
"XBmRNA11816|XBXL10_1g6297",1.01495913838398,0.992566235615001,1.04278641524357,0.998011325084687,0.96996529297397,1.01297780858068,0.97021240204061,0.964997752435869,1.03352362964163
"XBmRNA11846|XBXL10_1g6310",1.12236680883844,0.856087871494361,1.11630872657463,1.05685438033253,0.978018795145554,1.04247681464631,0.87078418196505,0.913989022213833,1.0431133987893
"XBmRNA11904|XBXL10_1g6338",1.01198270664675,1.011083005525,0.996777843832375,1.04721204889334,1.00696712243596,0.967294645982924,0.978505285061844,0.962241036691597,1.01793630493021
"XBmRNA1207|XBXL10_1g829",1.03401475613042,1.01992695654853,1.03693934403407,0.995802047968704,0.960611734097126,1.01859658852136,0.966114431382561,0.959034249455759,1.00895989186147
"XBmRNA12203|XBXL10_1g6511",1.03610685664285,0.991835477483555,1.04067660967451,1.02605186937326,0.971334023535319,1.0136895041717,0.952969541589384,0.962698997714278,1.00463711981516
"XBmRNA12230|XBXL10_1g6525",1.0224417529569,0.976384525142392,1.1376699496103,1.00208217086852,0.995941705136035,0.989099303063454,0.974616843332638,0.941001025678151,0.960762724211615
"XBmRNA12245|XBXL10_1g6537",1.00770618602413,1.03526342858237,1.04435400321917,1.04563038312875,0.964953729041567,0.927586122278392,0.968245028823212,0.987597320060787,1.01866379884163
"XBmRNA12265|XBXL10_1g6552",0.9847870316201,0.988825985890968,1.11071868354731,1.0009590568786,0.98807347454368,0.946009962642817,0.939452023950473,1.02420754791842,1.01696623300763
"XBmRNA12436|XBXL10_1g6632",0.999775464806115,1.04203801546046,0.994915062203883,1.01388019779228,0.97446307410244,0.937047303354722,0.93916937088576,0.952508112022379,1.14620339937197
"XBmRNA12439|XBXL10_1g6634",1.06552358164312,1.03562107387583,0.980976369770427,1.03140392149136,0.964962690384671,0.982328713966366,0.963545869702225,0.94465235051687,1.03098542864913
"XBmRNA12514|XBXL10_1g6676",0.986523844555951,1.00469638465027,1.04137101494884,1.02128025349803,0.979271852890936,0.996201845031719,0.985592743725174,0.959496074464294,1.02556598623478
"XBmRNA1251|XBXL10_1g855",0.870331830153323,0.95670579593795,1.04297380785118,0.876352365575828,0.94744991835966,1.01637421217033,1.03658949774287,1.09810985009998,1.15511272210888
"XBmRNA12534|XBXL10_1g6687",0.916292989987223,1.009599498687,0.90284711013877,0.874110639878614,0.884489419857963,0.862449556927837,1.06827911375997,1.06384670583752,1.41808496492511
"XBmRNA13089|XBXL10_1g6992",0.945632171797212,0.991113958281487,0.906567901843959,0.950795169292169,0.957233126711454,0.963047765525831,1.01715060814594,1.04765776700331,1.22080153139864
"XBmRNA13254|XBXL10_1g7079",1.02351330675588,0.988142479924077,1.02900049098948,0.988400822391367,0.968256991665985,1.00421734651656,1.0023079857777,0.977189205771531,1.01897137020742
"XBmRNA13303|XBXL10_1g7099",1.04289451953355,0.999539704695488,1.01420824333074,1.01592925191306,0.970200937586331,1.00828369156223,0.967398376215892,0.945944897469232,1.03560037769347
"XBmRNA13414|XBXL10_1g7149",1.00484236856936,0.959390201537184,1.01686167784828,0.989036175749166,0.919763589961577,0.96006968344114,0.972389903471779,1.03539169889837,1.14225470052314
"XBmRNA13498|XBXL10_1g7185",1.05374878171211,0.909489431336612,1.01560100391252,1.02059696223657,0.986076577697222,1.00549116452128,0.990253802139308,1.0032619790259,1.01548029741848
"XBmRNA13501|XBXL10_1g7186",0.793942383527686,0.82434576080781,0.847972736437718,0.830627351509065,0.821308742015584,0.847338739296087,1.17160793133614,1.13031953096346,1.73253682410645
"XBmRNA13570|XBXL10_1g7224",1.02819134275171,0.989133528486848,1.00971811974945,1.03019886748106,1.00198272910803,0.962561159129485,0.964585526743106,0.9699124595412,1.04371626700912
"XBmRNA13595|XBXL10_1g7239",1.04483490651133,0.983940969107254,1.10068226483948,1.05428199323734,0.99049003882193,0.979109175352032,0.940973532392612,0.929989314461015,0.975697805277008
"XBmRNA13736|XBXL10_1g7301",0.993930437880588,1.00878968042367,1.02383040636596,0.991660547640541,0.940964243914112,0.953063740821834,0.986246421340828,1.02849630915083,1.07301821246165
"XBmRNA1377|XBXL10_1g917",0.605291210260365,0.584838807104923,0.647342256030864,0.660600827879699,0.681046626417697,0.864837947994924,1.3842887580753,1.55860047879379,2.01315308744243
"XBmRNA13869|XBXL10_1g7370",0.999631703741746,0.951591337505197,1.03479807434726,1.00996500320341,0.929768590335156,1.00723226293778,0.963293346318365,1.00887268269179,1.0948469989193
"XBmRNA13884|XBXL10_1g7377",1.06244644417543,0.987886501559046,1.01563134069933,1.00113643762874,0.982539182885352,0.988491715479861,0.935628967922966,0.960060407218785,1.06617900243049
"XBmRNA13887|XBXL10_1g7379",1.01744213399474,0.998341621712168,1.06778548504107,1.02907930692212,0.930362252183031,0.990184554500192,1.01643070861847,0.950758687854985,0.999615249173235
"XBmRNA13922|XBXL10_1g7389",1.02599402107385,0.967295113237027,0.979151697039921,0.990593700583495,0.984085296877675,1.02284021632106,1.00794678824014,0.98135446108492,1.04073870554191
"XBmRNA13925|XBXL10_1g7391",1.05343527457273,1.02633289679383,1.05797763268641,1.02331779667145,0.939198223756208,0.990390272562208,0.955876743677689,0.935635644834095,1.01783551444537
"XBmRNA13954|XBXL10_1g7405",0.975771922317526,0.979212168151279,1.026068676652,1.01929192558002,0.956908727225997,0.97875608969613,0.981847601868833,0.987161922615825,1.09498096589239
"XBmRNA14034|XBXL10_1g7446",1.04755449945902,0.998096032330181,0.987977267953604,1.02170350834446,1.03442165640684,1.01662047993731,0.970156193447569,0.965846040782424,0.957624321338593
"XBmRNA14055|XBXL10_1g7461",0.999654961554137,0.973206054264241,1.01811377892926,0.988060419013319,0.936356083219977,0.954988082407429,0.957681419456272,1.00771454883966,1.16422465231571
"XBmRNA14112|XBXL10_1g7488",1.04070804455467,1.02162145387226,1.06088966311399,0.993903269568272,0.96241005705984,1.02135660474923,0.942416957885787,0.915519180245683,1.04117476895026
"XBmRNA14190|XBXL10_1g7552",0.962098440634702,1.02009802031452,1.05430042474631,0.985870964514813,0.942391717398968,0.937345559328032,1.06042790129827,0.960825562723641,1.07664140904074
"XBmRNA14207|XBXL10_1g7561",1.0173256303409,0.997824297347116,1.02851570342071,1.01286582257696,0.997129990838189,0.985904267896235,0.977000714194911,0.950240748191548,1.03319282519343
"XBmRNA14266|XBXL10_1g7597",1.01877973312971,0.952298574912324,1.0090205419358,1.05540334689006,1.02123631900799,0.981249328735351,0.877120651472467,0.964162891693914,1.12072861222239
"XBmRNA14308|XBXL10_1g7620",1.02828424551878,1.0193442316768,1.08693825248021,1.01874704407059,0.914704249755083,0.988998664794717,0.990286933676941,0.962264771278074,0.990431606748797
"XBmRNA14335|XBXL10_1g7634",0.992530387475022,0.982843553029048,1.03047599020818,1.05374682339872,0.9426669337052,0.985733395140312,0.941346027091985,0.992968829947648,1.07768806000388
"XBmRNA14564|XBXL10_1g7727",0.911818393067608,1.20974925104892,1.31448362745153,0.95571466222384,0.928365417663295,0.942500842337286,0.887590491252415,0.946449303351442,0.903328011603673
"XBmRNA14601|XBXL10_1g7753",1.03946562104706,1.0223308454167,1.08127712716161,1.02747055440993,0.945110459280122,0.985804986166068,0.94607836808908,0.94487324868502,1.00758878974441
"XBmRNA14778|XBXL10_1g7848",1.03224990151589,0.978690916193142,1.03917119507927,1.04830370461877,0.955258573895343,0.99683358448153,0.969419806268605,0.975692718858934,1.00437959908851
"XBmRNA14820|XBXL10_1g7861",1.015185810507,0.993670766397502,1.03282176002067,0.979077917305925,0.952414388305031,0.976498295345591,0.990197903902261,1.00393759779686,1.05619556041916
"XBmRNA14919|XBXL10_1g7904",0.996213977707094,1.04586440017583,1.08931967876395,1.02092375168535,0.989916280687209,1.02852118475969,0.99439874837312,0.838243842899872,0.996598134947878
"XBmRNA14947|XBXL10_1g7908",1.0133522104944,1.01700473345305,1.03437266322245,1.01803504815618,0.959568034900067,1.01180483031489,0.932528797664293,0.973571971229342,1.03976171056532
"XBmRNA15046|XBXL10_1g7956",0.982829104613393,0.971816099620876,0.991808043216557,0.963146958883323,0.969742395920441,1.0190616739938,0.997809792324003,1.00432748187082,1.09945844955679
"XBmRNA15074|XBXL10_1g7972",1.0025031639137,1.00049067805713,1.04875476842932,1.00019049409026,0.956732736826644,1.00420545817493,0.978535708583323,0.978005033659019,1.03058195826568
"XBmRNA15187|XBXL10_1g8038",0.947631912562552,0.923548272236266,0.97931870839101,0.988984322802311,0.926509520969751,1.01953431764966,1.03532833840447,1.03225678882667,1.14688781815731
"XBmRNA15196|XBXL10_1g8041",0.988966245665734,0.989509498878517,1.07815481099034,1.00133997048017,0.976796671203734,0.907175034273853,0.956812524060389,0.986871444206547,1.11437380024071
"XBmRNA15198|XBXL10_1g8042",0.870845374224127,0.951914675419757,1.04368366385622,0.878484796950832,0.885054016573102,0.941901630018341,0.998348134658103,1.0554562071083,1.37431150119122
"XBmRNA15225|XBXL10_1g8057",1.02323765837232,0.979314001246835,1.00467200820769,0.996755865018212,1.01279687341504,1.01811448587174,1.00205855489199,0.96117823945604,1.00187231352013
"XBmRNA15295|XBXL10_1g8084",1.0339781180976,1.00984051630951,1.03668224494525,1.01497167697362,0.992162192506262,1.01653737091208,0.974342488854248,0.933161990697776,0.988323400703658
"XBmRNA15301|XBXL10_1g8091",0.917842430225436,0.869706469860043,0.885676941237005,0.930647971366758,0.922005523607825,0.965368682077762,1.01516155106082,1.10261999806009,1.39097043250427
"XBmRNA15303|XBXL10_1g8092",1.06230961070986,0.954765650817623,1.03693360270753,1.03818309568218,0.976813371871578,0.978353768845841,0.968736172920463,0.925866505587681,1.05803822085724
"XBmRNA15347|XBXL10_1g8113",1.02859136626705,1.03845484350085,1.01813237456129,0.992272960700099,1.00022661589687,0.981539430576398,0.948689340538237,0.935051735316156,1.05704133264306
"XBmRNA15377|XBXL10_1g8125",1.03471928896029,0.977409198320285,1.15489549308198,1.039798511902,1.02364014198,1.00804478203877,0.934424377816603,0.923726626723058,0.903341579177003
"XBmRNA15734|XBXL10_1g8334",1.0592510039591,1.00674525798582,1.08527489003131,1.03188197307757,0.967636964470948,0.977742399633545,0.941475238470447,0.946879875475329,0.983112396895934
"XBmRNA1586|XBXL10_1g1025",1.04169478593634,0.969795710686356,0.991188822638659,1.06381200868323,0.900810890805363,0.919776064391871,1.03216933078548,0.983285332680909,1.09746705339179
"XBmRNA16046|XBXL10_1g8479",1.00034191908714,1.00559417255643,1.08984207075847,1.03490239281723,0.967702636060005,0.983405594928025,0.946809113354975,0.960634810469935,1.0107672899678
"XBmRNA16162|XBXL10_1g8560",1.03564324944205,1.04049717224494,1.05779653520236,1.01965810212778,0.948243791034173,1.04819467817351,0.955390020048044,0.921893077276749,0.972683374450384
"XBmRNA16176|XBXL10_1g8570",1.23767144819489,1.23129261878659,1.22495599290966,1.10040101403215,0.948610281873058,0.925639024724643,0.797576741509018,0.78678177390793,0.747071104062063
"XBmRNA16227|XBXL10_1g8603",0.997283893726534,0.999278438437334,1.02335028724598,1.00785086174023,0.976807522527366,1.01221508313458,0.99595297209389,0.973434538733412,1.01382640236067
"XBmRNA16840|XBXL10_1g9049",0.997218829164957,0.989618486600942,1.06973233512288,0.978144955302793,0.89409836796152,0.930404147735735,0.954115579682504,1.03784849092989,1.14881880749878
"XBmRNA16940|XBXL10_1g9099",1.06121587136,0.842856982542074,1.15557016362526,1.15007709791845,1.02499743814572,1.01266509567715,0.863341626159712,0.959331902503854,0.929943822067778
"XBmRNA16970|XBXL10_1g9120",1.06300403710461,0.994555106470445,1.03753353031471,1.00766097274018,1.00819787754931,1.04265753725258,0.937378390573525,0.935025077204506,0.973987470790138
"XBmRNA17028|XBXL10_1g9142",1.01414820249424,0.949025822451712,1.01515459149434,1.04348557036473,0.992249379829708,1.02500808010734,0.939205875482637,0.954077924456147,1.06764455331914
"XBmRNA17072|XBXL10_1g9169",0.0148118127937129,0.00980446379688422,0.0364072608224924,0.0706021096576211,0.209115512768687,0.568907186033145,1.8761942451426,2.47167500871291,3.74248240027194
"XBmRNA1722|XBXL10_1g1102",1.02042857932134,1.00029588807537,1.01351417873423,1.02854367945584,1.00600427027799,1.01975354209692,0.957270801202876,0.944145112977428,1.010043947858
"XBmRNA1724|XBXL10_1g1104",1.03178128444231,0.983975242499862,1.01467587367018,1.01973294022994,0.995625808568677,1.08264111508021,0.947577261179352,0.939273447470777,0.984717026858694
"XBmRNA17270|XBXL10_1g9247",1.00419514932482,1.04258369709054,1.02510886823087,1.01741270446589,0.930656355687359,0.990396856802971,0.949601298182917,0.98634848928491,1.05369658092974
"XBmRNA17318|XBXL10_1g9270",0.953087923196457,0.982110936450513,1.00485352096886,1.02137178131575,0.982907511185783,0.983570717436476,0.966476783315269,0.991277836645376,1.11434298948552
"XBmRNA1733|XBXL10_1g1108",1.04090108394782,0.972039180964211,1.03049152947872,1.00786328412668,1.00055099185271,0.966325258793029,0.93380329354561,0.992882858763926,1.05514251852729
"XBmRNA1740|XBXL10_1g1115",1.04945758094418,1.05286532272942,1.07835472416985,0.973414627093741,0.850304087877655,0.91958104530652,1.0218355963678,0.992322869385424,1.06186414612541
"XBmRNA17448|XBXL10_1g9336",1.03049034324323,1.02267541162522,1.05229135982098,0.985516916913299,0.951687444128117,0.992734275477098,0.963089140473573,0.974151027575032,1.02736408074345
"XBmRNA17488|XBXL10_1g9362",0.977038946022215,0.947005064609131,1.08558255416214,1.00927262925783,0.914102498545796,0.921922757276468,0.994182349008151,1.01611582428359,1.13477737683467
"XBmRNA17544|XBXL10_1g9410",1.02209392074834,0.991742198937543,1.03439319979216,1.0055927170912,0.959773853123195,1.0297554677316,0.977426380953568,0.970405170320538,1.00881709130185
"XBmRNA17601|XBXL10_1g9434",1.00748441350648,1.0101320325758,1.03336700530055,1.01332315194471,0.948536721155188,1.04507491852768,0.946212078349686,0.974078888208123,1.02179079043179
"XBmRNA17602|XBXL10_1g9435",1.022261035036,1.01132926934284,1.00678079221008,1.09955335008534,1.04384520010493,0.974739349578556,0.975888758501979,0.913956793456736,0.951645451683537
"XBmRNA1760|XBXL10_1g1119",1.00999319534095,0.992468332379623,1.04639049695232,0.960968772398194,0.976883319335868,0.922608358748083,1.04382721745119,0.837174520076963,1.20968578731681
"XBmRNA17617|XBXL10_1g9446",0.956515809282698,0.929409736245767,0.964739475094925,0.943968531379789,0.917289979175691,0.951536809535817,1.01301965562177,1.07562807323757,1.24789193042597
"XBmRNA17727|XBXL10_1g9503",1.00048590766963,1.02848324661015,1.02120305459851,1.02696751056997,0.939565155908926,1.00792822853666,0.914665484340871,1.01043092430409,1.0502704874612
"XBmRNA17775|XBXL10_1g9541",1.12161335439291,0.937615761573943,1.0728287182893,0.969989510986137,1.00695226950306,1.04231127598239,1.01593780433398,0.963363936044662,0.869387368893615
"XBmRNA18030|XBXL10_1g9675",1.04628873162332,1.00244916284162,1.03839301543766,0.995263034935237,0.946434668053032,1.00409127966744,0.96559139156824,0.976820807914796,1.02466790795866
"XBmRNA18135|XBXL10_1g9707",1.02785170646231,0.992068164599445,1.05751220026032,1.01465336921135,0.963810143539814,0.95751313179985,0.946223264905783,0.945907705264518,1.09446031395662
"XBmRNA18233|XBXL10_1g9746",0.989647603620959,0.995515035657606,1.01446218942722,1.01792756925943,0.95607831166416,0.989974136679214,0.974835629464781,0.957440789604709,1.10411873462192
"XBmRNA18257|XBXL10_1g9759",1.0267694735198,1.00010954378772,1.05418015395458,1.01581727187389,1.0095315055526,0.986108427450513,0.982615531318739,0.949194953030969,0.975673139511205
"XBmRNA18273|XBXL10_1g9770",0.979926724421422,0.971494247215617,1.05103337223445,0.906037801679036,0.997580427731064,1.02320588054449,1.04972674445323,0.977608875927526,1.04338592579316
"XBmRNA18293|XBXL10_1g9781",0.987712889681217,1.03970097673941,1.04222258485326,0.98310208952145,0.926735830614409,0.946054030856331,0.972966168227983,1.02656488486583,1.07494054464011
"XBmRNA18407|XBXL10_1g9843",0.99400709404552,0.977121287567386,0.900283596440205,0.979260999082459,1.03402155786069,1.06584923709546,0.983406375493408,1.02988180772035,1.03616804469452
"XBmRNA18480|XBXL10_1g9889",1.35652201943347,1.2328083773366,1.2264040799224,0.973314353564655,0.841228012650667,0.856819077467795,0.804338963460389,0.871338438167943,0.837226677996091
"XBmRNA18615|XBXL10_1g9967",0.97763343558164,1.05744646794968,0.997665556519704,1.0295119035235,0.940380551776474,0.942952616820466,0.880660439229384,1.04882464186011,1.12492438673905
"XBmRNA18783|XBXL10_1g10049",0.331101173662844,0.319713600281964,0.420270062339562,0.405974148406494,0.492911438145077,0.81200479959911,1.62651148266499,1.81374751879975,2.77776577610021
"XBmRNA18807|XBXL10_1g10064",1.0696288667457,1.05099638131614,1.0633057191092,0.969161502981428,0.931443514417894,1.09792153258749,0.946227460580639,0.91999883078329,0.951316191478226
"XBmRNA18878|XBXL10_1g10108",0.248844720269373,0.258292352901503,0.334784363538945,0.273117526595987,0.399132025086981,0.715687734290902,1.87894574429572,1.98497248844287,2.90622304457772
"XBmRNA19051|XBXL10_1g10187",0.98559051431201,0.987468444451648,1.04802945487024,1.02606559793111,0.980110263255489,0.952453674351195,1.04096727038575,1.02545320115495,0.953861579287613
"XBmRNA19054|XBXL10_1g10189",1.08845528073,0.983344631890023,1.05420142850328,0.953138463215366,0.966538256189264,1.0182038284185,0.981494814166097,0.944793862698694,1.00982943418877
"XBmRNA19059|XBXL10_1g10191",1.00470537040676,0.969742228421007,0.983632372514673,1.01768260473995,0.995724603439001,1.01317266296047,0.994464676332329,0.981073039636833,1.03980244154897
"XBmRNA19060|XBXL10_1g10192",0.933785507419347,0.890909408253483,1.01473999662057,0.974129805278946,0.970460868183772,0.990583039436353,1.02707472862635,1.07258176258838,1.1257348835928
"XBmRNA19063|XBXL10_1g10193",1.04010029354486,1.04194355578062,0.938902041575131,0.996979332919991,0.993595719572327,0.997673220526448,0.997568372809511,0.93524761824865,1.05798984502247
"XBmRNA19064|XBXL10_1g10194",1.05228046937018,1.10583940464806,1.08946055532833,1.05821879900169,0.995984922459979,1.00313710313029,0.871473018973773,0.843397319045764,0.980208408041935
"XBmRNA1913|XBXL10_1g1183",0.975579443426089,1.05649450546384,1.04743601425303,1.01587153833953,0.932275386503499,0.969480147730908,0.956113335740487,0.989594691563971,1.05715493697865
"XBmRNA19144|XBXL10_1g10235",1.00653044713176,1.00870713913829,1.05099499737702,1.02599146979529,0.962844693816434,1.01331978085605,0.976318187721891,0.939339550176668,1.01595373398659
"XBmRNA19229|XBXL10_1g10285",0.96962778155099,0.943112419918921,1.05439888488539,1.04183669523735,1.02253978751632,0.969544629429716,0.976549040734308,0.964726328368421,1.05766443235858
"XBmRNA1930|XBXL10_1g1194",1.04070298618003,1.01689902673259,0.973327013331572,1.04801179905899,0.978448010503316,0.99675747227657,0.968293096529886,0.979771474881503,0.997789120505546
"XBmRNA19354|XBXL10_1g10359",1.01148697477801,0.977277617463623,1.05806120221995,1.04248883027002,0.944628128592464,0.96633704445708,0.994498588637939,0.990772144512652,1.01444946906826
"XBmRNA19394|XBXL10_1g10369",0.912559099475831,0.932777893514724,1.00481507828098,0.941837346453045,0.897341448159483,0.941749756710894,0.986539907002099,1.07510338289786,1.30727608750509
"XBmRNA19531|XBXL10_1g10448",1.05833328597528,1.04056969015125,1.10034971453426,1.03877170992935,0.957834781808182,0.930371944341772,0.92092027451659,0.942615016097937,1.01023358264537
"XBmRNA1968|XBXL10_1g1220",1.03805661381495,1.01275603355949,1.01540973701332,1.04923134723663,0.939229988788273,0.960172966406616,0.9958019507723,0.963612286108905,1.02572907629952
"XBmRNA19966|XBXL10_1g10638",1.00337944248012,1.02737093450875,1.13910235101976,0.985537529175437,0.982482570886718,1.01309952505363,0.902741880198079,0.910326732663127,1.03595903401438
"XBmRNA19973|XBXL10_1g10640",1.07278536976877,0.9336357510737,1.02939604174205,0.981899480147345,0.936772975919047,0.978141922624323,1.06295781959538,0.987123421897436,1.01728721723194
"XBmRNA20060|XBXL10_1g10678",0.931804395962042,0.932718021451949,0.960729052354923,0.93219899198308,0.928143791691361,0.969946186129695,1.00290566303851,1.09603555667864,1.2455183407098
"XBmRNA20080|XBXL10_1g10689",0.966785299195935,0.974230794729329,1.07653272112009,0.99925292354868,1.01137692017477,1.05072659153342,0.929039586573841,0.958919927923236,1.03313523520069
"XBmRNA20085|XBXL10_1g10693",0.97381333964424,0.979662621370245,1.11473530082641,1.08853464067652,0.940201741832565,0.95891374058067,0.94818216750131,0.947459533407716,1.04849691416033
"XBmRNA20106|XBXL10_1g10703",1.03926319121626,0.945820036992554,1.06265712391561,1.05394115854206,0.964794423481862,0.922892424306267,0.997773133711145,0.937758283547322,1.07510022428692
"XBmRNA20112|XBXL10_1g10707",1.02233440411944,0.994158268495605,1.03958546958743,0.991864503730013,0.993651388924056,1.01643677425469,0.975068365837611,0.941766825635757,1.02513399941539
"XBmRNA20118|XBXL10_1g10710",1.0292042029295,0.961628287609751,1.01304771097751,0.995185858807709,0.951049359535605,0.999967181546264,0.995987840319291,0.968461871952188,1.08546768632217
"XBmRNA20182|XBXL10_1g10736",1.01120704461984,0.99404094522141,1.01307264181544,1.11521466946883,1.00188555913816,1.0110334567188,0.935035159749827,0.937516547575863,0.980993975691838
"XBmRNA20186|XBXL10_1g10740",1.01315122706983,0.9819381611689,0.966980379914846,0.959182092866985,0.940965856261113,1.0053672766249,0.979490596507709,1.0107037872007,1.14222062238502
"XBmRNA20232|XBXL10_1g10754",0.991706943833706,0.990032876732145,1.0657986943202,1.02534025741564,0.963388795016006,0.980078254048389,0.948880711992771,0.938291928232324,1.09648153840882
"XBmRNA20337|XBXL10_1g10808",0.96672406487834,1.033592572536,1.06831567532418,1.01759437816813,0.949153941130025,0.998662289203371,0.948793596648813,0.978707284671214,1.03845619743993
"XBmRNA20374|XBXL10_1g10832",0.475772649923355,0.44287352831784,0.491921252252901,0.471466115756253,0.592212359424485,0.832765372969547,1.58462859922305,1.68146443278806,2.42689568934451
"XBmRNA20425|XBXL10_1g10858",1.0112986860423,1.01212871603115,1.042346289429,1.02075755177178,0.940715914339897,1.00283677672244,0.982303352279146,0.962663827520465,1.02494888586382
"XBmRNA20447|XBXL10_1g10867",0.800086784243335,0.835694970380651,0.956415908567304,0.816652830533851,0.884999022631178,0.867709882984817,1.11660464151461,1.19100582439954,1.53083013474471
"XBmRNA20620|XBXL10_1g10957",0.977966644856534,0.985402652325737,1.11800304719901,1.07509563173149,0.947165368805603,1.07316735118949,0.85938147356365,0.968861552862581,0.994956277465908
"XBmRNA20652|XBXL10_1g10986",1.07471256218647,1.01101049295105,1.03217939302917,1.01370206313456,1.00024867917405,1.00414604124614,0.947178254659319,0.925553743789002,0.99126876983024
"XBmRNA20802|XBXL10_1g11052",1.01925184107545,0.996874542338087,1.05028441550883,1.02595459207866,0.970476586090017,0.994317017840185,0.952187275074663,0.985234766091668,1.00541896390244
"XBmRNA20886|XBXL10_1g11113",1.24702997418186,1.23939241868809,1.19510414967649,1.13192312195127,0.920255146154862,0.897034869539297,0.845743216156224,0.755272362207427,0.76824474144448
"XBmRNA21011|XBXL10_1g11185",1.04902176544971,1.00437991246904,1.01947022824776,0.985749501566342,0.995783078356508,0.997682962482026,0.99189650260247,0.959925074340323,0.996090974485812
"XBmRNA21043|XBXL10_1g11201",1.12516468262213,0.976758798047114,1.18461863737889,0.994019011493215,1.07567156013009,0.841897207821369,1.02562189882493,0.836155469405247,0.940092734277016
"XBmRNA21175|XBXL10_1g11282",1.02770108553941,1.01104449965217,1.0455810447953,1.02022256775457,0.947767978570013,0.965928651701178,0.997531807815699,0.963830018937912,1.02039234523374
"XBmRNA21229|XBXL10_1g11311",1.09297050405805,0.968618329932853,1.02648628222508,0.988736343567827,0.957900970958313,0.971824697393204,1.00633836330971,0.993914624728193,0.993209883826771
"XBmRNA21377|XBXL10_1g11375",1.01438925140936,0.971409723171184,1.07673384926439,1.02421710328773,0.947624276832027,0.991307863317738,0.960296705107771,0.963035338494208,1.0509858891156
"XBmRNA21378|XBXL10_1g11376",1.04747183140748,1.0308713567727,1.07899209929093,0.991428600153694,0.973876883994764,0.991264674797727,0.954917582540697,0.977535877273011,0.953641093768992
"XBmRNA2145|XBXL10_1g1304",0.925527846122569,0.915061301914652,1.0798304086327,0.957160525604206,0.949306646630343,1.06484561928452,1.05072038808757,1.05799555249701,0.999551711226433
"XBmRNA21469|XBXL10_1g11441",1.03479782070246,0.998856637360727,0.986712201673305,1.0687098234248,0.958319773186018,0.913156571596598,1.06020756026589,1.0246382926651,0.9546013191251
"XBmRNA21478|XBXL10_1g11445",1.00361166359577,1.00641395453563,1.0371564042565,1.04433126900486,0.91545016204162,0.987221127616798,0.963170099762123,0.973111113893437,1.06953420529325
"XBmRNA21602|XBXL10_1g11512",1.04454764994739,1.01317621692385,1.01991529072892,1.01219526498467,0.992699694821181,1.01790973544279,0.951840817277125,0.93212672175433,1.01558860811974
"XBmRNA21659|XBXL10_1g11551",1.03752506566786,0.970880778995059,0.98556421140021,1.00157802058391,0.936042124297865,0.988900643448036,0.99237029385951,0.958097595816997,1.12904126593056
"XBmRNA2183|XBXL10_1g1318",1.04298247570846,0.992595915730847,1.05880702038091,0.975619462749546,0.972710513569344,0.986650816143089,0.970273235821991,0.955134354105493,1.04522620579031
"XBmRNA22252|XBXL10_1g11914",1.01707658788309,1.03624430441591,0.960176532226778,1.04183005592771,1.03035986936024,1.00649466380798,0.965136423421821,0.966007926366803,0.97667363658967
"XBmRNA22296|XBXL10_1g11941",1.01900808262473,0.936672490731418,1.05774705202644,1.01229467146254,0.919151053684556,0.939808253947731,0.964336078693829,1.05079521112027,1.10018710570849
"XBmRNA2237|XBXL10_1g1342",1.01831779853466,0.993503394063094,1.13807173444737,0.97959784313746,0.937953527807248,0.98310991203633,0.906124404381141,0.976639189029405,1.06668219656329
"XBmRNA22380|XBXL10_1g11993",0.98856012467746,1.01342118841617,1.0457514015051,1.01969663891179,0.96158791732606,0.968147443023925,0.976095805677056,0.970300237012353,1.05643924345009
"XBmRNA22487|XBXL10_1g12050",1.04484514963425,1.01210601159661,1.00032215988642,0.988694195816542,1.00968418930022,0.971506508334044,0.968922716959035,0.949324068198066,1.05459500027481
"XBmRNA22504|XBXL10_1g12062",1.02523768722344,1.04905108858137,1.02087695573006,1.0771199626924,1.0502646701651,1.00843764766335,0.897932546319747,0.948701340360891,0.922378101263643
"XBmRNA22521|XBXL10_1g12071",1.00478371359693,1.01076642625977,1.03274417238338,1.02375789954017,0.959148001637822,1.00102446629749,0.953047857663686,0.951480102136194,1.06324736048457
"XBmRNA22530|XBXL10_1g12076",0.863910652710992,0.870481853410433,0.894801012676187,0.888832780602819,0.894938797219577,0.883381256180959,1.0946443148088,1.16363859297332,1.44537073941692
"XBmRNA22565|XBXL10_1g12097",1.00944516394597,0.963899993609918,1.06201288487013,1.05938388326536,0.971008726691899,0.995822728786784,0.961798299543499,0.964706735333648,1.01192158395279
"XBmRNA22627|XBXL10_1g12132",1.03286296365232,1.00204094731954,1.08491042218568,1.03901760482015,0.981563896443901,0.911016622580499,0.901054897102744,1.01894486149982,1.02858778439534
"XBmRNA22632|XBXL10_1g12136",1.02895143139294,0.981051601326029,1.05828779346016,1.02408161499657,0.896494956509019,0.973766482146322,0.959042139804443,1.0224711720336,1.05585280833091
"XBmRNA22919|XBXL10_1g12256",0.999263507202447,1.02248735996911,1.02762509592343,0.968780196609751,1.01370373068043,1.05609660031144,0.96625757123239,0.967402097211335,0.978383840859663
"XBmRNA22920|XBXL10_1g12257",1.00734895539148,0.98507504124383,1.02312393567131,1.00323517248102,0.965354812800124,0.993866549574472,1.00056895117085,0.963633191760082,1.05779338990684
"XBmRNA22927|XBXL10_1g12261",1.01759463771857,1.03469053762787,1.04849710264147,1.02689536448231,0.954490765967303,0.991879582766049,0.945714711643433,0.975179555610826,1.00505774154216
"XBmRNA22975|XBXL10_1g12294",1.03994879195753,1.06210329422667,1.06274216703031,0.955819073623596,0.939417811062072,0.959109190925702,0.971977803905897,0.951785314272021,1.0570965529962
"XBmRNA23057|XBXL10_1g12336",0.999665297308173,1.00293937245362,1.01164187339801,1.01229223223587,0.971166942376728,0.999775176560301,1.01521925406945,0.946813005572367,1.04048684602548
"XBmRNA23279|XBXL10_1g12445",0.99062283643638,0.986437525075027,1.04056469688082,1.01782056141948,0.961110224253588,0.977572744308313,0.984905285773666,0.989088016428699,1.05187810942402
"XBmRNA23315|XBXL10_1g12467",1.02370276425394,1.01366032358725,1.01758621069219,1.0087634051069,0.99300606118445,1.00138199312001,0.981727021264296,0.955738437816486,1.00443378297447
"XBmRNA23346|XBXL10_1g12476",0.939525068736831,0.973484943614924,1.06681845588273,1.04043993131019,0.906588013429151,1.0449708006125,1.00755844733219,0.92725118069187,1.09336315838961
"XBmRNA23428|XBXL10_1g12523",1.00419404069593,0.988069565417595,1.05169908558267,0.976565438914385,0.883398673327624,0.97440286749661,0.990126942703927,0.942074125874064,1.18946925998719
"XBmRNA23467|XBXL10_1g12548",0.984975532437492,0.952081075438762,1.02111716134132,1.07368320202738,0.881118399703886,0.969312968126331,1.00743314523689,0.960326625098843,1.1499518905891
"XBmRNA23483|XBXL10_1g12553",1.03103457865275,0.986808306566601,0.991502083759621,0.998881283368512,0.982777597657761,0.996693260341931,0.982685372856881,1.01410395515191,1.01551356164404
"XBmRNA23542|XBXL10_1g12575",0.986971227711978,1.01535642544267,1.02918633983176,1.01895026212585,0.984399198092511,1.01667952646073,0.960871772559899,0.955805370123796,1.03177987765081
"XBmRNA23574|XBXL10_1g12589",1.02588346836643,1.01227333496786,1.04152885141154,1.02424486188859,0.921634956748185,0.982072556240457,0.953004605968874,0.989898983607617,1.04945838080045
"XBmRNA23607|XBXL10_1g12612",1.06066357873554,1.00563373177847,0.997218417581554,0.954465647120185,0.990224156837122,0.980860226183712,0.985625714959539,0.989171934785344,1.03613659201853
"XBmRNA23616|XBXL10_1g12616",1.19355582646175,1.05775287406805,1.18272439740231,1.08996164798893,0.989753394036181,0.995657260426064,0.91591972434283,0.747149370234468,0.827525505039412
"XBmRNA23821|XBXL10_1g12696",1.01384539809348,0.988619491430394,1.06569521146438,1.02180421826209,0.955309874121462,0.995290339096811,0.976586961634717,0.970682585114325,1.01216592078234
"XBmRNA24041|XBXL10_1g12759",1.02921395919513,1.0039638488748,1.06239436998798,1.06116186912399,0.926716315677789,0.987253815678997,0.933628314337087,0.939539369475829,1.0561281376484
"XBmRNA24107|XBXL10_1g12789",1.04229279396852,0.989306058587631,1.01580822796427,1.04080370157735,0.916587450340742,0.947698606879997,0.96955109683708,0.986218122110432,1.09173394173398
"XBmRNA24261|XBXL10_1g12847",1.01559155888781,1.0345878814574,1.05236650406301,1.08479562020823,0.958235427517905,0.96677094615096,0.959563637889672,0.958564487188721,0.969523936636285
"XBmRNA24302|XBXL10_1g12860",0.992791432841587,0.976449561340187,1.00833660789508,0.986022577861445,0.993961183221014,1.02846569597618,0.96286698158619,1.0134491890728,1.03765677020552
"XBmRNA24308|XBXL10_1g12864",1.05898801380367,1.00994609027865,1.01058950964645,1.04544454818163,1.00945124946306,0.994488817630461,0.982316795133331,0.952724468670608,0.936050507192138
"XBmRNA24309|XBXL10_1g12865",1.04953542268486,0.998165290210677,1.04060583539333,1.02025330740427,0.957122106417563,1.0223784680956,0.950752585389249,0.937402243202192,1.02378474120225
"XBmRNA24419|XBXL10_1g12907",1.04023996905772,0.980275083362966,1.00864210562397,0.972389901462149,0.968053094174985,0.980788399897538,0.999421338118323,0.970639234999234,1.07955087330311
"XBmRNA24511|XBXL10_1g12943",1.07228002035484,1.0193038839681,1.02895371279271,1.02518831053671,0.974035578173074,0.994171789418101,0.983763986775157,0.921662580757324,0.980640137223985
"XBmRNA24559|XBXL10_1g12975",1.00933747477574,0.996228661506197,1.05750445581377,0.991075942867747,0.957239706443278,0.997378160216439,0.964860216428482,0.961695136330637,1.06468024561771
"XBmRNA24599|XBXL10_1g12995",1.01617716745692,1.00170673835664,1.02414108153886,1.01384541665824,0.977950430657894,1.0077539321996,0.979450019058121,0.962312193847832,1.0166630202259
"XBmRNA2470|XBXL10_1g1428",1.02062039253978,0.989916709195626,1.00665334373887,1.00815568047537,0.966718945577194,0.975014312349275,0.99750905656854,0.995484982127785,1.03992657742756
"XBmRNA24727|XBXL10_1g13049",1.043184462998,1.02905702305046,1.0097025789631,1.02557607333114,1.01015720616919,1.01180270333905,0.926914213573137,0.956693334252154,0.98691240432376
"XBmRNA24995|XBXL10_1g13192",1.14750917893387,0.965589365622704,1.08567850588138,1.02103558265788,0.871614266475233,0.982544790586262,0.832743397829257,0.993383552593849,1.09990135941956
"XBmRNA2503|XBXL10_1g1440",0.938559177177194,0.991874872134277,1.15183634486093,1.01433724003671,0.981693722435782,1.00032039099096,0.868892051464661,0.950218122766535,1.10226807813295
"XBmRNA25045|XBXL10_1g13214",1.06976109356462,0.996829355972287,1.01204458401919,0.998495330237236,0.993899536454459,0.959326191833492,0.953276124763782,0.938492406348818,1.07787537680612
"XBmRNA25056|XBXL10_1g13220",0.959123385121702,1.02909826209134,1.03718627815968,1.07375655231609,0.983436248097017,1.08875003670834,0.949220723584664,0.837426531345208,1.04200198257596
"XBmRNA25175|XBXL10_1g13276",1.04319294954553,0.994479836566517,1.01726709926255,1.01909336912007,0.983734841879081,0.987192439150981,0.965270409743514,0.964734482130679,1.02503457260108
"XBmRNA25220|XBXL10_1g13298",0.918610116151837,0.924834975875525,0.972175972712241,0.933336086518978,0.902193488342073,0.990468543628915,1.03347699995815,1.06182216475851,1.26308165205377
"XBmRNA2540|XBXL10_1g1463",0.826352696656783,0.876842686370973,0.912154693814199,0.845962971109453,0.801563725701323,0.82348866982033,1.42172785891421,1.1915187073343,1.30038799027843
"XBmRNA25470|XBXL10_1g13421",0.976160645545557,0.980271994490875,1.11358770278514,1.02815480995038,0.930640542485116,0.977206373594101,0.921123376782029,1.05253756915956,1.02031698520725
"XBmRNA25586|XBXL10_1g13471",0.993612899927703,0.992341161858032,1.01968185249676,1.01156029868828,0.968970408848723,1.02545297255027,0.983096090087679,0.966362620438895,1.03892169510365
"XBmRNA25654|XBXL10_1g13502",0.974158362714365,0.996127824783831,1.0107401995561,0.99511169849112,0.932895527489567,0.95161333376649,0.966066725904328,1.0039560600383,1.1693302672559
"XBmRNA25690|XBXL10_1g13517",1.02493983515916,0.988211397436704,1.00666431825039,1.01488277362983,0.970720279408248,0.964825387432958,1.01140069440159,1.0242405511964,0.994114763084731
"XBmRNA25971|XBXL10_1g13683",1.08709828953797,1.04759160026726,1.01202844175405,1.02346560168504,0.960750776663038,0.964823870336463,0.948874271827093,0.938630048797328,1.01673709913175
"XBmRNA26129|XBXL10_1g13736",1.04070258832137,1.00117263175316,0.982029406740781,0.999852997039719,1.00571030313264,0.998084833147685,0.972636406522825,1.00350292037007,0.996307912971759
"XBmRNA26656|XBXL10_1g14125",1.03952369005848,0.961265023805849,1.04414630582522,0.976208957246088,0.954283203576132,0.961645207831774,1.00094343815934,0.996247986215053,1.06573618728207
"XBmRNA26832|XBXL10_1g14224",0.922826430518195,0.940315993249244,0.96151307846856,0.983885521057548,0.951204993398201,0.928001406487863,0.985548968610248,1.08180527440895,1.24489833380119
"XBmRNA26868|XBXL10_1g14242",1.04165841881335,1.01519327992713,1.01524909299435,0.992590021647094,1.00200288915763,1.01814986501193,0.982803277969887,0.999237238262508,0.933115916216116
"XBmRNA26944|XBXL10_1g14281",0.997113793626394,1.01711333229746,1.08583941874648,1.03245402805844,1.0085432636155,1.01142978138793,0.913715828371302,0.952559943235899,0.981230610660587
"XBmRNA26955|XBXL10_1g14289",1.03873111574578,1.12893393733421,1.04507139669629,1.03473715442068,0.89352359324759,1.01258658158412,0.989743581024751,0.921618222803474,0.935054417143109
"XBmRNA27060|XBXL10_1g14356",1.07908717682284,1.04558542793314,1.07727379250979,1.10710572842826,0.912645783967658,0.899909923913909,0.988212913767966,0.893933958458517,0.996245294197921
"XBmRNA27406|XBXL10_1g14649",1.01647921440573,1.02485779576215,1.06026186490572,1.04080561772195,0.949882923893122,0.982359187733112,0.964791427383764,0.992416508954108,0.968145459240337
"XBmRNA27409|XBXL10_1g14651",1.05914248657203,1.06095666192349,1.03122447377527,1.0783276271054,1.01250351379794,1.02937350714615,0.920516940639261,0.951739375246444,0.856215413794018
"XBmRNA27434|XBXL10_1g14663",1.05526816689829,1.00348639667481,1.02059002816384,1.02665252493747,1.01454309644474,1.04691498451647,0.997591056217522,0.928920114584015,0.906033631562845
"XBmRNA27481|XBXL10_1g14707",1.00818070388847,1.04266074380842,1.00658394034506,1.0263951354277,0.947167171471031,0.961934027481286,1.00879834377917,0.96067476512057,1.03760516867829
"XBmRNA2751|XBXL10_1g1551",1.03748087134659,0.96632887754555,0.953454295088285,1.05371123296124,0.970940457323885,0.989586986368024,1.01064491437582,0.991155968756003,1.02669639623459
"XBmRNA2752|XBXL10_1g1552",0.947302865455434,0.966275745185842,1.10994956424837,0.964638635072552,0.935905994377892,1.03552654786849,0.95341948902127,0.952231458038055,1.1347497007321
"XBmRNA27563|XBXL10_1g14784",0.97417388959504,0.975554577299205,1.02438543642495,1.01539730303535,0.96897203076674,1.05735828580495,0.966616567449937,0.967501889627525,1.05004001999631
"XBmRNA27596|XBXL10_1g14801",1.14650101321916,0.985028504762355,0.990206606231212,1.04126498502126,0.875739629916201,1.04189218354563,1.07535707858073,0.903684484316628,0.940325514406819
"XBmRNA27652|XBXL10_1g14836",0.8954297648544,0.896296241949824,0.922413861841502,0.909635331682917,0.868498671494029,0.926902515529005,1.08678008684171,1.12344578152342,1.3705977442832
"XBmRNA2765|XBXL10_1g1559",0.644865438118855,0.625828468796019,0.682989501112808,0.644229712688541,0.646010279598961,0.815865940457189,1.32309493581094,1.5292692180039,2.08784650541278
"XBmRNA2787|XBXL10_1g1571",1.08793116412947,1.11675918751134,1.02044725953486,0.932999701376218,0.990254607323841,0.951369034614452,0.880000399416394,0.882481297749077,1.13775734834434
"XBmRNA27962|XBXL10_1g15014",1.04498139710349,0.995007722822007,1.08787821629717,0.992669306143664,0.950797929784349,0.982489163514082,0.950435243679195,0.966404728936099,1.02933629171994
"XBmRNA27998|XBXL10_1g15033",1.04468924554747,0.999802675851572,1.04094598364226,1.04149466868076,0.976763180432641,0.960772332517497,0.982309457210121,0.94661868450537,1.00660377161231
"XBmRNA28002|XBXL10_1g15037",1.02277573580099,0.986490789221532,1.03613755900272,1.01460038284379,0.990137945171672,1.03327370268308,0.946072037752732,0.930504260721105,1.04000758680238
"XBmRNA28155|XBXL10_1g15098",1.01040429244261,0.999278955518781,1.00694969926705,1.01665975264325,1.0214227835691,0.995187806803685,0.977222879156816,0.985620369160251,0.987253461438458
"XBmRNA28244|XBXL10_1g15151",1.00962005175967,0.904893935160501,1.12535209785746,1.03893641065597,0.799726470258849,0.959972223335426,1.04124097571402,0.986623010818697,1.13363482443941
"XBmRNA28293|XBXL10_1g15180",0.868329696724876,0.83478053980133,0.878418981127324,0.839132151189243,0.871656097361093,0.90076930449212,1.09872927293738,1.20341346107828,1.50477049528836
"XBmRNA28350|XBXL10_1g15202",0.88836715563689,0.964809584821111,0.875676095317027,0.799760305877501,0.881431442020669,0.893801777213875,1.03489055275081,1.28476902441523,1.37649406194689
"XBmRNA28367|XBXL10_1g15213",1.0134578952615,1.02572528336615,1.05531912267527,0.965563670749803,0.968757931419773,1.01553029094407,0.936635808945073,0.978844015896629,1.04016598074173
"XBmRNA28368|XBXL10_1g15214",0.701963719673503,0.722190179395449,0.774627233124809,0.747208342871174,0.747042666135578,0.85482054158854,1.13345154970054,1.30585251189905,2.01284325561135
"XBmRNA28380|XBXL10_1g15220",1.07801916604459,1.05756459776196,1.12023994185856,1.0030750130754,1.00992034759207,0.960101696739038,0.93469659547339,0.913616286749094,0.922766354705903
"XBmRNA2847|XBXL10_1g1599",1.0959057018061,1.02185689942027,1.24248043590577,1.00160915955732,0.986374441946144,1.04173751172301,0.931523961406034,0.842369919692812,0.836141968542547
"XBmRNA28489|XBXL10_1g15265",0.497010829340487,0.488409055628046,0.551049343795611,0.55853656570836,0.714423968240141,0.881803298164182,1.39860418069875,1.64676628977496,2.26339646864946
"XBmRNA28667|XBXL10_1g15343",0.969472891228013,1.00398409477564,0.99938603792504,1.03343813074825,0.965592887290019,0.9890520505151,1.03461640040045,0.93525175284585,1.06920575427163
"XBmRNA28744|XBXL10_1g15390",1.07968520043369,0.945277904376059,1.16100633158042,1.0477844993348,0.900448411242013,0.966293126773381,0.831742785125918,0.967339523514684,1.10042221761904
"XBmRNA28780|XBXL10_1g15404",1.06093568117585,1.00710183614283,1.00351745593486,0.993536396122249,0.95563514141553,1.02012240619538,0.984358139288304,0.97369425268451,1.00109869104049
"XBmRNA28830|XBXL10_1g15426",0.56075705753674,0.621709605182222,0.55795386268011,0.7411000649437,0.80863798721287,0.927183349943534,1.43763217375158,1.46999098763222,1.87503491111702
"XBmRNA2887|XBXL10_1g1622",0.452334392459948,0.477521852151852,0.527925447357095,0.555411104371224,0.679941616824975,1.04310710072292,1.49098128935655,1.67712946821372,2.09564772854172
"XBmRNA28896|XBXL10_1g15469",1.04092044589661,0.985014963471702,1.14601780674094,1.05107072193388,0.936506525750986,0.943729545844052,0.950161854658443,0.884376015602522,1.06220212010087
"XBmRNA28953|XBXL10_1g15498",1.04105526215587,1.00303561731961,1.02472288716683,0.971057300700305,0.95287173761841,1.03859214174125,0.991606811334219,0.943465979529026,1.03359226243448
"XBmRNA29040|XBXL10_1g15539",1.04340955774843,0.983040017052519,1.03758332344078,1.00807455414533,0.988925216749303,0.977388424974364,0.976793409948699,0.964865788083433,1.01991970785714
"XBmRNA29048|XBXL10_1g15547",0.996876377093878,1.04814382725342,1.01608848972381,1.00060406741911,0.996270691491624,1.02332266588016,1.01045654078782,0.927158478033114,0.981078862317071
"XBmRNA29245|XBXL10_1g15651",0.967746605613032,1.02927287235224,1.11780846816998,1.00760756653542,0.921806158067027,0.939243467312989,0.982244179001878,0.978982815197919,1.05528786774951
"XBmRNA29254|XBXL10_1g15659",1.05126715699701,0.997776276867697,1.00120323126201,1.02237546942074,0.97515809397574,0.990398178166433,0.979859864837589,0.971911506809746,1.01005022166303
"XBmRNA29498|XBXL10_1g15778",1.02642652425349,0.999634046512595,1.18289308894391,0.994220269518497,0.969707762896174,0.93114119220495,0.869307769011366,0.968601834231017,1.058067512428
"XBmRNA2959|XBXL10_1g1664",1.02999581173671,1.05542254912235,1.04310728317825,1.01072470758617,1.03043783715016,1.00601668272162,0.93578101849783,0.972867548296591,0.915646561710313
"XBmRNA29644|XBXL10_1g15883",1.00143961059311,0.996163437619448,1.09930155597616,0.988124136954003,0.946648534967454,0.9924789275655,0.968265362514413,0.994564466864862,1.01301396694505
"XBmRNA29675|XBXL10_1g15896",0.984625371469516,0.948089627542034,1.08606269165018,1.0085546618038,0.970549944018241,1.06841161770962,0.890607368566827,0.986298678495021,1.05680003874477
"XBmRNA29748|XBXL10_1g15926",1.0291209052121,1.00973171993644,1.02321973157725,1.03147301642395,0.972035717767566,1.00568348617943,0.965369730288879,0.976513951615475,0.986851740998911
"XBmRNA29771|XBXL10_1g15932",0.838575324524255,0.793889152200902,0.86190271873753,0.868329618575835,0.874621718608129,0.925091395382566,0.987735093844441,1.12798269527924,1.7218722828471
"XBmRNA29794|XBXL10_1g15943",0.976578872748334,0.932298586200412,0.928650905770943,1.04885020091807,0.892726895267462,1.1123765591246,0.930283172265646,1.05873054161888,1.11950426608566
"XBmRNA29823|XBXL10_1g15958",1.00366714787378,1.00666355078312,1.04476523272762,1.02876167198016,0.932005813758263,1.01464507101281,0.943149029862724,0.978643086476748,1.04769939552477
"XBmRNA29970|XBXL10_1g16027",1.05940654081324,1.03108110428882,1.03245262198932,1.02167023976685,1.01963745970145,1.01934917297404,0.981299795541791,0.921837863383328,0.913265201541162
"XBmRNA29977|XBXL10_1g16030",0.997656900171114,0.954510126279478,1.05077532955094,1.0087066706229,0.94916112006707,1.03285713632548,0.948227266427153,0.953383952902007,1.10472149765387
"XBmRNA29998|XBXL10_1g16040",1.03746025443458,1.00066579603238,1.01074506141091,1.01266932748761,0.996420933182465,1.00555052357274,0.970799608731641,0.961394853089559,1.00429364205812
"XBmRNA30178|XBXL10_1g16113",1.05172972757901,1.02606594556213,1.04528480019524,1.00774134353599,0.980625306816624,0.975557881475885,0.948230397881792,0.948563050188822,1.01620154676451
"XBmRNA30267|XBXL10_1g16149",1.06767540684706,0.975947556877019,1.07318883403841,1.05208755517531,0.953828604285942,1.02979651722667,0.923008333743442,0.961745206701879,0.962721985104264
"XBmRNA30452|XBXL10_1g16224",1.1194791605544,1.1259312082405,1.07001236190859,1.12267917433582,1.02136446460035,0.975330852205326,0.84494972872894,0.806280990356843,0.913972059069221
"XBmRNA30463|XBXL10_1g16228",1.02686856792469,0.984441008785954,1.06429888835381,1.03363077666164,0.982451471258446,1.00759232497064,0.951265947050735,0.977382089046853,0.972068925947226
"XBmRNA30494|XBXL10_1g16248",1.02668860725874,1.00705332311149,1.0164563486883,1.01911198061999,0.97417936491329,1.00222353260259,0.971057125484806,0.974120038741074,1.00910967857971
"XBmRNA30532|XBXL10_1g16262",0.991354967248815,1.02545932521778,1.12814747838611,0.998686796068602,0.89090173831263,0.980323262815609,0.958796741118324,0.9578310300069,1.06849866082524
"XBmRNA30598|XBXL10_1g16292",0.983947365800125,1.01697702924311,1.06569135519942,1.00723060253547,0.927118134285711,0.979397261349095,1.00700527932333,0.925355437834358,1.08727753442938
"XBmRNA30614|XBXL10_1g16300",1.03192052272333,0.938476237089881,1.02336283046672,1.01464388906604,0.955330072785452,1.00368219939209,0.965407229485833,0.962374865033726,1.10480215395693
"XBmRNA30661|XBXL10_1g16330",1.04777325572094,1.01326758645428,1.01167171069114,1.00677182989979,0.983829692955068,0.957305635851715,0.978206724388883,0.951188104303794,1.04998545973439
"XBmRNA30675|XBXL10_1g16335",1.00868454909534,0.990643314174338,1.00802008511603,1.00915445580881,0.976406425669952,0.994915795247688,0.986573073379516,0.988941045209936,1.03666125629839
"XBmRNA30722|XBXL10_1g16360",1.02861337631815,0.989643544791306,1.01480756989147,1.01163436896655,0.963663414180659,0.98346288278457,0.973770778016092,1.00825409795065,1.02614996710055
"XBmRNA31019|XBXL10_1g16519",0.983560592399098,0.994441922532708,1.10127451250599,1.03299312704036,0.920853305816882,1.00832288670454,0.940483480801024,0.966091423102915,1.05197874909649
"XBmRNA31050|XBXL10_1g16536",0.956208908772217,0.92282228560039,1.15794121955425,0.981039760781919,0.953107888052823,0.969900031010616,0.908472060328786,1.02280200839353,1.12770583750547
"XBmRNA31089|XBXL10_1g16558",0.567393336306531,0.57616986446114,0.583608470182185,0.628242814442214,0.681117805471159,0.828321223562025,1.36536577029848,1.56257291100726,2.20720780426901
"XBmRNA31368|XBXL10_1g16785",0.307391209005073,0.290884940722843,0.353353240857781,0.400327531374287,0.793439614132768,1.12527152361335,1.69407961220487,1.74455964891204,2.29069267917699
"XBmRNA3141|XBXL10_1g1772",0.969657191643225,1.02159888755048,0.98815043793205,1.04203637652399,1.07333421639744,0.965510593431328,1.011668400292,0.873449850800561,1.05459404542892
"XBmRNA31618|XBXL10_1g17021",0.716342272462962,0.78943432510561,0.891922474254308,1.01189912150645,1.06102174600935,1.08311222400553,1.12031238891956,1.15196257021239,1.17399287752386
"XBmRNA3163|XBXL10_1g1784",0.784305787439178,0.760171503667593,0.862410605854761,0.800435133276083,0.910912514100218,1.03820311141071,1.24803490562577,1.17063520705276,1.42489123157293
"XBmRNA31691|XBXL10_1g17093",1.02599651707896,0.974638428695251,0.993162127553933,0.976753141047316,0.96988977711682,0.881442630694797,0.962390853072419,1.0801929063448,1.1355336183957
"XBmRNA31723|XBXL10_1g17112",0.0183660600214997,0,0.0307550967273952,0.0417477627527782,0.576944122763615,1.1777256994056,1.86514202708214,2.23686237010914,3.05245686113783
"XBmRNA31787|XBXL10_1g17150",0.0938426067713499,0.0614043250005063,0.119965988980664,0.117687842664202,0.697878444006684,1.15755075861185,1.89653456951397,2.09046940694252,2.76466605750825
"XBmRNA31805|XBXL10_1g17162",1.03322509752083,0.971234391621611,1.12048760609632,1.00275563950086,0.928858342116132,0.945273399814054,0.983199527159675,0.97279495850927,1.04217103766125
"XBmRNA31841|XBXL10_1g17176",0.940232146832925,0.924774705385637,0.969168085844186,0.962543069719697,0.918541187611827,0.95717379083261,1.00687214868504,1.01875415602207,1.301940709066
"XBmRNA31894|XBXL10_1g17203",0.978484387011057,0.96707597503146,0.97573556315398,0.98868049790865,0.927488505259298,0.976262228360565,1.04860806623556,1.04872063148381,1.08894414555562
"XBmRNA31918|XBXL10_1g17216",0.894524201469433,0.904878324882044,0.958935613448827,0.932083014778812,0.949372013180078,0.950352496734739,1.02461682781204,1.10938049267555,1.27585701501848
"XBmRNA3203|XBXL10_1g1801",1.09106976489592,1.05396686732517,1.05667704241037,0.985489823765675,1.0073360731974,1.0256502082105,0.957464898564456,0.898913568340289,0.923431753290217
"XBmRNA32202|XBXL10_1g17460",1.06349418027552,0.986189079915889,1.15220267982213,1.07341635498882,1.0835570828585,1.10021541621369,0.784694350450986,0.790587629171013,0.965643226303449
"XBmRNA3220|XBXL10_1g1810",1.0821032478903,1.00892546296465,1.01240611411189,1.03140253507288,1.03567380344914,1.00737904370176,0.990256467448171,0.905856176807743,0.925997148553466
"XBmRNA32219|XBXL10_1g17465",1.13779669054987,1.00192169833211,0.989953325264933,1.02923871947689,1.0739507389873,1.01734976818962,0.912644518326765,0.937299337720871,0.899845203151644
"XBmRNA32250|XBXL10_1g17494",1.09137899474808,0.930736318694301,1.16135851531965,1.03301229822892,1.04573863345144,0.991070697941069,0.889295815692659,0.96841608509342,0.888992640830466
"XBmRNA32265|XBXL10_1g17505",1.02459871096994,0.992778041143087,0.981785942599716,1.00244833702596,0.98503824549444,1.00859233290961,1.00150768383995,0.995412311865096,1.0078383941522
"XBmRNA32348|XBXL10_1g17564",1.60014887506683,1.45985932901356,1.28483476633028,0.769422056769233,0.547126634405364,0.609382578269781,0.805368066771678,0.877667587892406,1.04619010548086
"XBmRNA32444|XBXL10_1g17614",1.01755316377295,0.974269674335684,1.03439264794218,1.03351472649906,0.977739491795286,0.948280609107299,0.971420082282493,1.00719383812022,1.03563576614483
"XBmRNA3246|XBXL10_1g1825",1.06453742675736,1.00564042591816,1.04514934248308,1.06668420353784,0.877320693692457,0.950047556354542,0.838718573863817,1.04965464448556,1.10224713290719
"XBmRNA32479|XBXL10_1g17638",1.02870345306766,1.01473351449156,1.03262442779973,1.0089345834901,0.968762296296851,0.977926186175877,0.9515817833533,0.972779250206812,1.04395450511811
"XBmRNA32605|XBXL10_1g17691",0.96110278080518,0.968110317136007,1.03141049644677,1.00409848477465,0.992313449372796,1.0082907409843,1.04006130442508,0.928513168744174,1.06609925731105
"XBmRNA32842|XBXL10_1g17815",1.09986404809829,0.978956538829155,1.08923809948073,1.00528944504373,0.866506037029078,1.07548749384165,0.942294221158287,0.886495997379881,1.0558681191392
"XBmRNA32876|XBXL10_1g17825",0.872668834803169,0.764459077790147,0.754973336190929,0.825978753383087,0.861601126713159,1.06636840291431,1.17260357418939,1.18797903436978,1.49336785964603
"XBmRNA32880|XBXL10_1g17828",1.11640014608485,1.00533629452787,1.04899452922061,0.990076351185801,1.03209122380203,1.02007231956203,0.905161807925263,0.917693855088151,0.964173472603396
"XBmRNA32967|XBXL10_1g17847",0.986803035695237,0.997290310294577,1.08991843446207,0.981237414354923,0.937125763751726,0.990232179989206,0.973653875187127,0.960708480814685,1.08303050545045
"XBmRNA32971|XBXL10_1g17849",1.00735876690797,0.990190839487161,1.08003880707821,0.986962783046357,0.959608912186115,1.02699787161615,0.982258519201907,0.927137249028511,1.03944625144763
"XBmRNA33364|XBXL10_1g18068",1.03076209904125,0.978898886171362,1.02130183999115,1.04873897720445,0.993956583565157,1.03193868555137,0.959787091947366,0.947795531179132,0.986820305348765
"XBmRNA33529|XBXL10_1g18197",1.01555522850309,0.992811037765605,1.05126763660851,1.02040913542647,0.963563091989726,0.994208108260065,0.956799262281004,0.983151349305782,1.02223514985975
"XBmRNA33552|XBXL10_1g18211",1.0363678915346,1.03476574497049,1.03578397994031,1.03080549619388,0.974198263297513,1.01139665334883,0.926506012986322,0.943511249002106,1.00666470872595
"XBmRNA33584|XBXL10_1g18223",1.00437266134324,1.08846844049361,1.04097589637225,0.974163054492112,0.927618021822648,1.01924081039696,0.969839935337697,0.922166960318149,1.05315421942334
"XBmRNA33601|XBXL10_1g18231",0.157308552199948,0.117530829316921,0.247725937064559,0.242528788767837,0.199668721982835,0.337993798957347,1.62007785391452,2.45451880405987,3.62264671373617
"XBmRNA33605|XBXL10_1g18233",1.03954371649508,1.00119325867767,0.998221563087711,1.00282782896431,1.01702195720089,1.01844228544181,0.973143572305819,0.970908455473852,0.978697362352854
"XBmRNA33617|XBXL10_1g18240",1.06373317456756,0.960903666719432,1.04769481494798,1.04628924254024,0.990618552145857,0.968943668823487,0.998046229399256,0.959507503006637,0.96426314784955
"XBmRNA33770|XBXL10_1g18355",1.04941448519189,0.982202860192985,1.01607881854997,0.999502876866485,0.998398814972275,1.01414922167424,0.995850105896409,0.96571156397253,0.978691252683222
"XBmRNA33844|XBXL10_1g18410",0.947653981013803,0.908960540332846,1.0829280812719,1.10021994283652,0.880892661523238,1.01382240926259,1.01887351523948,0.921716244658821,1.1249326238608
"XBmRNA3387|XBXL10_1g1900",0.982758694263778,1.00959406090219,1.01144643664702,0.99299789308791,0.973296137321936,0.994129806232529,0.934296180908618,0.971637817559314,1.1298429730767
"XBmRNA33912|XBXL10_1g18455",1.02000876237859,0.948312471218045,1.01870477311743,1.01400723181975,0.946463606744979,0.955808546080117,0.928818035819591,1.04819778529313,1.11967878752836
"XBmRNA34536|XBXL10_1g18735",1.05167543933021,0.96897586423332,1.06798619772219,1.01171391769639,0.922488763947668,0.974796438983667,0.95818164186276,0.985917212151667,1.05826452407212
"XBmRNA3453|XBXL10_1g1941",0.986719734921681,0.942393637212551,1.02115193152195,1.05862485623843,0.972212493475792,0.997460510058218,1.00442203287883,1.01591634903634,1.0010984546562
"XBmRNA34549|XBXL10_1g18741",1.09664078116576,0.986271545054658,0.969125799421545,0.99472336137527,0.943757811044038,0.955836675008014,1.01418627316126,0.967028434346656,1.0724293194228
"XBmRNA34553|XBXL10_1g18743",1.0322917103537,1.00356969878009,1.0283845523316,0.969975008103734,0.898024443279514,1.00673472608027,0.949815264324037,0.965886863469359,1.1453177332777
"XBmRNA3457|XBXL10_1g1945",1.03469137954434,1.02773754396018,1.07245028881396,0.963549100842081,0.957331695735861,0.947101976966718,0.996585333190397,0.990762553793529,1.00979012715293
"XBmRNA34597|XBXL10_1g18764",0.998270599572263,1.01935070522907,1.0605806240358,0.826503937791879,0.889342354982042,0.87071506032381,1.08665386805698,0.993699205461067,1.25488364454709
"XBmRNA34634|XBXL10_1g18785",0.98065771604303,0.984929192019641,1.0726384583488,1.01128127394791,0.942732745617319,0.967121694237455,0.9489716283155,0.987474093584953,1.10419319788538
"XBmRNA34716|XBXL10_1g18829",1.02964884492621,1.02251448741918,1.08772362050843,0.983831161008379,1.01715206908149,0.967443141332856,0.939421738496457,0.938034493143771,1.01423044408322
"XBmRNA34720|XBXL10_1g18831",1.05524114192986,1.01876563602708,1.05733849548245,1.01826539159385,1.0281716116305,1.00480131188734,0.926829060532792,0.916747847974449,0.973839502941687
"XBmRNA34765|XBXL10_1g18859",0.98404007960677,1.03500026434241,1.00637822523101,1.02374357701375,0.962953559032935,0.988419804167155,1.00308050638864,0.971773491965094,1.02461049225223
"XBmRNA34847|XBXL10_1g18911",1.02800551303755,1.01379744128316,1.03791832623968,1.01146092630897,0.973423785423857,0.991475754032028,0.960349388993661,0.958391526170374,1.02517733851072
"XBmRNA34882|XBXL10_1g18930",1.03976285915329,0.99812735094536,1.05049495171668,1.01258436498117,1.01113070903585,0.997268962868444,0.9587323612229,0.941043979270517,0.990854460805795
"XBmRNA34939|XBXL10_1g18953",1.05911574070452,0.962525045458526,1.03627860732986,1.03709774337965,0.999216374900832,1.03979582566304,0.894703366327908,0.926148075409772,1.04511922082589
"XBmRNA35012|XBXL10_1g18988",1.03075138569875,1.02257546070997,1.03987834056451,1.02184725823579,1.0072386861308,0.994968960100884,0.976806839030557,0.965663698247192,0.940269371281556
"XBmRNA35013|XBXL10_1g18989",1.04340881925246,1.02542845476301,1.02436562557156,1.02226583418457,1.00110850876519,0.999372118935706,0.979570733339048,0.959022861030587,0.945457044157876
"XBmRNA35014|XBXL10_1g18990",1.02490030797773,1.03528122723644,1.03423872209264,1.02744594610498,0.998585413454691,0.979878502331163,0.970344800305817,0.960129772891483,0.969195307605067
"XBmRNA35097|XBXL10_1g19023",0.993624982623742,0.98316656968755,1.05347919956803,1.02320432585294,0.978303300158537,1.02112782375615,0.978345708581234,0.980617930321003,0.98813015945082
"XBmRNA3511|XBXL10_1g1974",1.08522713906067,0.975033207020096,1.25492392604781,1.15467871612933,1.05053681089026,1.1478962257531,0.909414768001339,0.729898768452264,0.692390438645128
"XBmRNA35130|XBXL10_1g19041",0.95803292967064,1.05076468040495,1.13891190588161,1.01260899040614,0.940507809702403,0.991244971687446,0.919750614888367,0.939942350562704,1.04823574679575
"XBmRNA3513|XBXL10_1g1976",0.983884701037383,1.04834272976826,0.998984348655755,0.947571120161635,0.989776593019893,1.00137804198767,0.971209334866277,1.0193955033982,1.03945762710493
"XBmRNA35209|XBXL10_1g19074",1.01507062491273,1.00261935397236,1.02421132894615,1.00552347212876,1.01981231192611,0.994702783344219,0.969525908904204,0.935418542908835,1.03311567295663
"XBmRNA35263|XBXL10_1g19088",1.03852586055529,0.988960905628375,1.03350116875476,1.03634206443725,1.03778496730755,0.952942838167332,0.978789377328488,0.955924171816079,0.977228646004875
"XBmRNA3532|XBXL10_1g1984",1.00863238009214,0.968185255659368,1.05962691956358,0.99837948470631,1.01323229260827,0.991182236672263,0.935143752146191,0.966995535927649,1.05862214262423
"XBmRNA35380|XBXL10_1g19136",1.0610363730585,1.03660447796745,1.07860232119001,1.05605616342248,1.02601515692671,0.973661986105738,0.931852117006936,0.916389763735424,0.919781640586761
"XBmRNA35384|XBXL10_1g19137",1.03847816200115,1.01107539074423,1.06876427656655,0.999817668784548,0.967130785570053,0.949479213813169,0.99003501522208,0.931150888853177,1.04406859844504
"XBmRNA35386|XBXL10_1g19138",1.10982076771036,0.918317879234816,1.02537996248668,1.01105004082845,0.988490828974561,0.943755725010145,0.979695167870293,0.93697939083512,1.08651023704957
"XBmRNA35397|XBXL10_1g19143",1.05687429052622,0.979750654325437,1.03045697026565,0.997244077628068,0.933593663836696,1.03546669993007,0.94895476770336,0.926355237437056,1.09130363834744
"XBmRNA35437|XBXL10_1g19174",1.02457575952088,0.977219435004583,1.01293299659078,1.02583653451326,0.988101404079076,0.967861030532319,0.978042058708948,0.950485519288539,1.07494526176161
"XBmRNA35579|XBXL10_1g19249",0.984874153022929,0.998934553971348,0.989333796833793,1.00868238583251,0.949710020887823,1.00396061339606,0.988451107723969,0.974509551540306,1.10154381679127
"XBmRNA35611|XBXL10_1g19268",1.0249592021351,1.0141762005725,1.11285756736685,1.01341556435664,0.83862842368926,0.977094937841792,1.02862541484627,1.01082060398361,0.979422085207978
"XBmRNA3562|XBXL10_1g1996",1.04515211935769,0.989028380431525,1.07819770697798,1.05074536813279,0.930069848514143,0.982574448050523,0.970308185709036,0.924625014441428,1.02929892838489
"XBmRNA35867|XBXL10_1g19401",1.01144420910428,0.99632037740935,1.05146772764808,1.06053372071287,0.914049266396609,0.951409582840586,0.924092587708478,0.987968041470297,1.10271448670945
"XBmRNA35988|XBXL10_1g19469",0.971864232931749,1.04943227496603,1.05763322992464,1.03710649574693,0.949012803120014,0.958946463421217,0.938074305817214,0.960816204085964,1.07711398998624
"XBmRNA36009|XBXL10_1g19481",1.00470351785291,1.0369085714605,1.09526200212679,1.00921228586187,0.947928661425307,0.929144089760902,0.946679718346769,0.96696631980877,1.06319483335618
"XBmRNA36168|XBXL10_1g19545",0.646609460357822,0.654972294596155,0.771424124489708,0.804649474332189,0.751933678522828,0.888958894712164,1.14475319520236,1.40439637445808,1.9323025033287
"XBmRNA36247|XBXL10_1g19585",1.01633331493691,1.00186740818016,1.001473077247,0.993112812848623,0.943992847308643,0.962115942481848,0.97074791607694,1.01251817926103,1.09783850165883
"XBmRNA36255|XBXL10_1g19590",1.09414991770708,1.03416503017982,1.13922052911125,1.06096109381112,0.876873177642641,0.939872036904091,0.903925282900401,0.972687915089693,0.978145016653892
"XBmRNA36256|XBXL10_1g19591",1.03024448995122,0.970715785660508,1.01268246636845,1.05218861543922,0.979939661841211,1.00217700110731,0.920307194725433,0.951414045907521,1.08033073899913
"XBmRNA36275|XBXL10_1g19601",1.00369825620489,1.01476911968345,1.03860199720677,0.986497309477779,0.958807538572639,0.996214395099313,0.941121753716637,0.96509846289168,1.09519116714685
"XBmRNA36307|XBXL10_1g19624",0.997322810943419,0.99134305441884,1.10899334926193,0.993287103566613,0.963363693145023,0.935294544664353,0.977227105581174,0.991886806646477,1.04128153177217
"XBmRNA36343|XBXL10_1g19643",0.972150774313583,1.0878802974232,1.07071828187434,0.934547296635278,0.960112206246728,1.04757183793778,0.977049401665958,0.957496897575326,0.992473006327802
"XBmRNA36365|XBXL10_1g19657",1.05844824644628,1.0030808848064,1.00069439402296,0.994630097671944,1.00318331438347,1.04233474863477,0.983970551854063,0.926948831609787,0.98670893057033
"XBmRNA36408|XBXL10_1g19682",1.01989202763055,1.00296340127868,1.04726155179767,1.02887023842057,0.957263107363981,1.00707020877614,0.963614270211076,0.973696552286743,0.999368642234591
"XBmRNA36440|XBXL10_1g19699",1.00669115970528,0.991771219288591,1.01343068260379,1.00138431505645,0.973050966342938,0.996422870220928,0.99191732359867,0.978803320509172,1.04652814267419
"XBmRNA36470|XBXL10_1g19714",0.993556326114683,1.0092005253355,1.03060976293402,1.01923530575697,0.933674513803477,1.0048183126334,0.922775237274415,1.01754641284951,1.06858360329802
"XBmRNA36490|XBXL10_1g19724",0.984258539909879,0.996088209694469,0.991567421472031,0.966326386557556,0.96373801997848,0.949701155228289,0.988424804714069,1.03125226910026,1.12864319334497
"XBmRNA36556|XBXL10_1g19763",1.02547115146251,0.961920989791721,1.07999959006818,1.05567833139083,0.948966539659444,1.02263186608889,0.914296119518288,0.947022606529754,1.04401280549038
"XBmRNA3655|XBXL10_1g2033",1.09109152112568,1.09787661839039,0.989549793594272,1.07509801862525,0.980188312314055,0.984588610921522,1.06136592931904,0.908453583011385,0.811787612698395
"XBmRNA36799|XBXL10_1g19898",1.05474626479819,0.996118011958065,1.03143661116583,1.06136419877203,1.02040855799692,0.955783962214204,0.953998955843486,0.948692216874171,0.9774512203771
"XBmRNA36884|XBXL10_1g19936",1.05470508188938,0.998631020911391,1.02718204132875,1.02405881635354,0.968371164770443,0.948207521019331,0.952436414182192,0.950920997051875,1.0754869424931
"XBmRNA36936|XBXL10_1g19961",1.02544786190126,0.97541198416648,1.0776577126565,1.01713827809944,0.946957909584677,0.990336296185139,0.953669357060564,0.968335178588517,1.04504542175742
"XBmRNA36951|XBXL10_1g19970",0.980960201198166,1.02122999723867,1.05320665584862,1.02908770361691,0.861864028111691,0.979042053636452,1.00492196033608,0.915308785472077,1.15437861454133
"XBmRNA36962|XBXL10_1g19975",1.02780031064927,1.0046402161472,1.00432453821861,1.02061057358939,0.956622128802729,0.974295340118849,0.973037910874163,0.992896752385586,1.04577222921421
"XBmRNA36975|XBXL10_1g19981",0.996285709557907,0.995062000826713,1.03469243778651,0.997045504635266,0.90029203453136,0.96709235689312,0.992110414708025,0.99676036912466,1.12065917193644
"XBmRNA36984|XBXL10_1g19988",1.01583664298021,0.975543961918936,1.0155665560742,1.01489458855631,0.946037946587381,0.991160521594898,0.984645590142313,0.983674687477744,1.072639504668
"XBmRNA36991|XBXL10_1g19992",0.921811562653268,0.922411121591932,0.968952609135206,0.984913014464428,0.852423749598629,1.00004686937527,1.00687822239907,1.08760821668614,1.25495463409606
"XBmRNA36996|XBXL10_1g19995",1.01158637491069,1.02160813586203,1.06993052417671,1.02225794948049,0.970810283122436,0.986063405578565,0.936490654298404,0.980967173804685,1.00028549876598
"XBmRNA37210|XBXL10_1g20088",0.992381310317596,1.01096629784567,1.01853994903429,1.00802135707825,0.957660402275474,1.03760829421412,0.95171941074097,0.959273556565659,1.06382942192796
"XBmRNA37344|XBXL10_1g20138",0.944163115065066,0.970257753605879,1.11384502030304,1.01279343560052,0.930245840765761,1.06480937580395,0.951057051937109,0.922000654704812,1.09082775221386
"XBmRNA37404|XBXL10_1g20157",1.01986776198701,1.00835319385301,0.992553244745802,1.01018674582297,0.996430549734996,0.977300961438078,0.989928555262974,0.997181665868847,1.00819732128631
"XBmRNA37785|XBXL10_1g20542",1.01884381168724,0.992192753140109,1.02482402805996,1.01316688134165,0.963849781234917,0.986108109688807,0.975869609775231,0.98023912179501,1.04490590327707
"XBmRNA37835|XBXL10_1g20569",0.987654708687123,0.959343478061269,1.04863848175091,0.947276947320375,0.92699556102706,0.949586636010928,1.08651397374686,0.977382052148925,1.11660816124655
"XBmRNA37846|XBXL10_1g20580",1.04195543951516,1.02006647972623,1.01777244891153,1.02229551055426,0.970704450341784,1.00069530958071,0.967147870846143,0.939610633661967,1.01975185686223
"XBmRNA37892|XBXL10_1g20609",1.04805459532073,1.02012698127089,1.04517111670632,1.03428917070356,0.995260449835808,0.971940279510751,0.96209958651542,0.940168475711768,0.982889344424759
"XBmRNA37897|XBXL10_1g20612",1.04111447613117,0.988449515470658,1.00120526407936,0.99965267211473,1.00305233808728,1.02971526207545,0.99210479411188,0.966702705202701,0.978002972726777
"XBmRNA37982|XBXL10_1g20630",1.03570665452501,1.00403342612329,1.10450958759447,1.02083295945609,0.864193023285907,1.02977236928715,0.939625839551025,0.932549445993234,1.06877669418382
"XBmRNA37983|XBXL10_1g20631",0.994881264232091,0.984558187725012,1.02130750087748,1.03032582450314,0.986456198815249,1.04633856424152,1.00314360879104,0.959690819468438,0.973298031346023
"XBmRNA38117|XBXL10_1g20713",1.03122971918129,1.00971991712645,0.993232214233994,1.08494738335237,0.957314294261098,0.967105900876145,0.972937852390739,0.942720442994979,1.04079227558293
"XBmRNA38129|XBXL10_1g20722",1.06575801892819,0.936454193754573,1.11093320154051,1.04322680878486,1.03647633822828,1.03609730231113,1.02066854076953,0.907503484834584,0.842882110848335
"XBmRNA38234|XBXL10_1g20766",1.02951261114324,1.03875277122984,1.04558018945362,0.954909903641441,0.846964624233836,0.921258764885443,0.977115528486227,1.08001497564487,1.10589063128148
"XBmRNA38244|XBXL10_1g20770",1.02199512128143,0.972263959871798,1.03807568247107,0.998448695651399,0.94369245084685,0.997396277441208,0.9868265699314,0.975808699377382,1.06549254312746
"XBmRNA38261|XBXL10_1g20777",1.06861278632031,0.993320236026649,1.05684177064938,0.994198671948428,0.928691704068107,0.968988143926089,0.96127978374582,0.976469935651806,1.05159696766341
"XBmRNA38266|XBXL10_1g20781",0.993095835685064,0.978452888769717,0.984678828314416,1.01530792982334,0.96751227789698,0.958232832436973,1.01252082606036,1.03678058613835,1.0534179948748
"XBmRNA38344|XBXL10_1g20807",1.07940722525962,1.09624569710529,1.12093387293529,1.05150089294658,1.03777809704926,1.01950212396253,0.887111646867369,0.859468672152152,0.848051771721916
"XBmRNA38386|XBXL10_1g20833",0.947529953309873,1.02843213329113,1.04529961852855,0.971520845655132,0.935589934014693,0.970323881082721,0.996015143579904,0.96582138570425,1.13946710483374
"XBmRNA38453|XBXL10_1g20869",0.975829623198218,0.972156383120501,1.05742644019517,1.05152090439969,0.945978552705404,0.939496989557525,0.987731210452272,1.00692655812926,1.06293333824195
"XBmRNA38468|XBXL10_1g20876",1.03461429727233,1.06285454298397,1.10342172313805,1.05598134398204,0.941991418321943,0.970947120218375,0.917825442224424,0.931689517023025,0.980674594835843
"XBmRNA3853|XBXL10_1g2107",1.05338731685428,0.96396374714589,1.02987312992591,1.02554690347978,0.988610039667355,0.977347964915341,0.973454113563494,0.972269476999759,1.01554730744819
"XBmRNA38757|XBXL10_1g20953",1.03474795506954,1.05751444214033,1.05871307233746,1.02413591592203,0.910322040149066,0.9455549717001,0.932906887092019,0.997339615146375,1.03876510044309
"XBmRNA3889|XBXL10_1g2125",1.16058565773558,1.16020098706245,1.19935608437403,1.16627940471623,1.0504453321055,1.04386179516119,0.864317225070965,0.678706026531737,0.676247487242304
"XBmRNA38969|XBXL10_1g21050",0.937359795852632,1.06148077030212,0.976018141837929,0.937351449631501,0.925676089404876,0.88750784798038,1.06281268057287,1.0164188393204,1.19537438509729
"XBmRNA38970|XBXL10_1g21051",1.01364547266024,0.950335626961822,1.0559947886427,0.975684792945579,0.898622835554602,0.952685951533299,0.957024252782578,1.01194420048792,1.18406207843125
"XBmRNA38995|XBXL10_1g21068",1.04870451456825,0.989401581277946,1.00118210667783,1.02121124566566,1.01962346403866,0.989955976745945,0.947369596425542,0.96081396450067,1.02173755009951
"XBmRNA39046|XBXL10_1g21091",1.00423763310628,1.00331691506263,1.01276004609439,0.960363612910269,0.887993642419032,1.0291121875251,0.894211168297,0.979544063479547,1.22846073110574
"XBmRNA39075|XBXL10_1g21099",1.00207677797796,1.0159360431103,1.08975964138956,1.01912926075285,0.964508805395187,0.992413770068055,0.953537327181832,0.946714560743637,1.01592381338062
"XBmRNA39098|XBXL10_1g21108",1.01211757684268,0.985639448945532,1.03629719419376,1.04169342158901,0.97632819684537,0.954397856825555,0.957092597566198,0.933422987906545,1.10301071928534
"XBmRNA3913|XBXL10_1g2136",0.491039250404874,0.487347579197473,0.543807345008659,0.544011835456061,0.610992044292186,0.724503964239168,1.5272566721117,1.63167552859294,2.43936578069694
"XBmRNA39334|XBXL10_1g21254",0.984847099261062,0.981127245076524,1.08045130829426,1.00380609875354,0.947899434118514,0.981947964386937,0.950816734700594,0.96729723728319,1.10180687812538
"XBmRNA39587|XBXL10_1g21389",1.04132113941433,0.99784035896694,1.06298812001788,0.991021406764099,0.976993358065673,1.01902015109728,0.936245851375254,0.948002389288218,1.02656722501032
"XBmRNA3968|XBXL10_1g2159",1.1256928451789,1.10492810576092,1.11885956062256,1.10869655373794,1.01369390284538,0.992504097592778,0.889531994121186,0.840087027442905,0.806005912697431
"XBmRNA39714|XBXL10_1g21455",1.04864281136156,0.994461532960309,1.01908958667478,1.01163988970296,0.970662080625432,0.984408290576245,1.00794409587477,0.942818403063369,1.02033330916058
"XBmRNA39790|XBXL10_1g21491",1.03295093731329,1.00808738650374,1.0642374206231,1.00452490673797,0.933003861129898,0.953796464086187,1.01046365778729,0.924196718897425,1.0687386469211
"XBmRNA39801|XBXL10_1g21498",1.04777756993609,1.04172683571515,1.00850080435302,1.01435331841196,1.00766205440169,0.988078742593475,0.99798696996566,0.949153825324674,0.944759879298283
"XBmRNA39802|XBXL10_1g21499",1.03968671126255,0.988156873882364,1.02108862538803,1.00487675402896,0.990423975591843,1.03050357303046,0.974022975794424,0.950746577259204,1.00049393376217
"XBmRNA40015|XBXL10_1g21580",1.01131218947921,0.998904159250197,1.05484676671137,0.997290313969443,0.967555104693476,0.996522314345208,0.94503052301844,0.96318250713987,1.06535612139279
"XBmRNA40105|XBXL10_1g21614",1.05871425290054,0.999373659455997,1.03221786214241,1.01824556942904,1.01593953460171,1.00866683420237,0.954687725225767,0.958836174759163,0.953318387283003
"XBmRNA40108|XBXL10_1g21616",1.0654405421544,0.933144661363004,0.996201080238331,0.983058225224387,0.988097559659451,0.960874656371367,0.970404536719393,0.983038976372102,1.11973976189757
"XBmRNA40184|XBXL10_1g21674",0.993391245418476,0.94357240743428,1.07313824112932,1.0574149496449,0.956249252559769,0.995078761290513,0.909716543793342,0.952383649883039,1.11905494884636
"XBmRNA40277|XBXL10_1g21719",1.041993444131,1.02335201783233,1.04778679952856,1.01259647368901,0.986629102415509,0.988998027916798,0.938150861103648,0.960662924706408,0.99983034867673
"XBmRNA40282|XBXL10_1g21722",0.977511927651253,0.955432220287305,1.11091358571791,0.993911878321658,0.96095456070062,0.956703107431882,0.97637141701638,0.965805579912406,1.10239572296059
"XBmRNA40286|XBXL10_1g21723",0.789859408864051,0.694217520968955,0.891825307925197,0.787303484471665,0.854713302624952,0.85493443063376,1.16489068927885,1.29251781032728,1.66973804490529
"XBmRNA40319|XBXL10_1g21742",1.04038607281057,1.06466156619111,1.03831753231721,1.0619098553478,1.05151141059823,1.00978141024782,0.822502502536998,0.903622597656961,1.0073070522933
"XBmRNA40487|XBXL10_1g21820",1.03688419853815,0.957050708277104,0.941046643170599,1.01769421134508,0.997351390584866,1.01844793703856,1.00197098179506,0.975067066930466,1.05448686232012
"XBmRNA40516|XBXL10_1g21833",1.07616368790065,0.93487206450821,0.921509111922367,0.989887977603663,0.943611054527162,1.07498677477501,0.90629740713871,1.07546115176029,1.07721076986394
"XBmRNA40540|XBXL10_1g21843",1.03704248513108,0.99672333026462,1.012841559102,1.00804169704725,1.02584277103348,1.00959197018353,0.945772296254605,0.966504212006357,0.997639678977078
"XBmRNA40758|XBXL10_1g21938",1.04680227532205,0.996307315385028,1.02434198854328,0.986411494353178,0.957865890656012,1.00332705128601,0.982588360542925,0.978408745066485,1.02394687884503
"XBmRNA40764|XBXL10_1g21943",0.998116038293061,1.01451911665404,1.00798955079642,0.996052316803985,0.958001082134277,0.963394430452836,0.955442675779197,1.02327693644074,1.08320785264544
"XBmRNA40796|XBXL10_1g21960",1.08068761709301,1.02069974786586,1.00372985846223,1.02404304320556,0.959838252365425,1.00796796023679,0.962680474041046,0.948801436372978,0.991551610357099
"XBmRNA40867|XBXL10_1g21994",1.0216709370767,1.01314741384375,0.95541354160483,1.01598743082752,0.969060134703456,1.00448379473602,1.07068333158037,0.953760664900901,0.995792750726457
"XBmRNA40872|XBXL10_1g21995",1.02374636993483,1.00882345650715,1.06829825224228,0.998314031187495,0.960631565638834,0.989589520261817,0.970572039340761,0.961997653011919,1.01802711187491
"XBmRNA40938|XBXL10_1g22026",1.02093171053465,1.08184339418485,1.06675033766089,1.03522340787688,0.932086446986816,0.969355638713419,1.00004498727253,0.92993212967355,0.963831947096419
"XBmRNA40974|XBXL10_1g22041",0.977943020695483,1.00825535620232,1.0421583693731,1.01587688101021,0.940495940533658,1.00438018060179,0.978867507288626,0.929275690202458,1.10274705409236
"XBmRNA41036|XBXL10_1g22074",0.962431460262446,1.03381038577028,0.863271432500224,1.04845814608625,0.974102103978386,1.00417746611007,1.0455471736704,0.979635402000097,1.08856642962185
"XBmRNA41138|XBXL10_1g22127",0.99073468401293,0.982361484959699,0.92465093054619,0.994218005344302,0.904386083397507,0.949221904883575,1.02334634000469,1.11000130942699,1.12107925742412
"XBmRNA41194|XBXL10_1g22155",0.962825823113809,1.03485284614179,1.01294270940798,0.982897558173554,0.906203880951451,0.992220066229126,1.05312556006293,0.998521453746091,1.05641010217327
"XBmRNA41239|XBXL10_1g22178",1.34898627665561,1.32726346177904,1.34185267896933,1.14782000060557,0.884205079990106,0.858973820748516,0.760269230544035,0.681282925347088,0.649346525360709
"XBmRNA41257|XBXL10_1g22193",1.02231981516691,0.966931372982524,1.05715422994597,0.993352912818886,0.975585174031232,0.998845027036388,0.969990711479321,0.934009370793978,1.0818113857448
"XBmRNA4130|XBXL10_1g2235",1.01997848632572,0.963756298028746,1.01064888636625,1.05942588450047,0.962157729795668,1.03787381258778,0.927528368843331,0.934947145072608,1.08368338847943
"XBmRNA41314|XBXL10_1g22227",1.03744954322774,0.870379158357934,0.904566745476982,0.932956543389387,1.01557919262924,1.0669891866207,1.01702711374506,1.0664787870982,1.08857372945476
"XBmRNA4134|XBXL10_1g2239",0.968731721471612,0.977678619750221,1.10008862553589,1.02310814224556,0.930636598056704,0.990301691355849,0.988822108417522,0.969170229246697,1.05146226391995
"XBmRNA41380|XBXL10_1g22259",1.00426632611769,1.0001109659586,1.016141039505,0.996088544987668,0.957594829007904,1.00945490835815,0.998303172945748,0.973899189542768,1.04414102357648
"XBmRNA41381|XBXL10_1g22261",1.03312344912398,0.984565245356375,1.02963917069457,1.0117564569427,0.975081655892261,0.994610209169865,0.97213587469248,0.967323936886226,1.03176400124154
"XBmRNA41422|XBXL10_1g22285",1.03272493131186,0.999624793691097,1.01999731240718,0.991427875715492,0.951280384198036,0.992227628867444,0.958869082743342,0.97113139559857,1.08271659546699
"XBmRNA41530|XBXL10_1g22336",1.04496858179262,1.04390404419743,1.07981725694033,1.00252967730778,0.970478608367296,0.980581263736213,0.981531128345518,0.933210911591939,0.962978527720867
"XBmRNA41720|XBXL10_1g22418",1.02029537619262,0.987010389804024,1.04571076711869,1.03154265853157,0.978019962404921,0.995424429093253,0.945849781268177,0.960968155793224,1.03517847979352
"XBmRNA41812|XBXL10_1g22455",1.0202993140964,0.985522629081552,1.01251862206821,1.03300311716705,0.964715805352673,1.0007600083702,0.962666198930915,0.980158749656809,1.04035555527619
"XBmRNA42071|XBXL10_1g22574",1.01577362438199,1.01626385431603,1.06999174577479,0.949565235512557,0.917054482803039,0.954385866766974,1.01114216779978,0.943933459731138,1.12188956291369
"XBmRNA42208|XBXL10_1g22641",1.02090754077333,0.989458518963525,1.0385567973019,0.995933105087966,0.948283813055432,0.993760654587882,0.96374271536933,0.978920459929187,1.07043639493145
"XBmRNA42210|XBXL10_1g22642",0.985336659604217,0.999382610961393,1.06284078496929,1.02127747229289,0.978934684473097,1.01285492399083,0.906032714832268,0.983013922924857,1.05032622595115
"XBmRNA42404|XBXL10_1g22751",1.00905035007501,0.97050373210043,1.11383260860254,1.0129823507031,0.968272494132594,0.973921283881708,0.899645198867422,0.988170456969107,1.06362152466809
"XBmRNA42469|XBXL10_1g22793",0.233983002367271,0.258026908273426,0.295852726692719,0.347203395824452,0.878327149385482,1.22208713212085,1.7582790156745,1.74319951108503,2.26304115857626
"XBmRNA42481|XBXL10_1g22805",1.03576877159214,0.970498081715254,1.00929405923865,0.970087005300624,0.905252645383047,0.979450817560739,1.00919280831235,1.00100950264776,1.11944630824944
"XBmRNA42491|XBXL10_1g22810",1.00779285154383,1.0299172379315,1.03513436429416,0.966702591224994,0.923203892170271,1.01683381565887,1.02194611367981,0.928935740348029,1.06953339314853
"XBmRNA42534|XBXL10_1g22827",0.99170503379258,0.988947565713373,1.1006747535847,0.957827763777435,0.952182762834316,0.991764580167546,0.940072758556036,1.01483327197384,1.06199150960017
"XBmRNA42640|XBXL10_1g22887",1.03696064723088,0.995610060500542,0.986799475188666,1.02184145425581,1.00544530664161,1.00303202972574,0.984667244632897,0.980352408927109,0.985291372896748
"XBmRNA42667|XBXL10_1g22895",1.0097364272844,1.00564615054184,1.01298078454555,1.01843202009766,0.984767030905916,0.977562203484737,0.988154501218348,0.97164956461966,1.03107131730189
"XBmRNA4266|XBXL10_1g2441",0.961495719295291,0.91587569865856,0.983488679948725,0.947619976910747,0.91610543674991,0.971171302096288,1.01166682661797,1.04392874301349,1.24864761670902
"XBmRNA426|XBXL10_1g410",0.919954396119255,0.998615266727447,1.10702688290259,0.949720886461365,0.931574394581363,0.938100530808324,0.979272109114448,1.08843469643992,1.08730083684528
"XBmRNA42991|XBXL10_1g23064",1.03299698679116,1.00061870532869,1.01092048641627,1.01013091054836,1.00304330317897,1.01814579294753,0.957148263866147,0.969578755290383,0.997416795632487
"XBmRNA42993|XBXL10_1g23066",1.00927859345067,1.01884984283868,1.06554762697093,0.976784221047065,0.832392145890202,0.958261303741363,1.02151046636945,0.931873078616718,1.18550272107493
"XBmRNA42996|XBXL10_1g23068",1.05454955094749,0.978475434405023,0.975401311973303,1.03563881803457,1.00630032130082,0.990209685025298,1.02530328278734,0.963375688299649,0.970745907226502
"XBmRNA43006|XBXL10_1g23075",0.210075468378965,0.286207735732669,0.305404328716938,0.356190194214258,0.435262995168721,0.768790687894073,1.88133035450992,2.05815383916752,2.69858439621693
"XBmRNA43013|XBXL10_1g23078",1.02633403127207,0.992178824872801,1.0585465575694,1.02176609118527,0.919181104523632,0.9763416271708,0.942553602941924,0.96266733511917,1.10043082534493
"XBmRNA43167|XBXL10_1g23176",1.00368768644031,0.992380590166948,1.04921696865578,1.00605510575179,0.95815128616629,0.973486782377602,0.952496406118054,0.997236869366752,1.06728830495647
"XBmRNA43209|XBXL10_1g23195",1.06762776903522,1.01613704435404,1.04792376476102,1.03095552886924,0.93736408302911,0.994949158664586,0.929481267750415,0.96898527652644,1.00657610700993
"XBmRNA43388|XBXL10_1g23278",0.992033157011101,0.976571731215162,1.05033196398471,0.995184441875575,0.945631734872848,0.968089453679765,1.00312776026502,0.983715829461033,1.08531392763479
"XBmRNA437|XBXL10_1g420",1.0356955565314,0.992175005353873,1.02613046414366,1.02073153485678,0.991591093960657,1.00843409387018,0.953846887170242,0.958457795127063,1.01293756898613
"XBmRNA43807|XBXL10_1g23468",0.860005654666323,0.845396189580298,0.888640323740878,0.929185301995545,0.897107315375196,0.960017459629947,1.02185789751635,1.0960566189673,1.50173323852816
"XBmRNA441|XBXL10_1g422",1.01647834772013,1.01528999979952,1.06644545775369,1.02078240557347,0.983032590757845,0.993691867027666,0.943917111720094,0.954209185287425,1.00615303436016
"XBmRNA4423|XBXL10_1g2534",1.03230147323035,0.987966772205762,0.998357750982362,1.06766926710176,0.95685831379661,1.02244816846518,0.941034989738729,0.926368134033982,1.06699513044525
"XBmRNA4440|XBXL10_1g2543",0.99603395327231,0.994465977134198,1.08186186757541,0.985948736577199,0.916300780768572,1.03945686257477,1.02485104928741,0.987320926786536,0.973759846023596
"XBmRNA44430|XBXL10_1g23784",1.01891150903294,1.02691283725354,1.01501024623148,1.01569648308499,0.96125915037377,0.97422001283696,0.965527667813316,0.974735970067882,1.04772612330513
"XBmRNA44521|XBXL10_1g23829",0.634863682198428,0.670906491783895,0.681250702099373,0.636058596759966,0.648130678874171,0.745404630394942,1.246791026056,1.47417764951807,2.26241654231515
"XBmRNA44822|XBXL10_1g23964",0.966957940059357,1.02549646631902,1.01463324158791,0.96821615841072,0.977826693825588,1.05227469323478,0.970543646019242,0.938751853321282,1.08529930722209
"XBmRNA44999|XBXL10_1g24064",0.98067515880906,1.02928633530547,1.0475398892104,0.949176880006615,0.946876577894989,0.983683311011075,1.00009972617241,0.994825636314601,1.06783648527538
"XBmRNA45143|XBXL10_1g24132",0.964263962065362,0.97280161964968,1.02323353420453,0.984711456018896,0.953643317975676,1.03531351284002,0.975972772798488,0.987654263965281,1.10240556048206
"XBmRNA45171|XBXL10_1g24150",1.16943871535932,1.00820637392013,1.0721373039151,0.977126172972398,0.968085712272575,1.08490216980454,0.871406257117927,0.928492875512886,0.920204419125119
"XBmRNA45401|XBXL10_1g24246",0.965211384600578,1.060252439804,1.06187239643521,0.996838031733269,0.957488205877673,1.01119429261545,0.881521700463983,0.971986405031529,1.0936351434383
"XBmRNA45533|XBXL10_1g24326",0.973969968128343,1.00055609310479,1.08864503237709,1.06453368832105,0.956262173256589,0.951802927621278,0.987364735108748,0.940713404933877,1.03615197714823
"XBmRNA45648|XBXL10_1g24380",0.960176542848642,0.924497601899792,0.980562096196849,0.950771205379309,0.934852570934285,0.955352854707378,1.01211306363279,1.05844882520705,1.22322523919391
"XBmRNA4564|XBXL10_1g2611",1.04142684635902,1.00476957264524,1.007306007986,1.00789850220843,0.994155861562304,0.979614788191647,0.967512061937753,0.99531221797207,1.00200414113754
"XBmRNA45655|XBXL10_1g24386",0.919957948381439,0.964711559728419,0.988459439338612,0.963547558196337,0.993133569879328,1.09101418479994,1.11525430563339,0.99018910374236,0.973732330300184
"XBmRNA45662|XBXL10_1g24391",0.968983354548563,0.985960923155782,1.04130386093442,1.01190513944142,0.913562902795897,1.01505818853213,0.950893804834514,0.978233069292656,1.13409875646462
"XBmRNA45719|XBXL10_1g24430",1.06811507253359,1.04289591879097,1.07609213100873,0.962428891357672,1.00731764201864,1.01010315250445,0.921620844721013,0.995652062152045,0.915774284912896
"XBmRNA45831|XBXL10_1g24501",0.860107640744821,0.934910945124443,1.0279510379822,0.830833580710687,0.868714039866028,0.901062137484165,0.985545435667508,1.1580493296219,1.43282585279825
"XBmRNA4583|XBXL10_1g2623",1.07177726420647,0.978098118570435,1.0570412427617,1.03961633334153,0.939784858463522,0.956773003659766,1.00349812503426,0.979147087604956,0.974263966357357
"XBmRNA46002|XBXL10_1g24613",1.07330478161852,0.968211806725836,1.04591395438161,1.02206670686005,0.970292179141155,0.958820194303887,0.992087290830398,0.979642694383369,0.989660391755174
"XBmRNA46003|XBXL10_1g24614",1.02218137012191,1.01460621672863,1.02746902840901,0.984566708513129,1.00397856363039,1.05663967122421,0.973497058453188,0.944441521081181,0.972619861838347
"XBmRNA4604|XBXL10_1g2637",1.05279353676414,1.00782070651975,1.0389921225719,0.991226246921381,0.943898846516065,0.919140620325961,0.970246097957908,0.994914100438529,1.08096772198436
"XBmRNA46174|XBXL10_1g24734",1.11250639354878,1.03663149891948,1.13333585963703,0.904514336892258,0.965287766446037,0.924195618813617,0.939468642692071,0.926800232197911,1.05725965085281
"XBmRNA46194|XBXL10_1g24744",0.994182036345433,0.99643521809618,0.927229171327309,0.932219254029728,0.947243086245967,0.965038810745642,1.04775350250524,1.01107712053813,1.17882180016637
"XBmRNA46273|XBXL10_1g24794",1.02382606307296,1.00106124402482,1.03613187126096,1.01512351506581,0.976419214869979,0.997127929549703,0.957429749059946,0.967268922618731,1.02561149047709
"XBmRNA46291|XBXL10_1g24800",0.948872543453029,1.02971467753048,1.04895001878344,1.02540373080629,1.01569676229178,1.01410957854401,0.980083780028152,0.97287932392149,0.964289584641325
"XBmRNA46308|XBXL10_1g24809",1.03434538866451,0.972342911786949,1.01805846234775,0.967068012981315,0.993729855065137,0.969498188479009,0.941620684353623,0.985727003864608,1.1176094924571
"XBmRNA46352|XBXL10_1g24836",0.986013158625208,0.952474363412272,0.965283541233194,0.969108154852268,0.946914512766737,0.955166287614713,1.04404418196626,1.01182405139962,1.16917174812973
"XBmRNA46655|XBXL10_1g25004",1.00520271138263,0.974637483165997,1.11461553645962,1.02734084711578,1.00847645644177,1.01325148118239,0.983515954803052,0.935833004123378,0.937126525325379
"XBmRNA46783|XBXL10_1g25057",0.863675555983249,0.789064461343338,0.826448826703731,0.813618015061816,0.909629427569944,0.956958722239148,1.15629342738905,1.2115497376105,1.47276182609922
"XBmRNA46875|XBXL10_1g25105",1.0575811611793,0.976849587956353,1.1197659798743,1.01391082591306,0.933259891260114,0.991490887781692,0.930587839895177,0.959518760465295,1.01703506567471
"XBmRNA4693|XBXL10_1g2673",1.07666412392206,0.984424881354121,1.02221634014539,0.987097833366798,1.00664214388624,1.00953898219696,0.999911571819839,0.956002394084321,0.957501729224262
"XBmRNA4695|XBXL10_1g2675",1.05160535567258,1.0054157216084,0.994830249208985,1.04095562298828,0.997650046466832,1.00127746028066,0.969766713544412,0.948948256074489,0.98955057415536
"XBmRNA47040|XBXL10_1g25198",1.00096787370984,0.999710410047523,1.00301492394539,1.04994096472398,1.01946272541462,0.991429820923645,0.990145524677549,0.980599814547112,0.964727942010345
"XBmRNA47201|XBXL10_1g25291",0.980287190949125,1.01719925824856,1.00346544752105,1.00853302839103,0.961583583517337,1.02123369440271,0.982252676805205,1.01121053334397,1.01423458682102
"XBmRNA47382|XBXL10_1g25372",0.992099643425151,1.00632640105826,1.03769565837086,1.03603223031083,0.964361314198929,0.992476901619163,0.964164175939105,0.990049505763689,1.01679416931402
"XBmRNA47460|XBXL10_1g25412",0.849130879381755,0.816736180496417,0.922027390559981,0.972350248779155,0.871696963737167,0.978501753256677,1.21385632953077,1.05394286627535,1.32175738798273
"XBmRNA47560|XBXL10_1g25471",1.0437571753291,0.980720405014966,1.05405708303179,0.997394245602473,0.963311072029981,1.01449133633511,0.971525554653497,0.929759946589746,1.04498318141334
"XBmRNA47620|XBXL10_1g25516",0.986108183029357,0.972227661057351,1.03487496602914,1.02143976247804,0.972388247378323,1.02775949771338,0.941838917191716,0.981826323382742,1.06153644173995
"XBmRNA4775|XBXL10_1g2717",0.940727193784202,1.0077398529064,1.00473972912837,1.00399585913613,0.989405502452338,0.974200248858954,0.960250165053001,1.03414035099606,1.08480109768454
"XBmRNA47815|XBXL10_1g25604",1.00917561693879,0.920283355517875,1.08520158067569,0.994816603871047,1.00176686657148,1.0174927242554,0.953052151751581,0.954568849417838,1.0636422510003
"XBmRNA47986|XBXL10_1g25672",0.930564762265117,0.956620912675163,0.960236200316864,0.942794713919631,0.910377601611477,0.924459867984214,1.00633903999675,1.09800084832941,1.27060605290137
"XBmRNA48030|XBXL10_1g25700",0.982366032643012,0.978236597686146,1.01586346372638,0.995399902309473,0.9626858654857,1.00061971613474,0.996400494595967,0.963739747735751,1.10468817968283
"XBmRNA48037|XBXL10_1g25706",0.675718687427142,0.644851272527386,0.687989850664456,0.696225765104703,0.691244472217021,0.780679811759444,1.2252030234861,1.40567223020742,2.19241488660632
"XBmRNA48235|XBXL10_1g25798",1.02068817279543,0.959641186661654,1.1070714677355,1.03246786465303,0.997016204438121,0.933498368193691,0.855321761847007,1.02219838253524,1.07209659114032
"XBmRNA4828|XBXL10_1g2743",1.011283973553,0.976394638325989,1.06063492319114,0.983022542754179,0.967376724114039,0.988080693640805,0.976926059219418,0.963518727995489,1.07276171720594
"XBmRNA48357|XBXL10_1g25841",0.975218773351585,0.982909700072022,1.1323592655914,0.984063195330552,0.9259772843372,0.96504960922078,0.97732011687896,0.957458719276385,1.09964333594111
"XBmRNA48521|XBXL10_1g25940",0.995533916059598,0.99063189540013,1.06796708011938,0.990595496676012,0.914340847826613,0.989222658847038,0.96114451063757,1.01534803155918,1.07521556287448
"XBmRNA48584|XBXL10_1g25972",1.01042495374875,0.954157267983127,1.03368171121205,1.01323845837209,0.958188156354561,1.01052496084745,0.979601010638528,0.984485893771661,1.05569758707179
"XBmRNA48679|XBXL10_1g26014",0.968858869340343,0.875510568597283,0.955974331630073,0.856474241494465,0.790035494822575,0.947045882502566,0.983829356511809,1.16345937478128,1.4588118803196
"XBmRNA48824|XBXL10_1g26086",0.899100329587676,0.941019742381829,0.999969089828539,1.00402726391252,0.962187038128619,0.999551859169341,1.00155428427551,0.97814730464499,1.21444308807098
"XBmRNA48832|XBXL10_1g26093",1.66491292596874,1.57327141548264,1.76250243221686,1.09136173984905,0.774634263745345,0.736874115820198,0.659243826561638,0.44501587501116,0.292183405344374
"XBmRNA48883|XBXL10_1g26137",0.996995275364274,0.960255316602572,1.04710262821718,1.00429798629598,0.941825646490022,0.879160880188387,1.0275923896248,1.03254834581067,1.11022153140611
"XBmRNA48954|XBXL10_1g26169",0.956619623657663,0.938567142104846,0.98976839599252,0.991926187263728,0.958769997898428,0.958117783585745,0.966362370332018,0.984270516851392,1.25559798231366
"XBmRNA48971|XBXL10_1g26178",0.986520071604677,0.989214355352689,1.0179966130911,0.992221013599733,0.952849073506172,0.954754634269037,0.963420740762076,0.993342137140307,1.14968136067421
"XBmRNA49204|XBXL10_1g26326",0.981898494297833,1.06856361280958,1.05538539563601,0.999743881682653,0.920362714323674,1.01977566514395,0.988525757041546,0.938256468929385,1.02748801013537
"XBmRNA49207|XBXL10_1g26329",1.01652629657786,1.02704277458611,1.04690701485871,1.0057398080888,0.983176595906863,0.996025511915817,0.956913066660288,0.964180546579066,1.00348838482648
"XBmRNA49208|XBXL10_1g26330",1.04223456583256,0.994052702167056,1.04164894835397,1.03236999175406,0.988855598596841,0.993067898517401,0.951200060515536,0.944400537095757,1.01216969716682
"XBmRNA49339|XBXL10_1g26423",0.877976999882229,0.918624456564348,0.967493990775888,0.927779923362422,0.789360476223296,0.969876214688536,1.14282074957251,1.03255136337773,1.37351582555303
"XBmRNA49356|XBXL10_1g26433",1.04214478080644,1.07226381994584,0.928197099205159,0.97038290399252,0.911725842635035,1.00746910381133,1.10981978135757,1.00780252591933,0.950194142326787
"XBmRNA49999|XBXL10_1g26744",1.00881933948243,1.01684946237904,1.05074989252589,1.0299588793134,0.955381302416721,0.969565296952133,0.951537239817923,0.967078222910204,1.05006036420225
"XBmRNA50011|XBXL10_1g26752",1.027550049152,1.00968136737477,1.07851447167683,1.02367201871928,0.940461807725534,0.951641809154005,0.956496270216617,0.966496058992468,1.0454861469885
"XBmRNA50055|XBXL10_1g26781",1.03540218292332,1.00190352494144,1.05573776066258,1.00946621521837,0.900553375294509,0.981113877932385,0.921096555952636,0.988242710204056,1.1064837968707
"XBmRNA50137|XBXL10_1g26817",1.0139576829665,1.0125533364361,1.06760422315019,1.00049790824544,0.956378177087061,0.950710564258879,0.922035076638667,0.949459233977703,1.12680379723946
"XBmRNA50159|XBXL10_1g26825",0.980254092413292,1.01691746974427,1.05226336956188,1.01663352108871,0.943418663404391,0.970981834864516,0.98482832705762,0.960570277188794,1.07413244467653
"XBmRNA50490|XBXL10_1g26957",0.981919272150981,1.02933899785843,0.996298282995741,1.03477827133134,1.014916016993,1.0257858681181,0.95053539592549,0.969500501828458,0.996927392798461
"XBmRNA50500|XBXL10_1g26960",0.993736046486686,1.01270403943266,1.06006710844562,0.997538641398191,0.991554201031733,0.985649470837737,0.955412999599392,0.976994859163461,1.02634263360451
"XBmRNA50670|XBXL10_1g27048",0.886064142963894,0.879929873436286,0.93233751973561,0.897270110465052,0.863672800260434,0.915828236556456,1.05704398549317,1.15952132479924,1.40833200628986
"XBmRNA50755|XBXL10_1g27102",0.995534566908652,0.985739692470414,1.05181776643312,1.04250250674996,0.955229723121366,1.03793012778501,0.954627908420478,0.948763976544531,1.02785373156646
"XBmRNA50763|XBXL10_1g27108",0.980766738331623,0.961395676671772,1.04408274708783,0.969220160008805,0.95923503655141,0.980256088110098,1.02853774994791,1.05051019415017,1.02599560914038
"XBmRNA50821|XBXL10_1g27143",0.962425062458725,0.969962633936148,1.03051873590295,1.03587575415522,0.948507553084391,0.940576045986776,0.989060452369029,1.01077083963068,1.11230292247607
"XBmRNA50990|XBXL10_1g27238",0.95950769665698,0.968552214040657,1.00822012084623,1.06121249102423,0.965055180000599,1.07372982086826,0.971368772377039,0.954089883337346,1.03826382084866
"XBmRNA5107|XBXL10_1g2863",1.02924144146331,1.02003854384404,1.02688725234733,0.997022324814281,0.972194782967556,1.01172690262033,0.969521829735122,0.972098552821859,1.00126836938616
"XBmRNA5108|XBXL10_1g2864",1.01150373794802,0.987992401485586,1.0626693893303,1.01642947859522,0.914150793930921,0.969420258144532,1.06564676823085,0.960485078927057,1.01170209340751
"XBmRNA51197|XBXL10_1g27325",1.03564617725435,0.995841139867714,1.07973614356975,1.02281022415757,0.943239051157431,0.961234782976328,0.955090265385781,0.962813074322883,1.04358914130819
"XBmRNA5135|XBXL10_1g2876",1.07885368131828,1.00304134506087,1.03199842955617,1.03073228029298,0.985645960784681,0.996326198501264,0.948275177751073,0.90256299294209,1.02256393379259
"XBmRNA51376|XBXL10_1g27399",0.928034849430394,0.802032746992268,0.826396276027514,0.819388470094124,0.73794498942969,0.826246044990355,1.12823252073253,1.24205708071233,1.68966702159079
"XBmRNA51396|XBXL10_1g27407",1.04036148513574,1.02511606163104,1.07454041937417,1.01737689355808,0.954951076731227,0.960203009485796,0.961133438936964,0.949035590454171,1.01728202469281
"XBmRNA51403|XBXL10_1g27409",1.03508790711668,1.01139043676961,1.03240084378904,0.98777147967919,0.934649639516095,0.965332213509614,0.965897052879886,0.985193977472832,1.08227644926706
"XBmRNA51427|XBXL10_1g27417",1.0140423037087,0.969614217673051,1.06039674952009,1.00958000047799,0.991093279558165,1.02171840340044,0.947871611982521,0.942835688095352,1.04284774558369
"XBmRNA51531|XBXL10_1g27468",0.961171439228418,1.0500250740563,1.02603235398512,1.00475179460746,0.995291859180953,0.94495188362384,0.934627838785828,0.977090726756506,1.10605702977557
"XBmRNA51689|XBXL10_1g27552",0.961461524699668,0.986716568918006,1.10041566822005,1.09383127433578,0.842673599567057,1.02375953708057,0.993281070872814,0.936039631912241,1.06182112439381
"XBmRNA51698|XBXL10_1g27557",1.1158188269637,0.984628872146223,1.07652471392758,1.04274789949151,1.0410797997188,0.97841549509661,0.918388991194286,0.882246492569358,0.960148908891924
"XBmRNA51763|XBXL10_1g27584",0.960209127889774,1.01238497057642,1.02056986969701,1.04866254531633,0.97550621554282,0.907606346671124,0.918602919382631,1.02277098078663,1.13368702413726
"XBmRNA5180|XBXL10_1g2906",1.07915511821806,1.14773289865767,1.12281657067592,1.08692154877957,1.01686022903983,0.936527015312892,0.866161362880028,0.95136523492866,0.792460021507379
"XBmRNA51827|XBXL10_1g27616",1.16879462220819,1.06260290930442,1.0773727727611,1.02405208623086,1.06213496419668,0.889383001497971,0.844843781102016,0.845600787470977,1.02521507522779
"XBmRNA52066|XBXL10_1g27736",1.01852210088004,1.02491912276748,0.988294874762367,0.990522393534574,0.963464055043945,1.00522855131472,1.01572959920578,0.975399979258165,1.01791932323293
"XBmRNA52067|XBXL10_1g27737",0.99365863870141,1.03242860043653,1.12916839187714,1.03539201561633,0.9285879885021,1.01140713284262,0.929580985204898,0.936444350379991,1.00333189643898
"XBmRNA52129|XBXL10_1g27773",1.0127686155483,1.01218296450484,1.08466000698681,1.01994614970264,0.937834802118865,0.969438433928493,0.990593249981981,1.00560786965094,0.966967907577141
"XBmRNA52159|XBXL10_1g27788",0.994543186548508,0.981566540814118,1.06377686051383,1.02288028733085,0.973578718388577,0.974285157697712,0.985239646135539,0.931240899924519,1.07288870264635
"XBmRNA52278|XBXL10_1g27835",0.949847114638185,0.930913017421979,0.998382373566943,1.04670980171623,0.997605053864898,1.06681135697855,0.933920879116577,1.00514453906741,1.07066586362923
"XBmRNA52377|XBXL10_1g27900",1.08020206261228,1.07761872431431,1.06429824110351,1.07427231371686,0.98483305207226,0.996356949036041,0.932139508787888,0.853124651646561,0.937154496710288
"XBmRNA52420|XBXL10_1g27918",1.00349824529772,1.02363302991568,1.05883572222212,1.04241932794682,0.95996060663557,0.975136224530992,0.986203059001255,0.927708522811714,1.02260526163813
"XBmRNA52442|XBXL10_1g27935",0.994800305268957,1.0121919343933,1.07656388632292,1.02690062828525,0.945671557381124,1.02398673505634,0.952816097035588,0.943821386361049,1.02324746989547
"XBmRNA52456|XBXL10_1g27945",0.995773560430534,1.01618319638292,1.11446521698517,1.0577458394336,1.00025239294293,1.00833011801446,0.866863014624566,0.941339789810789,0.999046871375034
"XBmRNA5247|XBXL10_1g2934",0.312193288622632,0.314742865558202,0.427182948667911,0.452927443719668,0.672783998614116,0.877781929342524,1.52113545970945,1.65875894716977,2.76249311859573
"XBmRNA52494|XBXL10_1g27961",1.01439046938912,1.05975297910832,1.05068706244108,0.965308118465689,0.983716521305669,0.934444850162117,0.997145000103857,1.02806513107789,0.966489867946264
"XBmRNA5249|XBXL10_1g2936",1.04149890121959,1.02961921634049,1.01728791985942,0.994614709895736,0.9929245380919,1.03663618732777,0.95032313607667,0.912791050110103,1.02430434107832
"XBmRNA52518|XBXL10_1g27972",0.955004597024036,1.03676228683524,0.989952757871203,0.961664456120408,0.911527779896179,0.94688241233723,1.00529309062805,0.997794041075275,1.19511857821238
"XBmRNA52683|XBXL10_1g28051",1.04652964209843,1.00752053421804,1.01043589216107,0.991208005337548,0.987681997989342,1.00071708276119,0.977365032566577,0.947871684715138,1.03067012815266
"XBmRNA5276|XBXL10_1g2953",1.01397707117742,0.9539723171772,1.07044407373363,1.03493341426874,0.961528543044478,0.942615600005377,0.999449902938583,0.960653123225135,1.06242595442943
"XBmRNA52779|XBXL10_1g28104",1.06100605478637,0.976665591479991,0.985372756898014,0.965004301246617,0.964675204799215,0.998474460944497,0.988860329870312,0.988583407979259,1.07135789199572
"XBmRNA52839|XBXL10_1g28137",1.01069456048245,0.995992025531457,1.0622828287902,1.00885973829553,1.00301693738048,0.986195027858456,0.939896307799597,0.994689054836045,0.99837351902578
"XBmRNA52916|XBXL10_1g28180",1.05918396172492,0.985238966924557,1.04375708744525,1.0071254483217,0.959591900505773,1.00453857987776,0.980620335833812,0.952763533423171,1.00718018594306
"XBmRNA52932|XBXL10_1g28187",1.07771186994575,1.00180823786414,1.0509254317365,0.963061672616942,0.987619463495961,1.00711280288044,0.949807128595474,0.93603042620489,1.0259229666599
"XBmRNA52944|XBXL10_1g28195",0.857551139050179,0.83583021064948,1.08950785052087,0.899662494317532,0.764305853091768,0.858619129326723,1.1035934589958,1.24560825632106,1.34532160772659
"XBmRNA52972|XBXL10_1g28211",1.02550604047089,0.995058455406411,0.992959319657572,0.982934369884701,0.946868355862319,0.974072592578046,0.975802882612476,0.985920967513226,1.12087701601436
"XBmRNA52997|XBXL10_1g28222",1.03212196788261,0.986969105788487,1.01520808304748,0.912361401213252,0.865402479442433,0.970421915834978,0.993217891891152,1.07117521420067,1.15312194069893
"XBmRNA53044|XBXL10_1g28238",0.977635781753146,1.00974963489051,1.05124736356242,0.978388098965994,0.909965026941454,0.948577802557922,1.0008324177802,0.938456938127208,1.18514693542114
"XBmRNA53067|XBXL10_1g28252",0.995163079044255,0.952431822018836,1.0005431680684,0.999658624864846,0.949635115548017,0.932116665477544,1.01559419716716,0.987888100253862,1.16696922755708
"XBmRNA53127|XBXL10_1g28288",0.998780954466083,1.03866970969392,1.08653801060072,0.978162730685034,0.932239023425278,0.970212800505891,0.943468395548494,0.964734557068018,1.08719381800656
"XBmRNA53230|XBXL10_1g28333",1.05547145547683,0.953622623100183,1.07469842042787,0.990871709502693,1.01480031505676,1.0461109724832,0.940249807026412,0.918463634380545,1.0057110625455
"XBmRNA5326|XBXL10_1g2975",1.03364540776109,1.00145305508408,1.02807643223282,0.981218095977112,0.916696606810328,0.991975168656378,0.981142026017011,1.01722614882848,1.0485670586327
"XBmRNA53333|XBXL10_1g28389",1.04841714327723,0.958540954057781,1.04244774489598,1.08028807655777,0.944320427873739,1.06465655382441,0.906911063636862,0.946521158393222,1.00789687748301
"XBmRNA53339|XBXL10_1g28391",1.02738029426068,0.974885414528281,1.00321235747998,1.00748134503103,1.03216167502361,1.03083478518651,0.991997465934547,0.948956923104572,0.983089739450796
"XBmRNA53832|XBXL10_1g28655",0.995182835287672,1.0192525254008,1.02831533812943,1.00684031435303,0.982842325925991,0.980210392582683,0.967825513482372,0.936811975727196,1.08271877911082
"XBmRNA53968|XBXL10_1g28719",1.03074722121535,0.99773937637397,1.01539922174637,0.999823212947954,0.986131000002493,1.01391615627263,0.979194265181776,0.974582710503888,1.00246683575557
"XBmRNA5407|XBXL10_1g3010",1.03111928583369,0.966376900336371,1.06471580134676,0.999133698698795,0.972762538796152,1.0068574560008,0.960237355618653,0.961336855513187,1.0374601078556
"XBmRNA54270|XBXL10_1g28849",1.01628182854167,0.974413040359242,1.01888279940578,1.00811247282864,0.98253138438082,1.03659479081347,1.02113975190737,1.02292120532672,0.919122726436284
"XBmRNA54507|XBXL10_1g28973",1.05106709735733,0.952789181662188,1.03011775908434,1.02796616393884,1.01049271360334,1.0288273453562,0.927187990218305,0.913179931346807,1.05837181743267
"XBmRNA54554|XBXL10_1g28998",0.952801482941805,0.949108077385427,0.991367746517405,0.921477867041305,1.02057597204406,0.909556705536451,1.00795629908665,1.04597985058977,1.20117599885712
"XBmRNA54568|XBXL10_1g29007",1.03257501741049,0.974793493231318,1.03646691102323,1.03261338972361,0.982379472730338,1.00101155133196,0.943801811633932,0.961564335731456,1.03479401718367
"XBmRNA54628|XBXL10_1g29041",1.00520358270234,1.00087784895367,1.03423002250053,1.00858836506357,0.976248317973193,1.00267148843519,0.997695246675695,0.957049418277584,1.01743570941823
"XBmRNA54835|XBXL10_1g29169",1.0097366680087,1.00365680612712,1.05314156271544,1.01192284467236,0.983585742442726,0.962889050952579,0.961694111662954,0.952270736914396,1.06110247650372
"XBmRNA54871|XBXL10_1g29190",1.05157843047004,1.04625300031335,1.08214735062905,1.10652754497205,0.937363360460419,0.999267329558399,0.979373496650913,0.892397186507745,0.905092300438044
"XBmRNA54877|XBXL10_1g29195",1.04814459365103,1.01444191129158,1.11082505928601,0.992084105694089,0.880977781855006,0.985350321812404,0.926678161814028,1.00857091402033,1.03292715057552
"XBmRNA54929|XBXL10_1g29225",0.931516957882874,0.922559396747364,1.01918675088357,1.0345040402415,0.92979099641556,1.00398128090651,0.952250752048629,0.985048696940535,1.22116112793346
"XBmRNA55011|XBXL10_1g29274",1.01789555564976,1.00079473488478,1.04877901678341,1.00851893715216,0.937778964954157,0.991519123386509,0.951175882471368,1.00760067214519,1.03593711257267
"XBmRNA55087|XBXL10_1g29309",1.08154012456722,1.02813141941359,1.02681557896555,1.05535644065975,0.970143405814297,0.944415163309518,0.963246407926377,0.914132436606909,1.01621902273678
"XBmRNA55156|XBXL10_1g29345",0.952387283068324,0.99647179471911,1.05478276744093,1.02064510906623,0.909951709698144,0.999508366749765,1.06574878597227,0.938568072078446,1.06193611120678
"XBmRNA55219|XBXL10_1g29383",1.04148541744734,1.01649487687891,1.0827868715651,0.985687360652016,0.990470380742935,0.980477833076348,0.942108523328044,0.932063466314857,1.02842526999445
"XBmRNA5521|XBXL10_1g3053",1.00671897696442,0.983903536767192,1.02166913664206,1.01202846375202,0.962768152382319,0.978827401079322,0.983938779148502,0.995159325208762,1.05498622805541
"XBmRNA55293|XBXL10_1g29412",1.03646189391668,0.975606631379024,1.01416535746301,1.02936046024978,0.982617990120355,1.00505648914978,0.972866132639379,0.951381832895718,1.03248321218627
"XBmRNA55436|XBXL10_1g29471",0.970872076814785,0.929205958292201,1.04225362538417,1.00930701293314,0.920681886383038,0.989757468357697,0.937035717828245,1.01791311439341,1.18297313961331
"XBmRNA55618|XBXL10_1g29557",1.02015061461146,1.02921037594913,0.960913816081782,0.965695538512977,0.993117906229936,1.01903177930879,1.00941266044979,0.985816047727675,1.01665126112847
"XBmRNA5569|XBXL10_1g3082",1.05173385932185,1.01679865306626,1.12332486862553,1.00193194595238,0.94610151190777,0.896632608011395,0.987547263795436,0.914793074951936,1.06113621436745
"XBmRNA55761|XBXL10_1g29616",1.15460700435175,0.878573480900065,1.04096375680847,1.01293438972187,1.09445403942575,0.935095186653366,0.953561792306748,1.01636119673705,0.91344915309494
"XBmRNA55810|XBXL10_1g29646",1.02980061976935,1.00760758657826,1.01544977526858,1.04525391522771,0.949348830591032,0.999296146797324,0.998139881183701,0.975637633628941,0.979465610955109
"XBmRNA55843|XBXL10_1g29665",0.982160133568451,0.971460982146725,1.16353206778065,1.00742601555121,0.945243823264544,0.991243212158006,0.89149270657367,0.934452948234592,1.11298811072215
"XBmRNA5584|XBXL10_1g3089",0.996673672351188,1.0297399579522,1.07234662059933,1.02433443067072,0.938893677921339,0.982536546358398,0.967103446474721,0.917750757842099,1.07062088983
"XBmRNA55898|XBXL10_1g29701",0.951663480976361,1.02778818266785,1.09899463660027,0.937997069652544,0.937153164650937,1.05107153904113,0.990169812917287,0.948891772321568,1.05627034117205
"XBmRNA55901|XBXL10_1g29703",1.02651657655261,1.01670724766188,1.03771255741901,1.01672799807579,0.946944266532746,0.962669966032156,0.990899434457613,0.964646417592909,1.03717553567529
"XBmRNA55915|XBXL10_1g29711",0.987468393274869,0.969410318638722,1.04951847687232,0.980138864244367,1.03598130905346,0.991991977530563,1.04460252517063,0.959584045762549,0.981304089452521
"XBmRNA55933|XBXL10_1g29723",0.98989250100117,0.955817844058711,1.01780349710098,0.967972595763526,0.942799904240867,0.979450639907561,0.995013456955863,1.00879566963472,1.1424538913366
"XBmRNA56273|XBXL10_1g29892",0.947731708060066,0.986308870482932,1.10253400452505,1.02261497037086,0.989359118196578,1.00168236422051,0.952761820264122,0.95228277093436,1.04472437294552
"XBmRNA56314|XBXL10_1g29916",0.987341571772344,0.994539302565044,1.12402793401974,1.00892283297101,0.949475918790049,0.98194400088395,0.924569062365679,0.989409353693271,1.03977002293891
"XBmRNA5642|XBXL10_1g3119",1.00428055353396,0.846848259900015,1.23898196491624,1.14210212430066,1.06373629078359,1.31337265547569,0.584995999107343,0.721464760660447,1.08421739132205
"XBmRNA56450|XBXL10_1g29990",1.04751305348128,0.985017886778138,1.10236384587273,1.03024818436359,0.973024808275759,1.03564765955835,0.905988220748348,1.04095139344707,0.879244947474736
"XBmRNA56625|XBXL10_1g30076",1.0381103318309,1.01559947114856,0.999622819469109,1.0310653540054,0.972716591098979,1.01894278764291,0.948456651471774,0.978459078259417,0.997026915072961
"XBmRNA56694|XBXL10_1g30123",1.05832326216657,1.01258132469485,1.01772906320477,1.01089498709369,1.01253977389082,1.00154055143925,0.964431251329921,0.961050742331269,0.960909043848868
"XBmRNA56795|XBXL10_1g30178",1.01864471950628,1.00306416008697,1.03551202573253,1.00874679260202,0.997358555234471,1.0155592437305,0.970305024631153,0.96028442301394,0.990525055462136
"XBmRNA56840|XBXL10_1g30203",0.967418580733405,0.955256734039446,1.06904528969781,1.02120053323617,0.956171413622735,0.986124418522552,0.969104902977241,0.981007471750174,1.09467065542047
"XBmRNA56923|XBXL10_1g30235",0.974993079037974,0.955076520564611,1.097828193388,0.979369717114499,0.980141535349168,0.976890418921637,0.956616634492388,0.957898236537962,1.12118566459377
"XBmRNA56971|XBXL10_1g30259",1.1208683358431,1.07030615685909,1.09277171405628,1.02569029355679,0.992144961916867,1.00249474626997,0.86611298527013,0.881883262073163,0.94772754415461
"XBmRNA56981|XBXL10_1g30266",0.989720939196762,1.00100409125332,1.05715153620322,1.03088391150689,0.961717033074087,1.02196483320701,0.958587679378685,0.957153153699996,1.02181682248003
"XBmRNA57036|XBXL10_1g30294",1.03674282901148,1.04197393018734,1.09298089808167,1.01993398084191,0.974941946159952,1.00514649490658,0.90807802088386,0.916984338894984,1.00321756103221
"XBmRNA57087|XBXL10_1g30311",1.02911525421209,0.992991892500267,0.925816479167794,1.06212101467567,0.946175443710074,0.938051404867209,0.979449651539478,1.00867492779101,1.1176039315364
"XBmRNA57102|XBXL10_1g30316",0.998998669824786,1.02455995539356,1.08184937956376,1.02491397584018,0.992332110979916,0.959478317630914,0.898079577624236,0.979021669565834,1.04076634357681
"XBmRNA57164|XBXL10_1g30346",1.01060812143808,1.01702266980504,1.03669364463859,1.01595858700381,0.986904978653904,0.980324417005507,0.978690944073847,0.951555788809374,1.02224084857185
"XBmRNA57331|XBXL10_1g30435",1.01098255639803,1.02119718646815,1.0300289160524,0.98654896533056,0.988173933355185,0.9937916545563,0.963392739416697,0.980137044054224,1.02574700436846
"XBmRNA57427|XBXL10_1g30480",1.05477312614807,1.07022366890795,1.11812347176205,0.979658632597524,1.00592071990729,1.00440838143295,0.983132170990173,0.915089199585908,0.868670628668087
"XBmRNA57488|XBXL10_1g30521",1.06267690335375,1.00768418248982,1.01642703464159,1.06571101066281,0.961558284690603,0.967386453936787,0.98375843828017,0.989670659808924,0.945127032135539
"XBmRNA57581|XBXL10_1g30574",0.97402662958373,0.966760557374058,0.978086655290972,1.02291621975707,1.00457480726216,0.948892454870346,0.971246150950769,0.995707651582099,1.13778887332879
"XBmRNA57595|XBXL10_1g30577",1.12056777609385,0.98892354496864,0.965669595887121,0.981682057811885,0.853852821700073,0.926315376084689,0.923931093091819,1.0973338144169,1.14172391994502
"XBmRNA57625|XBXL10_1g30591",0.982537596427285,1.05194819363426,1.02925662485932,0.989934537377297,1.03738461327639,1.01326979410174,0.988280375215584,0.948479259273977,0.95890900583415
"XBmRNA57816|XBXL10_1g30654",1.30498678683132,1.20119037997224,1.41396229050095,1.20137150481345,0.865730403865529,0.944944989257176,0.722188557843105,0.667729813653433,0.677895273262799
"XBmRNA58026|XBXL10_1g30769",0.990060487362579,1.02336622764409,1.0754492669312,1.02780029221304,0.903724087892753,1.04925345143312,0.922783492115203,0.991288614826541,1.01627407958147
"XBmRNA58070|XBXL10_1g30779",1.05194838097088,0.980452286603834,0.98366129980464,0.980312504158102,1.01814560555722,1.01820301864347,0.973459057979137,0.942689829266252,1.05112801701647
"XBmRNA58138|XBXL10_1g30805",1.02086464873526,1.00655869702457,1.07115639382901,1.02285081741706,0.952105546214426,0.987576714767379,0.959207148298299,0.979525127845554,1.00015490586845
"XBmRNA58194|XBXL10_1g30830",1.04176899701983,0.957487449056387,1.01344623448311,1.05876452114688,0.917375418236673,0.975886266449008,0.9979399909358,0.985990263153213,1.05134085951909
"XBmRNA58204|XBXL10_1g30835",0.849197980136744,1.04781314177942,1.00673617171779,1.02642223526017,0.96971599475641,1.01498603060036,1.11509547606905,0.989597782000287,0.980435187679767
"XBmRNA58361|XBXL10_1g30902",1.03055030753759,1.02543843421594,1.04635529355501,1.03872083171773,0.952825987468575,0.946218601186731,0.924122595943762,0.967961407571364,1.06780654080329
"XBmRNA5836|XBXL10_1g3223",1.0638043759529,0.973516235452097,1.04119671019364,1.0326242455699,0.938332002691634,0.974084882157519,0.97553584299689,0.967165353174926,1.0337403518105
"XBmRNA58397|XBXL10_1g30921",0.945998139131357,0.934701349896587,0.936353280079049,0.956716766920492,0.900712084819266,0.909504334682935,1.07826712890106,1.1129838549225,1.22476306064675
"XBmRNA58569|XBXL10_1g30982",0.986210370964662,1.01680560422103,1.06046397210686,0.965895490587968,0.929389015394534,0.954031916695457,1.05013569445339,1.03155590344477,1.00551203213133
"XBmRNA5857|XBXL10_1g3235",1.00608537464629,1.00075782850232,1.0386448486557,1.00925172094722,0.959209923831284,0.989077251267871,0.973571693534509,0.988320038540123,1.03508132007467
"XBmRNA5873|XBXL10_1g3246",0.99277564843854,0.99766902156675,1.09197367308633,1.02045234643981,1.00485580608162,1.04394765139636,0.933609204546282,0.932798267715477,0.981918380728831
"XBmRNA58761|XBXL10_1g31070",1.31650440177353,1.32682652565197,1.34354931139938,1.18618666484644,0.77715796119639,0.747916079421285,0.705245274506426,0.737950651326934,0.858663129877641
"XBmRNA58775|XBXL10_1g31074",1.0266513323125,0.977449238326643,1.0114320847266,1.01706015320915,0.924427702898509,0.983898987280623,0.977818176937115,1.00618912197596,1.07507320233291
"XBmRNA58776|XBXL10_1g31075",1.06900172902229,0.988039828831531,1.04382994398536,0.9605189990572,0.908515970727742,0.99687466583179,0.954066515521548,1.011564738748,1.06758760827453
"XBmRNA58911|XBXL10_1g31142",0.985425294921425,0.983554537008318,1.0209153299949,1.00596244394354,0.96162569286908,1.00696638087272,1.03762014714625,0.944224447440871,1.05370572580289
"XBmRNA59042|XBXL10_1g31212",1.04462983865319,0.991758683355661,1.02360895038778,1.01506724517286,1.01914792452163,1.00056912726407,0.972273420307638,0.949634524829385,0.983310285507776
"XBmRNA59131|XBXL10_1g31258",1.07204631949931,0.962425631889564,1.00997625642689,0.950309829423228,1.03736161279131,0.958231735745292,0.99479044143687,0.955147015597485,1.05971115719005
"XBmRNA59223|XBXL10_1g31312",0.966965274258368,0.94680381521456,1.03941575383365,1.06005469935083,0.948034756272725,0.944832990732844,0.921057812753195,1.01127856313265,1.16155633445117
"XBmRNA59282|XBXL10_1g31347",0.496058442945114,0.403332923363095,0.678550139056099,0.43504833154494,0.545143151086991,0.687369392151665,1.65356788614573,1.83001361504766,2.27091611865871
"XBmRNA59287|XBXL10_1g31352",1.07728096938007,0.998851699717666,1.01335060666221,1.0215575663716,0.992646168643612,0.991986440902325,0.953515184927245,0.960699620127518,0.990111743267755
"XBmRNA592|XBXL10_1g566",1.01084750290891,0.999888732568927,1.02211554392997,1.01390670250464,0.945736590578279,1.02309001571115,0.965669853774097,0.962318969454011,1.05642608857002
"XBmRNA59362|XBXL10_1g31399",1.06881070365043,0.984688716022638,1.00695690965927,0.976694905521078,1.04526088460625,0.992074739576435,0.969550333447143,0.966356452536063,0.989606354980698
"XBmRNA59460|XBXL10_1g31448",1.03922881589167,0.980511304412589,1.07094181824197,1.02660896098626,0.940362947971552,0.957543958913374,0.950464299254001,0.993968310319294,1.04036958400929
"XBmRNA59796|XBXL10_1g31667",1.06157542030646,0.987358167949999,0.998289954880022,1.00395829781019,0.987990362897681,1.0106931563564,0.971531697690157,0.981711781875064,0.996891160234028
"XBmRNA59998|XBXL10_1g31778",0.678554692745003,0.744142555272491,0.754773746076274,0.804159592881315,0.784832917426808,0.835156740456857,1.35627010743284,1.45168169123827,1.59042795647014
"XBmRNA60053|XBXL10_1g31814",1.19433129960692,1.15337707072095,1.09896090515168,1.04373596070453,0.979980577233636,0.994308401945751,0.907962624498576,0.75876140143279,0.86858175870518
"XBmRNA60060|XBXL10_1g31820",1.03388876059242,1.02981364910372,1.00862498862031,1.00440718683387,0.929188367362846,0.984696851716041,0.98532242083442,0.988256218202288,1.03580155673408
"XBmRNA60082|XBXL10_1g31836",1.04648593920587,0.965229855648134,1.10043641758663,1.00407166632515,0.978079567747532,0.984057870556163,0.947569022047571,0.998297485357817,0.975772175525126
"XBmRNA60086|XBXL10_1g31839",0.979764377822978,1.00867513055405,1.00227454351313,1.00607441256225,0.951345295710205,0.955107462754977,0.961386537903836,1.02629846068902,1.10907377848956
"XBmRNA6015|XBXL10_1g3307",1.01527868127187,0.990549196004586,1.03258670345232,1.05335971259318,0.961260776367798,0.968447108224031,0.983304119915182,0.97563084802459,1.01958285414645
"XBmRNA6016|XBXL10_1g3308",1.00946976696392,0.996145642132045,1.05413439206343,1.02347243900871,0.975181830179486,0.987685093927107,0.940779716310723,0.965545514637982,1.0475856047766
"XBmRNA60207|XBXL10_1g31899",1.0241952719757,1.04734747039625,0.981053299703811,0.998287731609492,0.974835429041707,0.992902961402121,0.963820765504054,1.00796154455949,1.00959552580737
"XBmRNA60249|XBXL10_1g31925",1.04272829423686,1.02322857542668,1.04295393045405,1.01147159775204,0.944695526718217,0.983832540267641,0.978663818844985,0.957153180174729,1.0152725361248
"XBmRNA60250|XBXL10_1g31926",0.906207107044114,1.02472581645255,1.00821045985886,1.09486471423212,1.06202386043093,0.930923691692813,0.90674048039699,1.13437722429779,0.931926645593832
"XBmRNA60438|XBXL10_1g32054",1.02473860897025,0.9807194843463,1.03389790551061,1.02481828838869,0.986476811173108,1.00539223580741,0.931521662064768,0.961702697935406,1.05073230580346
"XBmRNA60519|XBXL10_1g32119",1.06738724978662,1.01982460600156,1.090582496442,1.03790013041362,0.936278831982204,0.999674313834709,0.948024275068972,1.02628152028327,0.874046576187045
"XBmRNA60580|XBXL10_1g32158",0.900410406040036,1.10747123260514,1.1447578844225,1.05006936050625,0.910468571214961,1.13473504536085,0.992543342528052,0.810844483696,0.948699673626208
"XBmRNA60583|XBXL10_1g32160",1.01572201140198,0.977307142405984,1.05620240710371,1.00093517133773,0.962856622804863,0.983376811132416,0.919250914157921,0.986469648152204,1.09787927150319
"XBmRNA60660|XBXL10_1g32195",0.0954902296293774,0.10854690734343,0.178716172663843,0.101059967006262,0.0953928648030474,0.210111926794362,1.34938562024542,2.45945955525533,4.40183675625893
"XBmRNA60712|XBXL10_1g32222",0.99657301877631,1.0048893531971,1.04795113342368,1.01090767337577,0.954502347511608,0.986137912407238,0.976243514986605,0.983303531252639,1.03949151506904
"XBmRNA60746|XBXL10_1g32247",1.04472598583398,0.976770835938423,1.04667156094088,0.999937414227564,0.920655700270229,0.964585154374722,0.980412963018921,0.969895959708535,1.09634442568674
"XBmRNA6078|XBXL10_1g3335",1.01101683290023,0.997270651285214,1.07557684062179,1.00573695811889,0.979645814119921,1.03069107778988,0.970328635207422,0.954330565689419,0.97540262426723
"XBmRNA60855|XBXL10_1g32303",1.04359620003039,0.977823866879215,1.05834246222924,1.00418816771425,0.962414062634042,0.982885480183402,0.929609299999814,0.935093563263739,1.10604689706591
"XBmRNA60856|XBXL10_1g32304",1.02868697880916,1.05499644894594,1.05118829473032,0.97572075809781,0.915425076717166,1.00240016083837,0.997767162182399,0.963395319314248,1.0104198003646
"XBmRNA61122|XBXL10_1g32398",0.982123562049877,0.988665565117722,1.04195508864322,0.946782333645616,0.90900978836251,0.970583994996281,1.0029963332559,0.969341116760688,1.18854221716819
"XBmRNA61138|XBXL10_1g32408",1.02644266058266,0.988175053845327,1.05151619750671,1.02852032043309,0.964726320955238,1.00929598859156,0.963199064835983,0.907211778025275,1.06091261522416
"XBmRNA61189|XBXL10_1g32438",0.985598898920029,1.0174766019765,1.04380357612647,1.01427449972888,0.966298055616429,0.989132654361294,0.993203493401438,0.974731300605979,1.01548091926298
"XBmRNA61199|XBXL10_1g32442",1.03234613037338,1.00341853801718,1.01652255849529,1.018113082529,0.983529015685795,1.01054346929032,0.950596316750508,0.98001371819211,1.00491717066642
"XBmRNA61200|XBXL10_1g32443",0.973793552480919,1.04054901190434,1.01850601560264,1.0156603403689,0.961876113334599,0.974747341318349,0.990854855123615,0.962886305822104,1.06112646404453
"XBmRNA61267|XBXL10_1g32459",1.03661531845544,1.01048422859939,1.00299330751532,0.984362758257904,1.01632169078984,1.01792522630978,0.962186885828571,0.943164314344657,1.0259462698991
"XBmRNA61329|XBXL10_1g32506",1.01114040976027,1.00828906266728,1.05629753917363,1.05076790329806,1.02237879093708,0.987813671060773,0.959320453706177,0.908515800073444,0.995476369323282
"XBmRNA6137|XBXL10_1g3365",1.02135653179403,1.04171248888679,1.0202687156053,1.02920885312911,0.974295270447521,0.985919765773634,0.963064221419878,0.971903574578322,0.992270578365421
"XBmRNA61405|XBXL10_1g32548",1.08919100492291,1.05508542814289,1.0839660098867,1.0438553127609,0.973776954070922,0.999757701349844,0.935600388046499,0.924384909189861,0.894382291629468
"XBmRNA61667|XBXL10_1g32656",0.981991154658037,0.990210015866537,1.11669890644882,1.10239026939688,0.894990307927272,0.984566585128624,0.861630257299426,0.992110290824606,1.0754122124498
"XBmRNA61704|XBXL10_1g32681",0.950728653490178,1.00013163876942,1.10538576044925,1.04769356897186,0.943736127497399,1.00331470423324,0.92352441748648,0.926466865205381,1.09901826389679
"XBmRNA61857|XBXL10_1g32780",1.04149441252267,0.994740472515563,1.05230496265364,0.980366802448554,0.993648864532556,1.02014561339281,0.952450496611906,0.937106719507554,1.02774165581475
"XBmRNA61865|XBXL10_1g32784",0.968968869326873,0.992026604674006,1.05036148945956,1.03884918964735,0.950788848085974,1.00532319994807,0.959391558223335,0.982797810488987,1.05149243014584
"XBmRNA6193|XBXL10_1g3394",1.05564620701645,1.02234753321715,1.01803466112662,1.00601425056617,1.00951579374994,0.978213442069693,0.984987882647105,0.934104057559219,0.991136172047646
"XBmRNA62035|XBXL10_1g32848",0.921500916021341,0.952643036940219,0.964146191397487,1.02974976127531,0.964837922168204,0.903348721425634,1.03614069266602,0.997205659832804,1.23042709827298
"XBmRNA62036|XBXL10_1g32850",1.01257661882399,1.06886390452192,1.04826481644358,1.00669347403356,0.896892078110701,0.948015086719273,1.00446358628952,1.01609768711126,0.99813274794619
"XBmRNA62263|XBXL10_1g32956",1.02044829967491,0.993328931705696,1.00965659707308,1.00046773079733,0.981994296649176,0.997914402894959,0.970471614642905,0.984005724191876,1.04171240237008
"XBmRNA6228|XBXL10_1g3410",1.00958408236991,0.971316577463149,1.02419584764792,1.01260368798615,0.976527680739903,1.01802628275205,0.98959477665442,0.969434735393507,1.02871632899298
"XBmRNA62325|XBXL10_1g33009",1.04823725550201,1.00144104036079,1.07806996199361,1.04728446683184,0.954350713677606,0.876540964737285,1.03612928590313,0.973872054283166,0.984074256710564
"XBmRNA62338|XBXL10_1g33017",1.04976178759798,0.94509171515091,1.05280681055606,1.04205516953666,0.933215565280639,0.888213804205242,0.982695743522396,1.01109619184842,1.09506321230169
"XBmRNA62340|XBXL10_1g33018",0.906540270218438,0.932429688727174,0.960232298746903,0.941106589629157,0.891256018121703,0.886613858420852,0.971092833258344,1.07735834602994,1.43337009684749
"XBmRNA6234|XBXL10_1g3412",1.011092047037,0.981730319688225,1.0748844296574,0.989400527949622,0.962182582124508,1.01927303674993,0.938654029499239,0.942165892138723,1.08061713515535
"XBmRNA62353|XBXL10_1g33026",1.00029828297875,1.00731270775576,1.01251816072339,1.03402650007405,0.986236123569269,1.00003156369606,0.976776126206787,0.959464670876048,1.02333586411989
"XBmRNA62464|XBXL10_1g33079",1.00275811360148,1.00012595682837,1.04366307339368,1.03713095580741,0.958454322146051,1.03842912902118,0.941060815868495,0.943679294235245,1.0346983390981
"XBmRNA62519|XBXL10_1g33108",0.937740630175285,0.913879166739548,0.939504972173717,0.949983191509698,0.927737168048593,0.935504638974657,1.08741483027356,1.07031139225643,1.2379240098485
"XBmRNA626|XBXL10_1g582",0.979422723397899,0.991060016607232,1.04955750656295,1.01184851557333,0.967500824241791,0.959220139621011,0.971396639261405,1.01185500955701,1.05813862517737
"XBmRNA62823|XBXL10_1g33301",0.946238357534603,0.924548434397438,0.994370554144831,1.02238042787328,0.928118902642765,0.954406749246578,1.01161750356072,1.02902287061416,1.18929619998561
"XBmRNA62863|XBXL10_1g33316",1.0314189920429,1.00773619585198,1.05462959156952,0.981751165634982,0.953525298526515,0.961033963273056,0.968424383888406,0.957827493046858,1.08365291616578
"XBmRNA62937|XBXL10_1g33358",0.993032004760426,0.952110223592928,0.999116821745445,0.93599654100438,0.935606452378152,0.993670286906142,1.0560159655751,0.999669424005123,1.1347822800323
"XBmRNA62948|XBXL10_1g33365",0.979149979943308,0.955886031785203,1.04966488414945,0.959717045938948,0.954676545481122,0.998248425523848,0.981835215579082,1.00313266090421,1.11768921069483
"XBmRNA63027|XBXL10_1g33404",1.0707372628076,1.05003217090728,1.00767532379622,1.10462719318413,1.1364688941864,1.07068287035827,0.815654806565582,0.823001796849102,0.921119681345418
"XBmRNA63034|XBXL10_1g33408",1.03585541414454,1.04426051486848,0.972996824760949,0.97934493391397,0.922324678127312,1.03343960703078,1.0231278549865,0.95056202020378,1.03808815196368
"XBmRNA63078|XBXL10_1g33425",0.94630346387974,0.975527157024385,0.907358449501506,0.858199947347289,0.846495032928036,0.953025209569075,1.0458034378905,1.16270936212148,1.30457793973799
"XBmRNA63223|XBXL10_1g33503",0.898389136936495,1.0362756577424,1.0946636197932,1.13915621908782,1.01280095933294,1.00189651920328,1.01108492573766,0.919200667855699,0.886532294310503
"XBmRNA63497|XBXL10_1g33618",1.03971977863941,0.992755959800408,1.03879457473327,0.989025178169355,0.976475959043958,0.983932707192,0.965506016781605,0.964041565232368,1.04974826040763
"XBmRNA63524|XBXL10_1g33636",1.10908306525338,1.0007724966997,1.04139429497055,0.993876465003497,0.993840021458046,0.984373313766422,0.928674485929522,0.941243380964481,1.0067424759544
"XBmRNA63604|XBXL10_1g33677",0.860425485703776,1.02149796641832,1.00044340885383,0.909886647617989,0.93233081740393,0.99577537617855,0.977054066133637,1.11522190662902,1.18736432506095
"XBmRNA63652|XBXL10_1g33705",0.660999084190819,0.609551459326013,0.705764501606438,0.798921857110249,0.742215053297548,0.871857729765269,1.37021723955781,1.52465393602308,1.71581913912278
"XBmRNA63679|XBXL10_1g33715",1.03675782328335,1.00261837532942,0.968753148302921,1.00291451464719,0.98391288729709,0.99302934152617,1.0181698180618,0.976255349827489,1.01758874172457
"XBmRNA63714|XBXL10_1g33734",1.03625229061525,0.966875741008871,1.08053927402861,0.94176052029885,0.931416491686895,0.981895688042318,1.00630608617213,0.981041798933884,1.0739121092132
"XBmRNA63717|XBXL10_1g33737",0.0760701054283509,0.0473141145145474,0.109778617782472,0.151922451424023,0.638440837250449,1.51140466864368,1.99397670205473,1.98344416949762,2.48764833340412
"XBmRNA63731|XBXL10_1g33745",1.04250518064047,1.04526890466433,1.12264936885307,0.981460967278079,0.983155638593453,0.97647985286923,0.926747613323742,0.962106182203668,0.959626291573959
"XBmRNA63736|XBXL10_1g33748",0.837907637877699,1.07457294901726,1.16233553657132,1.05528811042548,0.95674296603892,0.935821561814867,0.820336404044831,1.02854747915792,1.1284473550517
"XBmRNA63748|XBXL10_1g33754",1.0362409100265,0.930128117015749,1.05194436305957,1.04943999546457,0.907889090065776,0.947205483736636,1.03329424010689,1.08534000131711,0.958517799207197
"XBmRNA63818|XBXL10_1g33789",1.00433356280304,0.987664368371645,1.00750193202097,0.97423631071541,0.948796581751236,1.03402718330006,0.981718382875163,1.01573771503821,1.04598396312426
"XBmRNA63888|XBXL10_1g33833",1.00587827798085,1.01046019485354,1.01320797791498,1.031283514124,0.961346563679625,1.00050437541624,0.957991005445755,0.974126677684131,1.04520141290087
"XBmRNA6389|XBXL10_1g3482",1.01499841036966,0.977053588847194,1.05909287574913,0.991871239957922,0.906028962427444,0.97091682839655,1.03116595265522,0.927397642569426,1.12147449902746
"XBmRNA63970|XBXL10_1g33898",1.02082956895983,0.980015020331749,1.03129517489388,1.0172961377983,0.939238407972599,0.984512798188026,0.961323120510877,0.992192466828251,1.07329730451649
"XBmRNA64007|XBXL10_1g33926",1.06665654107927,1.05283133230069,1.06939423033058,1.07139348363132,1.0367069471293,1.0098598761103,0.925579359167996,0.898518402027879,0.869059828222665
"XBmRNA64098|XBXL10_1g33984",1.06239082947613,0.943268028843406,1.00467136948686,0.999885641661581,0.958947649851837,0.979694553164828,0.994116431972396,0.918065542414984,1.13895995312797
"XBmRNA6427|XBXL10_1g3500",1.03306253807731,1.06987855116131,1.11968267323358,1.07465284962945,0.968819379880683,1.00549404181566,0.959303169652111,0.890150288002357,0.878956508547532
"XBmRNA64291|XBXL10_1g34086",1.01487072742381,1.02308435567907,1.02492198941367,1.01589421503637,0.944334411854584,0.954345839958102,0.945659430475882,0.964529225287796,1.11235980487072
"XBmRNA64299|XBXL10_1g34092",1.00051995801402,0.986130403174392,0.973069611887835,1.04933565757084,0.983762975742007,0.954934745117857,1.00744797206548,1.01158932411013,1.03320935231744
"XBmRNA64463|XBXL10_1g34175",1.01991632364517,0.983799370542304,0.989922023982567,1.02456514278864,0.985347459694177,0.981942504358596,1.00542067547117,0.975042431767208,1.03404406775017
"XBmRNA6446|XBXL10_1g3513",1.03236487301803,1.00624519288281,1.01172809039314,1.05436255991846,0.982945040865428,1.02848571217782,0.941795157370034,0.92351224006833,1.01856113330595
"XBmRNA64770|XBXL10_1g34334",1.10970871171989,1.08507982752916,1.12701364418572,1.01341973153359,0.96864738709004,0.934383972253874,0.878095550425289,0.932518701160053,0.951132474102386
"XBmRNA64816|XBXL10_1g34348",1.01096904682337,1.01628976253598,1.02685216158872,1.01977370311983,0.95938005598963,0.984411579272208,0.996646195060108,0.95034872278198,1.03532877282817
"XBmRNA64825|XBXL10_1g34352",0.918045916720096,0.998967212826873,1.03864869501857,1.01532027906458,0.968223128936272,0.860525639251982,1.0406095000878,1.09915695406903,1.06050267402479
"XBmRNA64828|XBXL10_1g34355",1.03035261508433,0.97588503532082,1.01272036906236,0.974584501900334,0.989860993278488,1.01794299084669,0.980515659958598,0.984724516985107,1.03341331756328
"XBmRNA65195|XBXL10_1g34504",0.974644521682767,1.09902842243472,1.00768830242561,1.02875906548658,0.933685512569969,0.973758177070268,0.969877784527881,0.960974508320338,1.05158370548186
"XBmRNA65203|XBXL10_1g34506",0.990749675132662,0.950485118834018,1.02467163326767,1.01397929064168,0.968660928451536,1.02494783647515,0.932879117270989,0.939227570546905,1.1543988293794
"XBmRNA65213|XBXL10_1g34510",0.968507036895299,1.02837728702159,1.08870254130904,0.945399127998499,0.944734115760038,1.00820098401189,0.932077700967353,0.975933500113347,1.10806770592295
"XBmRNA65301|XBXL10_1g34558",1.08508175300552,1.00096059233001,1.07044276402656,0.903812768105952,0.957149135197286,1.00475714379436,0.913867042051193,1.00681256738423,1.05711623410488
"XBmRNA65417|XBXL10_1g34622",1.05221867230142,1.01699232477703,1.03506336312266,1.01670438045872,0.94829078135582,0.986799668626087,0.972429743797434,0.961138059168478,1.01036300639234
"XBmRNA65454|XBXL10_1g34635",1.0055973811394,0.979367148296256,0.983321971087441,0.986289405478582,0.991303832465531,1.00356624088593,0.976146414179687,0.995186139669739,1.07922146679744
"XBmRNA65567|XBXL10_1g34688",1.04881485975223,1.0173852904349,0.987622364884366,1.01429514146607,1.01724740501958,0.980225694496874,0.980042621825696,0.971722230515969,0.982644391604312
"XBmRNA65576|XBXL10_1g34696",0.975577164252045,0.906075061963672,1.06753692348901,0.907423717717675,0.86555280534003,1.00746410756596,1.04539290930304,1.04358710327401,1.18139020709455
"XBmRNA65682|XBXL10_1g34745",1.0380201408104,0.981693073981544,1.03978765327105,1.0149507658424,0.954206676154627,1.00441445505077,0.962130214311936,0.961657208821504,1.04313981175577
"XBmRNA65707|XBXL10_1g34753",1.00908977959784,0.937513176832924,1.03403123252506,0.971885233867101,0.995603350192146,1.00474178475388,0.970895327382406,1.00664985592669,1.06959025892196
"XBmRNA65761|XBXL10_1g34782",1.00139464266193,0.989649652106161,1.01972238039738,1.02682408024355,0.974406596317301,0.988693658387689,0.985881942034538,0.979717467130312,1.03370958072114
"XBmRNA65768|XBXL10_1g34784",1.06872977249631,1.17148359363951,1.02854279617891,0.866402011342512,0.844287987692926,1.06168160709619,0.939826377945043,0.961071471236348,1.05797438237226
"XBmRNA65848|XBXL10_1g34841",1.0095890130974,0.987739914262088,1.04986458987592,0.995394928504481,0.925361516600282,0.953412003851521,0.93574268268359,0.998918153933577,1.14397719719114
"XBmRNA6595|XBXL10_1g3605",1.00509142876508,1.00738394772557,1.09137424455881,1.01604242806413,0.95603894688624,0.968039425538031,0.951669711881054,0.928116233451018,1.07624363313007
"XBmRNA66119|XBXL10_1g35001",1.02966166819138,0.985710171455011,1.00001020262325,0.946727069695993,0.970792073255144,1.05674096831097,0.947161479759227,0.984517419345974,1.07867894736306
"XBmRNA66249|XBXL10_1g35082",0.947480091617866,1.00856575718659,1.04209009716424,0.994721692894001,0.91961594226999,0.977110368252349,1.01519013408143,0.93896048718766,1.15626542934587
"XBmRNA66273|XBXL10_1g35092",1.10300801448576,1.02217623283348,1.0704822550669,0.996706186219455,0.992008736838844,1.01096703474024,0.939722733246163,0.883842121024003,0.981086685545151
"XBmRNA66414|XBXL10_1g35175",0.637805619208397,0.628301101803912,0.694957856316684,0.616209452931959,0.721273639170464,0.956151428858641,1.46635461710488,1.43827038656556,1.8406758980395
"XBmRNA66440|XBXL10_1g35192",0.980807573979729,1.00892903228382,1.03529932133705,1.00277611552487,0.94216263131303,0.964156811440736,0.982133405352894,0.984986780389696,1.09874832837818
"XBmRNA66445|XBXL10_1g35194",0.966393912729555,0.959470739684453,0.945739961275387,0.964023424926553,0.96798596844033,0.962111458231769,1.01957853577351,1.04726352624319,1.16743247269525
"XBmRNA66462|XBXL10_1g35205",1.05487982730154,0.985453611595833,1.03885916890145,1.00962562362022,1.00551986352857,0.993955579567234,0.97029374599356,0.955216518385462,0.986196061106125
"XBmRNA66488|XBXL10_1g35220",0.990357440230846,1.00281939581672,1.08162266506193,1.02020674021379,0.975870941507341,0.945947563476638,0.929895993152742,0.949724667024657,1.10355459351533
"XBmRNA66499|XBXL10_1g35227",0.982724275119559,1.02915110267202,1.0220837823435,0.999442204436413,0.952615257987545,1.02379545293568,0.98898883896638,0.941248317263443,1.05995076827545
"XBmRNA66695|XBXL10_1g35340",0.909470545398069,0.978985080082641,1.00803888796024,0.983957641564956,0.949857822244841,0.975553479810787,0.968315040962318,1.00313049717546,1.22269100480069
"XBmRNA6679|XBXL10_1g3659",1.22937295264407,1.11707088809772,1.04587622743684,0.983726077849499,0.892437068156044,1.01436523912236,0.899115510123006,0.912626124539024,0.905409912031438
"XBmRNA66817|XBXL10_1g35394",1.03255520637958,0.985178368750053,1.00833473344325,1.00183822504366,0.947393303702835,0.992753136304248,1.01615541448847,0.960699416938101,1.0550921949498
"XBmRNA67064|XBXL10_1g35510",1.00055903781206,1.02767516067749,1.01853519241866,0.984535625786605,0.919468134517961,0.9882970337556,0.978134269546325,0.98388188966606,1.09891365581924
"XBmRNA67139|XBXL10_1g35552",1.02045509120287,0.997905719886532,1.06644370886679,1.01577299459802,0.963766047651982,0.993796669491705,0.944302352289277,0.946966087917889,1.05059132809493
"XBmRNA67312|XBXL10_1g35650",1.01967897897308,1.04231637505167,1.02032769311686,1.01659543590782,0.983792885609665,0.96804238330978,0.988773285045021,0.947196385472879,1.01327657751322
"XBmRNA67369|XBXL10_1g35687",1.04526266088076,0.962635687071284,1.00121859301645,0.876988049018312,0.887864850125761,0.947136154602048,0.937305933963741,0.99642375176554,1.3451643195561
"XBmRNA6745|XBXL10_1g3701",1.01802198538974,1.00734677693113,1.02135857193851,1.01167732673255,0.971230733958289,0.999412119283715,0.948001104259168,0.972570502282309,1.05038087922459
"XBmRNA67559|XBXL10_1g35766",1.03223170589766,0.991992647338086,1.02692358498475,1.00538637491813,0.966711999751567,0.963840375044917,0.950753968461556,1.01169652232098,1.05046282128235
"XBmRNA67639|XBXL10_1g35803",1.07910253239363,1.07463521391429,1.03313128131262,1.01127886405435,1.08078457744399,1.0444298080809,0.931501882037014,0.857682593413221,0.887453247349973
"XBmRNA67641|XBXL10_1g35804",1.09771411484889,1.09837371426995,1.25182887329149,1.16937176360734,0.928356569727391,1.03447589929536,0.809807487641654,0.807626305156296,0.802445272161629
"XBmRNA67643|XBXL10_1g35805",0.920873939382379,0.95175010932098,1.0263681706224,0.983846577708955,1.05838480029708,1.03927659833073,0.946875406278545,0.962168404522443,1.11045599353648
"XBmRNA67644|XBXL10_1g35806",1.03989913398047,1.02564253033095,0.989388964667076,1.03582399919831,0.982513785233722,1.02051223648644,0.947249525281544,0.951907506228415,1.00706231859307
"XBmRNA6770|XBXL10_1g3717",0.961632320486251,0.993546706913888,1.13658615759827,1.02581919434389,0.934817733707522,0.969150140844165,0.986185807984809,0.904562229581015,1.0876997085402
"XBmRNA67726|XBXL10_1g35842",1.00745836959078,0.9641573282964,1.17347514374071,0.992379489127254,0.909841279849313,0.994615315330565,0.916777392197556,0.953683400931049,1.08761228093637
"XBmRNA67772|XBXL10_1g35871",0.990417616453737,0.977286399849153,1.04079499345451,0.980065698986222,0.950304306440978,0.984305240507689,0.984232518548423,1.00482206129867,1.08777116446062
"XBmRNA67785|XBXL10_1g35878",1.00166805896828,1.01544734831936,1.01940874311488,1.04566904424683,0.954269657674981,0.937286925338062,0.926673464990089,0.972656883866392,1.12691987348113
"XBmRNA67795|XBXL10_1g35886",1.02984174311296,1.03569821230941,1.02307383750874,0.999181123623749,0.987220492425315,0.99185319065791,0.981219485268001,0.94654924215496,1.00536267293896
"XBmRNA67821|XBXL10_1g35898",1.02278373699638,0.998938925251282,1.04182798675009,1.00475054056158,0.976617010052094,1.00927894073806,0.960877768521821,0.965805681173056,1.01911940995564
"XBmRNA67877|XBXL10_1g35915",1.0127226915269,1.0105507627402,1.04622683493145,0.99164205775502,0.952056374171174,0.985731862505877,0.955305730705769,0.977021830363967,1.06874185529964
"XBmRNA67934|XBXL10_1g35937",1.0576223036904,1.00010547003805,1.03609525480766,1.04898613927205,1.00822111807169,0.995067636054024,0.97449826468699,0.938427818287107,0.940975995092031
"XBmRNA68084|XBXL10_1g36003",0.992141613302797,0.990836659078284,1.00435259853254,1.08593348095511,1.02712359721258,0.987664182101205,0.911722282728688,0.98869587721563,1.01152970887316
"XBmRNA68117|XBXL10_1g36019",0.997112930219189,1.02986903912358,1.05313265911396,0.990976646094418,0.982668536260185,0.99951476041688,0.969016643511919,0.93387879694218,1.04382998831769
"XBmRNA68166|XBXL10_1g36041",1.0369379060716,0.98514558613295,0.970285470915263,0.96238060664839,0.974980309475343,0.930022060207435,0.96039145266117,1.05229001235861,1.12756659552924
"XBmRNA6833|XBXL10_1g3755",1.00405231575403,1.02525932833874,1.03378845121418,0.992724104539608,0.978441061611113,0.973577683630824,1.00947663924936,0.950395008440946,1.0322854072212
"XBmRNA68559|XBXL10_1g36208",0.981166762734043,1.01496039521493,1.09820539022313,0.975884978563899,0.969659633028129,1.0264473376534,0.975868165565537,0.919548466998416,1.03825887001852
"XBmRNA6866|XBXL10_1g3765",1.06764510138996,0.996220245519009,1.01682666746796,1.03516228808037,0.977870400647442,0.987804222113444,0.950895630657628,0.956425433641677,1.01115001048251
"XBmRNA68728|XBXL10_1g36363",0.992961008161162,0.956709019516095,0.996626939134714,1.01863720414295,0.95211959805806,0.967993512854134,0.998471189578398,0.998942303022654,1.11753922553184
"XBmRNA68731|XBXL10_1g36364",0.99090596790597,1.06954531907482,0.998593268194093,0.936857815500514,0.908081525549692,1.00570756033023,1.031074240341,0.975417177703602,1.08381712540008
"XBmRNA68782|XBXL10_1g36395",1.03529364093739,1.00659693893832,1.0073201268885,0.999252382290851,1.00360840472668,0.992441716907292,1.01621450574503,0.997024548116134,0.942247735449803
"XBmRNA69397|XBXL10_1g36791",0.97024206291379,0.993084407635027,1.0150121964428,0.981260643383334,0.913088222753845,0.97748954588874,0.97850065200149,1.03436135558138,1.1369609133996
"XBmRNA69471|XBXL10_1g36828",1.07350086484506,1.00730794339077,1.04243729060154,0.998566107832888,0.980194234082846,0.913449939955324,0.957963835590658,0.932791077053432,1.09378870664747
"XBmRNA69630|XBXL10_1g36929",1.04316928833698,1.02578349537724,1.0171925560676,0.998822682564127,0.933595856959929,0.993824164036907,0.954518259684571,0.987083159731583,1.04601053724106
"XBmRNA69633|XBXL10_1g36932",1.02486785539266,1.04258197295631,1.02858785308542,0.876880826723595,0.938267006012388,1.03098818819049,0.972564059723946,1.04724304129457,1.03801919662062
"XBmRNA6968|XBXL10_1g3812",1.07111674220014,1.03282082765372,1.11208836002231,1.04428336012739,0.868794575648905,1.03867780016214,0.956585326715755,0.938326770441099,0.937306237028544
"XBmRNA69722|XBXL10_1g36965",1.06378704063412,0.992712046527552,1.01369501042558,1.00019040292725,0.97786922775349,1.00008980427781,0.981342323462138,0.98449367320636,0.9858204707857
"XBmRNA69741|XBXL10_1g36978",1.04817526412021,1.04525409258911,1.04734552278345,1.0064726445589,0.917714322666435,0.929691590987496,0.993652196448065,0.943429369482643,1.0682649963637
"XBmRNA69771|XBXL10_1g36993",0.366420276080096,0.350657054621904,0.442396557138965,0.444823210579851,0.533732887426774,0.765330640190487,1.54893331665554,1.80228031470007,2.74542574260631
"XBmRNA69801|XBXL10_1g37008",1.02691967351639,0.968733352756218,1.14770208457175,0.982661470396508,0.937637263767277,0.973519409042888,0.965342430321008,0.97695309981405,1.02053121581391
"XBmRNA69844|XBXL10_1g37022",1.04840375395727,0.955567394191087,1.07359893692373,0.986082426727088,0.97122910489074,0.97886373611506,0.971212272577458,0.941866218335004,1.07317615628256
"XBmRNA69932|XBXL10_1g37077",1.04784243890087,0.999137312260481,1.04148673441528,1.01742285434701,0.960504542107402,1.0022175958578,0.956207789792285,0.933198774082043,1.04198195823682
"XBmRNA69956|XBXL10_1g37094",0.998573227700762,0.998067364167568,1.03891831511825,0.983507007533775,0.96779273876316,0.995210204289258,0.982688259789156,0.969452092182751,1.06579079045532
"XBmRNA70032|XBXL10_1g37131",1.03038314978326,0.989546282005879,1.01885219634903,1.00578223174264,0.964380676534314,0.978944898063263,0.975332587884906,0.978604934398411,1.0581730432383
"XBmRNA70078|XBXL10_1g37152",0.448570071140178,0.422291854904861,0.496935496245031,0.503009555578102,0.715101605959558,0.95366663025779,1.49069785071168,1.79719573967958,2.17253119552322
"XBmRNA70211|XBXL10_1g37211",1.06566723199445,0.957421424117717,1.0423432732853,1.02724066833165,0.955638169159347,1.00162597082108,0.952431357603482,0.955998989220146,1.04163291546683
"XBmRNA70294|XBXL10_1g37250",1.03930092962482,0.993807930418894,1.03940991895785,1.05668939394989,0.995442830616982,1.02122693876542,0.980150805378916,0.908127527900931,0.96584372438629
"XBmRNA70358|XBXL10_1g37277",1.03564054641924,1.00878474458379,1.03656877686972,1.00781473401026,0.984702641975324,0.992470343686595,0.97432096686376,0.960237787845394,0.999459457745916
"XBmRNA70480|XBXL10_1g37336",1.12402654632659,1.03156070438208,1.06913588844502,1.02776620834467,1.12430916168075,0.949437205226233,0.874232740177428,0.854477627140496,0.94505391827675
"XBmRNA70491|XBXL10_1g37344",1.02851262152785,0.978382884044967,1.05399048049318,1.07168007452045,1.03944403797643,0.949404019592854,0.975199123775952,0.879425570875472,1.02396118719284
"XBmRNA70605|XBXL10_1g37407",0.936999376709338,0.957912206027328,1.12492045281926,0.987124663491987,0.829870836336302,0.914631920928047,0.981173266835646,0.941180143310575,1.32618713354151
"XBmRNA70615|XBXL10_1g37413",1.02607972119455,1.00929734726598,0.997426423681604,0.942647545906749,0.916260893670796,0.996989110891658,1.01149545129048,0.982728406174764,1.11707509992341
"XBmRNA70625|XBXL10_1g37418",0.986614491970665,1.04216766875201,1.00271946442139,1.03402255607509,0.982827504080206,1.01105806280442,0.962217047321509,0.969836764735917,1.0085364398388
"XBmRNA70732|XBXL10_1g37468",0.934932275047227,1.00007130494341,1.06501328508631,1.05397314595313,0.938939054911416,1.04305597654871,0.98782942294531,0.902580123238751,1.07360541132573
"XBmRNA70747|XBXL10_1g37476",1.0608890316558,0.984320004941295,0.974491790448895,1.01758249731563,0.995812635808395,0.997387891265121,0.967076133740111,0.971490270878838,1.03094974394592
"XBmRNA70788|XBXL10_1g37500",0.887194931855586,0.898530021401807,1.06958918835636,0.886466317435996,0.827060089876876,0.920801873955893,1.02094082372235,1.1031547859818,1.38626196741333
"XBmRNA7085|XBXL10_1g3876",0.582874895786718,0.598398323083776,0.668813952347469,0.663581966288331,0.675950863047275,0.852877677321789,1.31969977184704,1.58428371980164,2.05351883047595
"XBmRNA70963|XBXL10_1g37585",1.05581846251286,1.01358878874337,1.01608379735756,1.01643532756919,0.972179245195685,1.00402956284158,0.960874643300595,0.958126537286941,1.00286363519221
"XBmRNA70972|XBXL10_1g37589",1.02035582072149,0.990651384784294,0.99879194014701,1.00558987388039,0.992099353414421,1.02601109793935,1.00478192911206,0.925599189879783,1.03611941012121
"XBmRNA71077|XBXL10_1g37636",0.85229700088601,0.848640101408779,0.859452870757204,0.826823256691617,0.887351117743063,0.919281146847228,1.1243564867783,1.1947899742405,1.4870080446473
"XBmRNA71214|XBXL10_1g37689",1.00576124767942,0.981518722499549,1.06827002592195,0.974860233011583,0.925454533244886,1.02841415813329,0.961225413751764,0.998508388164064,1.05598727759349
"XBmRNA71271|XBXL10_1g37714",0.948945317447543,0.993065879835751,1.11678520119454,1.02134840001214,0.977547186225966,1.02980987273916,0.954544759120717,0.962064255171378,0.99588912825281
"XBmRNA71279|XBXL10_1g37719",1.05519828156373,1.07930920619051,1.08586661695615,0.992449101720579,0.864556568497092,0.978784222801488,0.930935137234125,0.959444012177054,1.05345685285927
"XBmRNA71348|XBXL10_1g37749",1.03746194910134,1.02025216266392,1.04884033005837,1.02470812525078,0.974245551428528,1.010581960758,0.925733512546022,0.95063371612209,1.00754269207095
"XBmRNA71402|XBXL10_1g37776",1.00599477604943,1.01190373717513,0.983374972534306,0.996518797430222,0.989003135096578,1.0239875976499,0.94257225375237,1.00144627013454,1.04519846017753
"XBmRNA71452|XBXL10_1g37796",0.987128386508438,0.971336076207111,1.04598932921323,1.01407097946262,0.948959424693272,0.99551714254523,0.95547486970253,0.988060153057837,1.09346363860973
"XBmRNA71462|XBXL10_1g37802",1.06553410914121,0.980869210102821,1.03249248808953,1.00482716085161,1.04888272447464,0.970838506682059,0.959117242064922,0.918871880036511,1.01856667855669
"XBmRNA71477|XBXL10_1g37813",1.02119070387463,0.97535567901659,0.999583896451268,0.962634724563365,1.03438102066055,0.978400027900311,0.965919626977264,0.987094739658481,1.07543958089754
"XBmRNA7147|XBXL10_1g3907",0.93212462879208,0.973285736832854,1.00665712732889,0.924993120666892,0.936858818521696,0.992972436423242,0.986167637452855,1.05042199841399,1.1965184955675
"XBmRNA71586|XBXL10_1g37870",1.02145869011522,1.03643988355763,1.09803336573708,0.948047679532739,0.910195470569515,0.965920598635774,0.937987017429331,1.01368965532768,1.06822763909503
"XBmRNA71655|XBXL10_1g37897",0.977669406408157,0.980051465972921,1.01024155260311,0.978494771349244,1.00451889296232,0.9934886786699,0.923507220998604,1.00337136487639,1.12865664615934
"XBmRNA71760|XBXL10_1g37957",0.978082883318935,0.942198521456486,1.03721094135093,1.01725316402823,0.961790409950318,0.98668539268042,1.00246390521973,0.995264837846305,1.07904994414865
"XBmRNA71892|XBXL10_1g38034",0.500636527464349,0.541282204319887,0.552859050784074,0.523574069594352,0.691829805641597,0.913718453537224,1.51297365022314,1.61770938447556,2.14541685395982
"XBmRNA71913|XBXL10_1g38049",1.03383572538986,0.99350431811339,1.12458071419235,1.00240794261026,0.966150472882794,0.822306149071215,1.03019847867741,0.892842409398394,1.13417378966432
"XBmRNA71933|XBXL10_1g38062",1.00035242856997,0.995600507514874,1.04743341926711,1.03225435413312,0.942248127888043,0.97235512029294,0.967974832204492,1.02947548049411,1.01230572963534
"XBmRNA7199|XBXL10_1g3936",1.04243309591497,0.984099277374814,1.02347426963549,0.998214550884744,0.975356893907905,0.986021519687895,0.959489937526911,0.974423759730393,1.05648669533688
"XBmRNA72060|XBXL10_1g38142",1.00947967912003,1.00699994645609,0.996327208507108,1.00124840479172,0.948639862946081,0.979586457108067,0.992341649062514,1.0294653034252,1.03591148858318
"XBmRNA72210|XBXL10_1g38221",1.05629645555448,0.999994720820239,1.03740149736818,1.00408226387515,0.942790515369929,1.00584247989817,0.945600347892603,1.06067911688924,0.947312602332008
"XBmRNA72264|XBXL10_1g38250",1.04222238397836,1.00064707004601,1.02207054390816,1.04049268848002,0.994558465169627,0.991898650163641,0.959280895817448,0.950194055295395,0.998635247141348
"XBmRNA72365|XBXL10_1g38297",1.02273399993444,1.02651038841415,1.08111189374227,1.03637865595928,0.974425934744455,1.01480999156684,0.930301601941193,0.913721358665464,1.0000061750319
"XBmRNA72367|XBXL10_1g38299",0.982861338756286,0.98991647518698,1.06558108300819,0.966168714357209,0.923139180790097,0.952481682661272,1.0176942457464,0.971384829449875,1.13077245004369
"XBmRNA72511|XBXL10_1g38384",0.981248911498526,0.953723026400581,1.05839743616476,1.01642794459407,0.916015337303046,0.939341424729465,0.997671970884348,0.97064933607878,1.16652461234643
"XBmRNA72532|XBXL10_1g38395",0.959505610140891,0.926770982733914,1.03627218844511,0.939632357461398,0.89209182996834,0.97724124580477,0.955862236058754,1.00720924282006,1.30541430656676
"XBmRNA72560|XBXL10_1g38413",0.944790127855731,1.04270670807133,0.997869536974326,1.00339738023829,0.867478088813083,1.06235869767722,0.951042576874026,1.00594556848105,1.12441131501495
"XBmRNA72569|XBXL10_1g38419",0.983992162453994,1.00218772836989,1.06615339622647,1.02970098590869,0.953549012114962,0.993567799464004,1.00527918647115,0.961810967918889,1.00375876107196
"XBmRNA72624|XBXL10_1g38447",0.983330747875069,0.926212658275024,1.01725415030895,1.03039074179673,1.03616328761073,1.21149425298014,1.09071389720871,0.826093763035003,0.878346500909654
"XBmRNA72658|XBXL10_1g38465",1.04980882085247,0.993277261431128,1.04644582193598,1.00944439009526,0.957340164101718,0.976469190521372,0.98875939990302,0.932566836096541,1.0458881150625
"XBmRNA72900|XBXL10_1g38629",0.70299201292204,0.752207160336373,0.720378294597481,0.798390097276114,0.895440269236416,0.832243454761555,1.24482476944558,1.34509151983548,1.70843242158895
"XBmRNA73032|XBXL10_1g38708",1.03094372398964,0.977358315021981,1.05952346179695,1.00021342876256,0.939607667032806,0.98139459252125,0.969584458906606,0.995147088609877,1.04622726335833
"XBmRNA73071|XBXL10_1g38737",0.974422398045525,0.947624381740466,0.992894460612124,0.952194901784527,0.934670259807608,0.997717175427224,1.0286159562201,1.02332210878523,1.1485383575772
"XBmRNA73072|XBXL10_1g38738",0.980618046786524,1.00632263689623,0.987322306229675,1.04394935522151,0.986815265014259,1.00434116072471,1.03688186492834,0.945360419728775,1.00838894446998
"XBmRNA73126|XBXL10_1g38763",1.02168870047714,1.02651314742007,0.998987865232431,1.01280247209308,0.975431368295297,1.00579260744242,0.980436001213713,0.96109605045641,1.01725178736944
"XBmRNA73205|XBXL10_1g38800",1.01025802734099,0.929683229274057,0.995801999844482,0.967977772188336,0.930191622169526,0.954855790834356,0.994647917248249,1.00928467771623,1.20729896338377
"XBmRNA73284|XBXL10_1g38838",1.00367526983226,1.02539362807474,1.03727650909077,1.06443876912324,0.952720096498323,0.987715039058393,0.975426305697911,0.927530749398762,1.0258236332256
"XBmRNA73348|XBXL10_1g38867",0.951433312297529,1.01411104119071,1.10609067015743,1.04683704982627,0.930744242211863,0.940879367973162,0.986999663694197,1.00913121463242,1.01377343801642
"XBmRNA73391|XBXL10_1g38884",0.958912845635288,1.06529035852224,1.01127479967141,0.999019611473691,0.859322017022283,0.875095201031311,0.973945586347693,1.09143682944185,1.16570275085425
"XBmRNA7340|XBXL10_1g4020",1.02191185440551,0.999847654384678,1.04869618496927,1.01717909400843,0.976078022430267,0.985862483557688,0.974270255465902,0.957472174709229,1.01868227606903
"XBmRNA73463|XBXL10_1g38923",1.04323948417856,1.0272037200507,1.00254923583068,1.02437317032512,0.989124674154871,0.976036998299403,0.977889500755831,0.954587235643092,1.00499598076174
"XBmRNA73471|XBXL10_1g38927",0.972392682109602,0.979472078631658,1.02107229288966,0.938244779164884,0.90535939978963,0.893516279541231,0.998371381461597,1.03663806147454,1.2549330449372
"XBmRNA734|XBXL10_1g632",1.20652612995623,1.13284863630634,1.00068926645907,1.05632119247666,0.948181287852864,0.995981764301783,0.900964148133489,0.931472505483635,0.827015069029933
"XBmRNA73555|XBXL10_1g38981",1.0071373425001,0.976729677461219,0.986169513834289,1.04035098014339,0.936374023989443,0.986475903682093,1.00102128005017,0.981692964933947,1.08404831340535
"XBmRNA73619|XBXL10_1g39032",1.05473777879327,1.04070732367415,1.00701864435952,1.03729251132285,0.967573983148012,0.917731260919102,0.972226180567953,1.02053240762514,0.98217990959001
"XBmRNA73623|XBXL10_1g39035",1.02120761710863,1.01941802026136,1.02436931083941,1.01537259857682,0.987461398083744,1.01695475895802,0.934646176933585,0.97520234520558,1.00536777403286
"XBmRNA73777|XBXL10_1g39134",0.966591640347034,0.990202139741893,1.04676848457126,1.01858764703627,1.03133776110408,1.01237649529406,0.949967842697848,0.959159478028839,1.02500851117871
"XBmRNA737|XBXL10_1g634",1.3360547026026,1.18760645524373,1.01675958060314,1.03177132799065,0.9989328881426,0.944166071061095,0.840921262263725,0.798399703105391,0.845388008987057
"XBmRNA73863|XBXL10_1g39180",0.983950509014051,0.973854464857937,1.00162647824357,0.969273032945197,0.957859018822607,0.974500925165605,0.946081486034199,1.02915468825354,1.1636993966633
"XBmRNA73885|XBXL10_1g39202",0.994776689767868,1.06937274042163,1.04173465380817,1.04835004809082,0.902257801715814,0.959174704839842,0.965937780498244,0.885178913800493,1.13321666705712
"XBmRNA73952|XBXL10_1g39235",0.987079628594555,1.019386522946,1.05807602219474,1.02395319385757,0.952550219120397,0.896039778384569,0.909437347761277,0.999088359325834,1.15438892781507
"XBmRNA74008|XBXL10_1g39268",1.05520077674441,1.07851282800862,1.05646487252304,0.973429157629594,0.995708045271656,1.05832965088266,0.968739637092685,0.871828382306308,0.941786649541035
"XBmRNA74068|XBXL10_1g39301",1.05337684022383,0.995538589769758,0.981346954171269,0.989005951454885,0.950833264841057,0.966226937820748,0.878716919084886,1.00069034283594,1.18426419979763
"XBmRNA74197|XBXL10_1g39364",0.97256045029837,0.999159149856657,1.03593517011416,1.02626803305964,0.960521740652276,0.959345489041162,0.97733649382886,0.965334349423406,1.10353912372547
"XBmRNA74228|XBXL10_1g39380",0.999468797847885,1.01152745480328,1.00037763177538,1.00161124046064,0.942279237628281,0.99573538519513,0.993605154384311,0.972702570975766,1.08269252692932
"XBmRNA74256|XBXL10_1g39399",0.995472817724359,0.983008934467828,1.16545331461716,1.00682338021039,0.99682820912203,0.976710562603963,0.969456040268032,0.809106268876504,1.09714047210973
"XBmRNA74400|XBXL10_1g39473",1.05879181743728,1.05563664896427,1.05100394330943,1.05053261973414,0.933455216131767,0.979652183424325,0.916772494131519,0.954024386625377,1.00013069024189
"XBmRNA74733|XBXL10_1g39729",1.01118564184664,0.975824459038917,1.01138290003309,0.979677008457785,0.970696127226346,0.978640327274183,0.973164869826632,0.997979821193692,1.10144884510271
"XBmRNA74920|XBXL10_1g39817",0.945372055448837,0.940964707435095,1.03450868513165,1.01566930930677,0.959916471611055,1.03414890231103,1.00242567352945,0.992557680289031,1.07443651493708
"XBmRNA74959|XBXL10_1g39842",1.01070970987261,1.02684954175282,1.03497746883849,1.04831488252007,0.872533459353123,0.945451977185675,1.05895259299311,0.87050113060939,1.13170923687471
"XBmRNA75036|XBXL10_1g39899",1.0007578642776,0.983089407016476,0.9853029065921,1.01315181406113,0.987854088314389,0.977610337663341,0.97538906894785,0.990672273859208,1.08617223926791
"XBmRNA75043|XBXL10_1g39903",1.03336737218187,0.955155826281087,1.03109722314739,0.961331583215657,0.964256076626742,0.987694355020601,0.988889145972297,0.990016229672702,1.08819218788165
"XBmRNA75069|XBXL10_1g39912",1.21652860522708,1.09892197775928,1.00781514829373,1.18347211360829,1.07269819461754,1.01117977202573,0.774963530587455,0.86454720434889,0.769873453532007
"XBmRNA75126|XBXL10_1g39957",0.99541945419044,0.995673005919693,1.03341491835568,1.00144988750489,1.00307183068077,1.01745493206319,0.961583710513973,0.968876032400228,1.02305622837114
"XBmRNA75129|XBXL10_1g39959",0.987089253851015,0.951124846371204,0.976283849699966,1.01055772479112,0.898610324136872,1.01340443061855,0.991088941870301,0.983378648731156,1.18846197992982
"XBmRNA75179|XBXL10_1g39975",0.998399107000264,0.984663685405437,1.04307188250985,1.00659187505353,0.990247196371528,0.998064893730385,0.951997327153639,0.975228777960617,1.05173525481475
"XBmRNA75253|XBXL10_1g40003",0.993457313866664,0.958611006496745,0.959758484812567,0.931591408433309,0.980250580143441,0.978928852223207,1.02045948718419,1.01514370988577,1.16179915695411
"XBmRNA75307|XBXL10_1g40035",0.993990512842933,0.967314190244182,1.09947514215223,0.977377611576076,1.06259032443624,0.947786582068573,0.944747376313855,0.929065392402691,1.07765286796322
"XBmRNA75341|XBXL10_1g40058",1.046241130857,0.98647633388758,1.06950032870532,1.01826488605958,0.945415612410946,1.01814518242871,0.964971391206534,0.948125751580803,1.00285938286353
"XBmRNA75378|XBXL10_1g40076",1.04268027723333,1.02931335394701,1.03616137271628,1.01949858866373,0.987435289559024,1.00134524942879,0.971864869366584,0.96092997632673,0.95077102275852
"XBmRNA7540|XBXL10_1g4093",1.02575348428856,0.965696617010692,0.979631966942932,1.05867813748578,0.998178796267499,1.04071401965583,0.933654238137985,0.943052063435463,1.05464067677525
"XBmRNA75660|XBXL10_1g40210",0.958063904299289,1.0306106203537,1.12729471027404,0.999352155601893,0.890624343755644,0.926821027843688,0.967495634880697,1.05297036425315,1.04676723873789
"XBmRNA7569|XBXL10_1g4115",0.878306735042269,0.827846876834586,0.965472174630064,0.905076974772814,0.914594555436642,1.00409804233233,1.0362646410016,1.09169144465445,1.37664855529524
"XBmRNA75830|XBXL10_1g40336",0.267700382218983,0.32214175938228,0.41273816954252,0.422942501513476,0.56794530514567,0.839948205802926,1.76142789573954,1.74236589663826,2.66278988401635
"XBmRNA75895|XBXL10_1g40366",1.03972725832023,1.00160891136045,1.00838378488486,1.0077974278315,0.960587377970803,0.98163785628843,0.991664961273496,0.968091696515288,1.04050072555494
"XBmRNA75928|XBXL10_1g40384",0.987860142581519,0.892616505509586,1.24413743707758,1.03917252585745,0.873237133771899,1.02270340040654,0.90728956238005,0.995998096061437,1.03698519635395
"XBmRNA7594|XBXL10_1g4126",1.03032321373317,1.02116635446898,1.03033860504556,1.01440752329013,1.03016394011756,1.03109289037291,0.992727938263887,0.934795999898553,0.914983534809245
"XBmRNA75962|XBXL10_1g40404",1.00663032020358,1.01172366525892,1.07526438984711,1.02060633737551,0.921068682636581,0.966215190907808,0.955121443980248,0.980745416810442,1.06262455297981
"XBmRNA75989|XBXL10_1g40415",0.999371205715169,0.999664238886678,1.03651208093743,0.991110567592889,0.961782870105746,0.968748882231184,0.992540770833642,0.996494897279535,1.05377448641773
"XBmRNA75992|XBXL10_1g40417",1.00690881471978,0.961220628428413,1.07249264720825,1.06896299360288,0.93413611130931,0.952808905361361,0.983510220706119,0.961114473471286,1.05884520519261
"XBmRNA76053|XBXL10_1g40437",1.11677275862717,1.05321411169245,1.08351071280014,1.09955548630642,0.964244654972565,0.944110546754628,0.879330935386052,0.947290024539996,0.911970768920573
"XBmRNA76142|XBXL10_1g40474",1.06043019462075,0.991598331266411,1.04919350222925,1.04052793843796,0.948240487440109,0.932830599118515,0.964921588948066,0.957609590450244,1.0546477674887
"XBmRNA76188|XBXL10_1g40496",1.05618360721525,1.03217568074046,1.01107617654631,0.974955624337275,1.01665186189914,1.03061111753367,0.957116629732874,0.955656458330438,0.965572843664582
"XBmRNA76236|XBXL10_1g40519",0.987202093871802,0.997431650274799,1.03530358036983,1.03810648294886,0.971344913328637,1.10559501119701,0.917359947668436,0.955809340874071,0.991846979466556
"XBmRNA76512|XBXL10_1g40641",1.01202126394481,0.989141214597403,1.00823320137676,1.00557944195684,1.01585816745125,1.00552693025411,0.982063094497007,0.957890342878883,1.02368634304293
"XBmRNA76580|XBXL10_1g40675",0.987430681635743,0.936424408869099,1.01200809631454,0.967843243083727,0.995502195497476,1.00507661611682,0.991437271170971,0.97279608578547,1.13148140152616
"XBmRNA765|XBXL10_1g642",1.09520298944891,0.942107535723372,1.04843149369541,0.92424191983024,0.920314839447479,1.05066250051756,0.997603509980117,0.930182765810977,1.09125244554593
"XBmRNA76616|XBXL10_1g40691",1.05436608304929,1.00218098329297,1.01093254225638,0.992949861966266,0.965087103823572,0.999371681441126,0.999297408256652,1.01871628635016,0.95709804956359
"XBmRNA76651|XBXL10_1g40707",1.0669689509656,0.969739745758649,1.06681088915921,0.954300613889526,0.937427938436236,0.892636943076539,0.98042761507243,1.01563126558333,1.11605603805848
"XBmRNA76725|XBXL10_1g40741",0.966974742008301,0.906894489244483,1.0334973519587,1.02644225425447,0.988688816357535,0.964726338279131,0.956182317298679,0.999410021469951,1.15718366912875
"XBmRNA76785|XBXL10_1g40774",1.02582788140551,0.998308007201526,1.0399955942165,1.01564924657866,0.975182661801822,1.00190115197267,0.982808590240144,0.947332380790061,1.01299448579312
"XBmRNA76817|XBXL10_1g40784",1.01861125137939,0.983220303550148,1.04934069177204,1.01694469615287,0.927291226807676,0.997385654098983,0.95375811426357,0.997286299311217,1.05616176266411
"XBmRNA76904|XBXL10_1g40814",1.02288817319793,1.00796318991015,1.05987920131572,1.01321229072185,0.977301099819318,1.01551067704567,0.965078631680508,0.948765401050547,0.989401335258307
"XBmRNA7690|XBXL10_1g4171",1.37173384488441,1.34990113013919,1.4265232268269,1.22181198986397,0.941117843549668,0.949609899959645,0.618017988491194,0.567959275757671,0.553324800527352
"XBmRNA76940|XBXL10_1g40827",1.0031568070094,0.996312753445435,1.06263443698822,1.02215777292511,0.988951449425093,1.01584576647674,0.93820053438089,0.971458426694037,1.00128205265507
"XBmRNA77039|XBXL10_1g40857",1.02717341210231,1.02165730406836,1.09542362255757,1.0046579700392,0.942906950220228,0.963842216812153,0.972976887715002,0.96007266783242,1.01128896865277
"XBmRNA77056|XBXL10_1g40860",0.951671763670638,1.00197988760169,1.00583946772683,0.934464036966626,0.927872095403733,1.01252102361394,0.992327903781231,1.03262761509954,1.14069620613576
"XBmRNA77180|XBXL10_1g40906",1.00791811213395,1.00654978472448,1.07827416479535,1.01079693647132,0.941310613660011,0.953308324759037,0.979067289861409,0.973059250162136,1.0497155234323
"XBmRNA77181|XBXL10_1g40907",1.06782699152147,0.961071465095935,1.00317407573509,1.02686177234172,1.03764787185228,1.01779776828127,0.963968694548589,0.948981406736453,0.972669953887187
"XBmRNA77233|XBXL10_1g40940",1.03653911423494,0.980411391840277,1.05831735731273,1.00316106440846,0.968029984753218,0.954247296025668,0.969606388001804,0.980980605132363,1.04870679829054
"XBmRNA77284|XBXL10_1g40966",1.01905388634162,1.02090856154421,1.05401118953094,0.994627579928702,0.906987362875746,0.984376832595262,0.927176242104481,0.964242271460376,1.12861607361866
"XBmRNA77319|XBXL10_1g40988",0.993773106632818,1.00856853728684,1.03024196963876,1.00840348764332,0.988846959791958,1.02761218411335,0.959249988269204,0.982838455833129,1.00046531079063
"XBmRNA77321|XBXL10_1g40989",1.06273887200847,0.992469471474245,1.09939519539956,1.00079938529638,0.971889506545938,1.00465876171154,0.952504783292911,0.942434986929431,0.973109037341536
"XBmRNA77331|XBXL10_1g40994",0.997306033047998,1.00873202767498,1.01574073142263,1.00244442628008,0.967287961352597,1.01777777942414,0.971057483227048,0.986758609411135,1.03289494815938
"XBmRNA77338|XBXL10_1g40997",0.905524696808506,0.834817289825184,0.81523473485406,0.867083417010061,1.14289848955116,1.18002037066277,1.09515490804518,1.07410971873606,1.08515637450701
"XBmRNA77406|XBXL10_1g41026",1.07915079139196,1.00462601633396,1.04429640854271,0.986491643689818,1.02972540242114,0.995783902272901,0.962167688350794,0.947319402008925,0.950438744987792
"XBmRNA77408|XBXL10_1g41028",1.14407875421574,0.979536095448428,1.09702292765802,1.06944321965048,1.05728455055264,1.00438669384156,0.98978769113379,0.830881460492141,0.827578607007209
"XBmRNA77440|XBXL10_1g41045",1.06028105188391,1.0059964285871,1.03161371522801,1.00116205379344,0.982191147470487,0.970755481173218,0.942361733037279,0.98855033865456,1.017088050172
"XBmRNA77533|XBXL10_1g41090",0.986521880901124,0.967768753768834,1.14510732713953,0.956434348551487,0.984579579402806,1.11429292487141,0.918604227123036,0.929488142374064,0.997202815867716
"XBmRNA77577|XBXL10_1g41106",1.02745010927717,0.978436022443304,1.02229763903209,1.0179063065578,1.02034361838999,0.996286873577868,0.968628085670245,0.949572280451417,1.01907906460012
"XBmRNA77615|XBXL10_1g41137",1.00078946275767,1.00036542368849,1.02317483977347,1.00626822693928,0.942392777965002,0.948895854729103,0.990547943659924,0.99532298046485,1.09224249002221
"XBmRNA77781|XBXL10_1g41221",1.02887511567281,1.01853737072627,1.04295524323907,1.01044648033543,0.974468994038203,1.00914298878747,0.962446502401047,0.925618619526198,1.0275086852735
"XBmRNA77784|XBXL10_1g41224",0.985273368977855,1.11091762962445,1.18685030398844,1.02344068555053,1.03162770655589,1.05741122131197,0.942498342149889,0.874992410833297,0.786988331007674
"XBmRNA77949|XBXL10_1g41310",0.985989157546653,0.981722880253572,1.07483326303716,1.01784671288034,0.974231217401331,1.01371098697615,0.979211481380236,1.00479394966284,0.967660350861726
"XBmRNA78003|XBXL10_1g41333",1.03821454391763,0.998875037662496,1.04198835410876,1.01678712613875,0.967230634720284,1.00317614059002,0.991687251898236,0.967438280929568,0.974602630034247
"XBmRNA78126|XBXL10_1g41402",0.991169351356117,1.00202181300096,1.05904279340528,0.953681856701718,0.957518481414135,1.02524715599738,1.00851710273445,0.950461837828653,1.05233960756131
"XBmRNA78162|XBXL10_1g41424",0.977362263739053,0.997033747237946,1.07065774948154,1.02073893415702,0.960371767183544,0.973975816743699,0.985866446946773,0.975322742664307,1.03867053184612
"XBmRNA78210|XBXL10_1g41442",0.993396282990398,0.967999570842775,1.03696863564262,1.00072982366295,1.00626962519339,0.994252281375058,0.969622690190561,0.958577051170766,1.07218403893149
"XBmRNA7862|XBXL10_1g4256",0.46217991815204,0.461875597130503,0.478637285010475,0.522651781851132,0.570106566070185,0.774222932476846,1.52123774668486,1.67452890943553,2.53455926318842
"XBmRNA78794|XBXL10_1g41853",0.841951388356013,0.879868123138211,0.88611574115003,0.862629592406977,0.862158943986838,0.878092741200904,1.09230176257188,1.17087397438916,1.52600773279999
"XBmRNA78850|XBXL10_1g41890",1.07265789761671,1.00051230275599,1.02505510482398,1.04625355420336,0.998610344610059,0.974388104246204,0.989084011209625,0.928829315339586,0.964609365194481
"XBmRNA78952|XBXL10_1g41960",0.0325246256447896,0.0379199971958056,0.0682821462853452,0.0667348532099367,0.698687017654597,1.14281616873328,1.92952265544378,2.14899420431742,2.87451833151505
"XBmRNA79048|XBXL10_1g42045",1.03298441163682,1.00695726313311,0.98739020326045,0.97267599532347,0.977433897323441,0.990620783340722,0.977364734765649,0.968095201855546,1.08647750936079
"XBmRNA79077|XBXL10_1g42059",1.20793583062784,1.02464725200407,1.14749366225027,1.08603078650492,0.974324408380878,1.05296647291834,0.893670518153503,0.752022705138293,0.860908364021891
"XBmRNA79134|XBXL10_1g42089",0.995084904786266,0.988722828740698,1.04594778852437,0.982604724424163,0.930269716558662,0.963622990401306,0.993655628332684,0.979492483136155,1.1205989350957
"XBmRNA79231|XBXL10_1g42151",0.990745598507625,1.03276589448304,1.04984345463864,1.01225747235445,0.891926702745197,0.909998011786328,0.953261770601288,0.996401790796301,1.16279930408713
"XBmRNA79260|XBXL10_1g42161",0.966536421478977,0.981066804061368,1.00300201993386,1.03165408065369,0.873007514378538,0.953779566571825,0.95762324381162,1.09478308001726,1.13854726909287
"XBmRNA79300|XBXL10_1g42182",1.01508390345011,1.0560396411587,0.992593536330249,1.04119186429459,0.988377157108536,0.904983718716146,0.93794070454375,0.989758239099668,1.07403123529825
"XBmRNA79376|XBXL10_1g42229",1.01573571966918,1.08998465770635,0.997737478130872,1.01753100897751,0.894444563737907,0.905710117301507,1.09135348814632,0.994271732651598,0.993231233678757
"XBmRNA79409|XBXL10_1g42246",1.05776625845559,1.01435763632962,1.03111291984209,1.02783840336775,0.972458383274265,0.969515601832347,0.97232914203285,0.956563180174047,0.998058474691437
"XBmRNA79438|XBXL10_1g42261",1.06015571919471,1.07944180032378,1.0902509626085,1.01927480185502,0.888185413906535,0.932179532794408,0.915456623280517,0.966295103805438,1.0487600422311
"XBmRNA79441|XBXL10_1g42263",1.01070888301508,1.04608846471085,1.04186608245032,1.00375131523138,0.977408922478941,1.03683838669291,0.948985366252265,0.961915493982161,0.972437085186089
"XBmRNA79531|XBXL10_1g42310",0.987424387860774,0.924775548756373,0.960958100794687,0.956464738644782,0.922637542253576,0.941477810694204,1.00438297746717,1.05650073473729,1.24537815879114
"XBmRNA79599|XBXL10_1g42365",1.00277926641671,1.00052810880984,1.02802652509805,1.00828073691427,0.984234931222462,0.991145068310146,0.98746572378596,0.94993266842813,1.04760697101444
"XBmRNA7966|XBXL10_1g4292",1.0296242775276,1.00549752532659,0.992718002837696,0.994763391296951,0.93884660856213,0.965135269789656,1.02898529642891,0.994591985977169,1.0498376422533
"XBmRNA79762|XBXL10_1g42436",1.01539498158944,0.993147967969944,1.00564998292454,0.992075512100058,0.945564380140202,0.977615879730547,0.992092285778352,0.994138368928749,1.08432064083817
"XBmRNA79809|XBXL10_1g42466",1.0371590922566,1.03292343881467,1.06561418218771,1.04487909633832,0.990467746280916,1.00016723379913,0.955451602528109,0.914948566609037,0.95838904118551
"XBmRNA7993|XBXL10_1g4311",0.982240370781204,1.05762695936905,1.18367944765214,1.13974688132002,1.06271395386269,1.09574055295825,0.905968895334548,0.762949295585684,0.809333643136412
"XBmRNA80099|XBXL10_1g42597",0.992485742289129,1.02802980478296,0.929892864745894,0.967470228000995,0.979079347474107,1.01991311718264,0.979928183161823,0.979788601786628,1.12341211057583
"XBmRNA80123|XBXL10_1g42612",0.909954181415481,0.998520990053036,0.92991243022751,0.976836835633975,0.947975183021529,1.05214393782374,1.02783792358395,1.00058990078115,1.15622861745964
"XBmRNA80294|XBXL10_1g42707",1.02026676030248,1.00101753316309,1.05998844432449,1.0618260390633,0.959837817905774,0.995080682430689,0.956468244133639,0.940667171542411,1.00484730713414
"XBmRNA802|XBXL10_1g657",1.0378142873152,0.972550859527217,1.04619352542882,0.979449246846839,1.05125468277921,0.974764879264109,0.906094100966692,0.930685662336382,1.10119275553553
"XBmRNA80399|XBXL10_1g42766",1.01565047125069,0.982890295759159,1.03878462562426,1.01033785817875,0.995682725055818,0.978305751881378,0.981670332806679,0.988423317044905,1.00825462239836
"XBmRNA80429|XBXL10_1g42781",0.40199405136333,0.477244078688267,0.439103766416578,0.527518131571082,0.697303070474616,0.912581388382064,1.6024572013551,1.6878912800266,2.25390703172236
"XBmRNA80431|XBXL10_1g42783",1.0098223381161,1.0048112764089,1.04281701946622,0.992416338258451,0.946251319638503,0.978539719657633,0.985627988452827,0.997315608010963,1.0423983919904
"XBmRNA80535|XBXL10_1g42839",1.07641255341347,0.988787591807625,0.971684432447308,1.04137933406807,0.983441072500001,1.01700080670221,0.975258535382756,0.938476106036849,1.00755956764172
"XBmRNA80539|XBXL10_1g42842",0.978200421063362,1.00888219400822,1.0640079938533,1.00381122188011,0.960972835058575,0.984019187623938,0.984985893722778,0.982288750824215,1.0328315019655
"XBmRNA80661|XBXL10_1g42925",1.03988024809135,0.992224148543805,1.0169072648804,0.981539279857128,0.942391071799706,1.00155594117319,0.969837478805261,0.986305916307356,1.06935865054181
"XBmRNA80768|XBXL10_1g42972",1.05871697229174,0.962976749989255,0.964108629616449,1.09138450765191,1.05503445255676,1.03262555226575,0.913146331784368,0.944540693802982,0.977466110040789
"XBmRNA80797|XBXL10_1g42983",1.00249029585716,1.04140766286812,1.07956165205024,1.0499846365285,0.960075296110413,0.979877364296097,0.950870073130394,0.917248676650872,1.01848434250821
"XBmRNA80908|XBXL10_1g43044",1.04146303287673,1.00581214009874,1.0133745984831,0.99206439118028,1.02991853592061,0.96711306981863,0.992277986807366,0.95802866129938,0.999947583515162
"XBmRNA81241|XBXL10_1g43221",0.981450345688733,1.00004963527296,1.02860671323124,1.00284462815983,0.97208007710937,0.963468200872536,0.967476023605684,0.979216701946949,1.10480767411271
"XBmRNA81307|XBXL10_1g43249",1.02787846938979,0.993270399463941,1.0856240358676,1.06772372909384,0.982702989581437,0.952838854951567,0.943134662166285,0.923624597406515,1.02320226207903
"XBmRNA81390|XBXL10_1g43293",1.04051675170874,1.02188259936738,1.00804735759433,1.022719246778,0.923169474368427,0.992330774995439,0.947975175155359,0.958152247635386,1.08520637239694
"XBmRNA8149|XBXL10_1g4381",1.00678398086383,1.00158493785192,1.04571514796701,0.999295686297641,0.952005255119591,0.959751247008271,0.965399609832049,1.02763455114474,1.04182958391496
"XBmRNA81597|XBXL10_1g43398",1.01091852650043,1.01527960709739,1.0445585312655,1.01187502997796,0.940839046216004,0.941012557698175,0.963171726564191,1.00270005983966,1.0696449148407
"XBmRNA81723|XBXL10_1g43450",1.24463158308702,1.21070331631357,1.29892519481597,1.1134689122578,1.09271997546301,1.05279508237757,0.774347346497863,0.682437485285187,0.529971103902007
"XBmRNA8173|XBXL10_1g4392",0.795073260470314,0.695271467076828,0.721765259792236,0.734487035112503,0.760056711413532,0.853654943261547,1.27621155835328,1.35402000778915,1.80945975673061
"XBmRNA8176|XBXL10_1g4394",1.03017652876739,0.98375520433303,1.07723494524022,1.02482388670671,0.959622207734221,1.02255987533591,0.915799484646735,0.979199958696105,1.00682790853968
"XBmRNA81787|XBXL10_1g43467",1.11219568244774,1.04512541210243,1.05298830685073,0.983906641362008,0.964395234823599,1.07008636570892,0.893735580151682,0.853466977440223,1.02409979911268
"XBmRNA82078|XBXL10_1g43606",1.06057460705313,1.02853398075352,1.03217694886861,1.01791832527572,0.928977074173554,0.993148565679802,0.971683531561828,0.912755501508232,1.0542314651256
"XBmRNA82264|XBXL10_1g43700",0.912916041409113,1.00654821162475,1.12434134979345,0.921824507420137,0.922404024040626,1.07553537903715,0.910801787215922,0.993084601015433,1.13254409844342
"XBmRNA82312|XBXL10_1g43724",0.970847445260343,1.00188786014135,1.06191107886276,1.01684164672477,0.980874866116293,0.918278871792334,0.899651436408668,1.02374252198827,1.12596427270521
"XBmRNA82320|XBXL10_1g43729",1.0328386710128,1.00387318904078,1.01671080309506,0.997498275623243,0.988249282856363,1.00454138038404,0.972300825957784,0.966812263623457,1.01717530840647
"XBmRNA82321|XBXL10_1g43730",1.07468928377179,0.939913236056853,1.09330716558273,0.993056343242662,0.984895544086168,1.01700831218532,0.977771255591742,0.933031101881454,0.986327757601282
"XBmRNA82324|XBXL10_1g43733",1.02655692625397,0.961662933761959,1.00549306593473,1.01667139521783,0.976405417177321,0.999855632225436,1.01382467619717,0.962972321585577,1.03655763164601
"XBmRNA82329|XBXL10_1g43735",1.00989033136457,0.995287089430337,1.03103348549652,0.956223963754904,0.997465821301586,1.0559081646501,0.999808033721275,0.970455645179013,0.9839274651017
"XBmRNA82334|XBXL10_1g43737",1.10047495746202,0.987448498081426,1.01031636557426,1.05746831607782,0.948290171241034,1.02456626620611,0.879052107325371,0.949967448311214,1.04241586972074
"XBmRNA82518|XBXL10_1g43842",1.01926622571278,0.97261440332424,1.00482385837266,0.994466149566158,0.959234379220213,0.970808588130938,0.983809034113636,0.994414567128021,1.10056279443135
"XBmRNA82642|XBXL10_1g43919",1.00805858134536,1.02669611966415,1.09625619514052,1.02765440163134,0.936842794988539,0.990686617898313,0.931002569021572,0.947889728811874,1.03491299149834
"XBmRNA82723|XBXL10_1g43971",0.956903132031301,1.07209641049097,1.0462642919144,0.999597807537749,0.914965152405198,0.975408278710686,0.934642398850407,0.996876025326939,1.10324650273235
"XBmRNA82833|XBXL10_1g44031",1.05783593847485,0.998604720647787,0.995963108847737,0.997596125418017,0.994289484864767,0.984748064002911,0.963989935178173,0.961806097623106,1.04516652494265
"XBmRNA8288|XBXL10_1g4456",1.01526630335296,1.00453917547453,1.03355523537015,1.00862210980412,0.972318227521702,1.04942580037086,0.910964225563349,0.966392859878958,1.03891606266337
"XBmRNA82901|XBXL10_1g44067",1.05174248425244,0.988829538605775,1.05443683668827,0.965852126683193,0.966305302207912,0.978972919482166,0.960001618347426,0.971056182147213,1.06280299158561
"XBmRNA83017|XBXL10_1g44131",1.03444683518452,1.01028079572164,0.974807410718917,1.00438511506487,0.947684884069331,0.973750342282724,0.982145726214172,1.05811194090048,1.01438694984335
"XBmRNA83035|XBXL10_1g44154",0.915071501400015,1.00828586939985,1.07780126968047,0.952829097147055,0.977866043295976,0.990818782638982,1.02708675334599,0.970148385336035,1.08009229775562
"XBmRNA83147|XBXL10_1g44234",0.499181282059063,0.488255245331608,0.520001671988723,0.556674337019714,0.587495359385755,0.781295532108397,1.53575982208912,1.66535408631624,2.36598266370138
"XBmRNA83202|XBXL10_1g44267",1.01188899188499,0.998834094327,1.01299279935502,1.03480247773469,0.999135221534335,0.988737043213744,0.987573608137216,0.951886086620833,1.01414967719217
"XBmRNA8325|XBXL10_1g4480",0.852742454200165,0.948797498670024,1.05015850323426,0.961306564802045,0.984578090377401,0.956900968647366,1.06635697735851,1.03373840659062,1.14542053611961
"XBmRNA83374|XBXL10_1g44362",1.0389530597733,0.987411402853593,0.9992636875534,0.999369990421756,1.01121273470306,1.0254859034457,0.966716839307474,0.947996899714613,1.02358948222711
"XBmRNA83487|XBXL10_1g44430",1.03243016025713,0.99848017191381,1.04434832294901,1.00388819626082,0.973727416625368,1.0136560173083,0.936039755514251,0.940557968933187,1.05687199023813
"XBmRNA8412|XBXL10_1g4531",1.01179176390169,0.989583963428107,0.977011218267391,0.950042126305165,1.04727740548997,0.973199107154523,0.948734737304216,1.03620483291407,1.06615484523487
"XBmRNA8507|XBXL10_1g4592",1.01913114143983,1.01296610290004,1.04284284256395,0.997568355301678,0.954833512488151,0.992459724912733,0.975059488656104,0.973275978826038,1.03186285291148
"XBmRNA8553|XBXL10_1g4612",1.01198233236585,0.966952661569119,1.06996958905476,1.03160403091638,0.971452246023087,1.00779582128672,0.925327297225442,0.973756553561867,1.04115946799677
"XBmRNA861|XBXL10_1g687",1.01935803362517,0.994248392443162,1.00915839155358,1.02744425952279,0.990785185899733,1.01551414096724,0.939805223849922,0.989067546561073,1.01461882557734
"XBmRNA8789|XBXL10_1g4729",1.02080119516887,1.02593631757681,1.05983013891756,0.9859218882259,0.937875353297901,0.940818388844482,0.957962615155677,0.98402262835916,1.08683147445364
"XBmRNA8801|XBXL10_1g4738",0.995918853152453,0.991134668228834,1.00210052084087,1.05203075133088,0.956441440701703,0.979578539120316,0.921982269426133,1.01344100384152,1.08737195335729
"XBmRNA8821|XBXL10_1g4751",1.13585130953136,1.05824703690053,1.08659079830178,1.07300425273718,1.06795371906779,1.04273868290469,0.933787727644508,0.815878498619104,0.785947974293054
"XBmRNA8825|XBXL10_1g4752",1.03558591735288,1.02284868060343,1.00785664640413,0.999693417065878,0.981776023100606,0.965592765822676,1.01113764874657,0.978771992501049,0.996736908402783
"XBmRNA9138|XBXL10_1g4885",1.06806483860517,0.99989646753559,1.06102235007405,1.06830913968339,0.924806811760361,0.92867607061426,1.01489488066702,0.926965208670985,1.00736423238917
"XBmRNA9139|XBXL10_1g4886",1.0481752623803,1.0221212913255,1.05837434642616,1.00258744260029,0.960100249251661,1.01805190220689,0.896590001166251,0.965973567867028,1.02802593677592
"XBmRNA920|XBXL10_1g709",1.01056847443832,1.01131122813135,1.03097128907875,1.02521433181902,0.949001919977335,0.998180036184974,0.978865643010239,0.943128030950936,1.05275904640907
"XBmRNA9228|XBXL10_1g4933",1.15276728635041,1.08215060105035,1.12795654915072,1.0612642873982,1.00320736482332,0.982273281150305,0.908369173034683,0.858340907218431,0.823670549823583
"XBmRNA925|XBXL10_1g711",1.01493578643317,1.0069834204295,1.02259975529625,1.00078237814603,0.992761178223715,1.03688393979132,0.986433887369076,0.955950318324085,0.982669335986861
"XBmRNA9302|XBXL10_1g4971",1.0257743501826,0.989060873001659,1.0504938926771,1.00913752181063,0.964409000008185,0.982361864181979,0.936294315948499,0.986586143518117,1.05588203867123
"XBmRNA9348|XBXL10_1g4994",1.00342318032214,1.03433482186103,1.04574654222878,1.00734162033208,0.960442868904808,0.971471325468858,0.969542678818093,0.945316724868658,1.06238023719554
"XBmRNA9364|XBXL10_1g5004",1.02579912218375,0.938763730396755,1.0423864281195,0.976024904735498,0.96292514896959,0.992693446730874,1.01033872407241,1.03491488206359,1.01615361272803
"XBmRNA9408|XBXL10_1g5050",1.01650131651567,0.978812100687317,1.20797820822246,0.991346428481897,0.936812508133884,0.998499765398016,0.880312901425772,0.962717985636613,1.02701878549836
"XBmRNA9487|XBXL10_1g5095",1.00120401939824,1.00690428932318,0.995491678912695,1.01437970614618,0.934728273989201,0.931501746860108,0.965384944223292,1.0461956770341,1.10420966411299
"XBmRNA9574|XBXL10_1g5147",0.981458731850342,0.957388347618428,0.981372138838907,0.986392738936014,0.98669153135598,0.961035445023257,0.967201371934675,1.01226473289855,1.16619496154384
"XBmRNA9705|XBXL10_1g5229",1.24073039154484,1.12164909946765,1.1660607658847,1.05287340845425,0.783106806697125,0.787281990286076,0.739203455652696,0.932444062258997,1.17665001975367
"XBmRNA9841|XBXL10_1g5293",0.998215385648514,0.948903292060529,1.08024912801742,1.03456665522092,0.993420206944112,0.911844782439537,0.9028752440625,0.972706224207593,1.15721908139888
"XBmRNA9924|XBXL10_1g5332",0.99682881555474,0.973519024610739,1.02285170616697,0.986360132137285,0.954727690043277,1.00730097413031,0.958715933831478,1.00508380106358,1.09461192246162
