Protein1,Protein2
tr|Q9VGH2|Q9VGH2_DROME,XBmRNA6922|XBXL10_1g3790
tr|Q9VM37|Q9VM37_DROME,XBmRNA66311|XBXL10_1g35104
tr|Q8IRH1|Q8IRH1_DROME,XBmRNA79444|XBXL10_1g42264
tr|Q9VRK9|Q9VRK9_DROME,XBmRNA22949|XBXL10_1g12277
tr|Q9V4A1|Q9V4A1_DROME,XBmRNA60908|XBXL10_1g32320
sp|Q23978|MY31D_DROME,XBmRNA73866|XBXL10_1g39182
sp|Q23979|MY61F_DROME,XBmRNA17615|XBXL10_1g9445
tr|Q9VBN9|Q9VBN9_DROME,XBmRNA31476|XBXL10_1g16892
tr|Q9VZX6|Q9VZX6_DROME,XBmRNA22154|XBXL10_1g11861
tr|A1ZBM2|A1ZBM2_DROME,XBmRNA22586|XBXL10_1g12109
sp|O46102|PAPD1_DROME,XBmRNA50219|XBXL10_1g26845
tr|Q9W2T3|Q9W2T3_DROME,XBmRNA553|XBXL10_1g483
tr|Q9VD14|Q9VD14_DROME,XBmRNA49886|XBXL10_1g26687
tr|A1ZBA5|A1ZBA5_DROME,XBmRNA52758|XBXL10_1g28095
tr|Q9VJ55|Q9VJ55_DROME,XBmRNA44918|XBXL10_1g24003
tr|Q9VCV0|Q9VCV0_DROME,XBmRNA11814|XBXL10_1g6296
tr|A0A6H2EJG3|A0A6H2EJG3_DROME,XBmRNA77130|XBXL10_1g40882
tr|Q9VZ77|Q9VZ77_DROME,XBmRNA82648|XBXL10_1g43925
tr|Q7KVA7|Q7KVA7_DROME,XBmRNA37348|XBXL10_1g20140
tr|Q9W0I7|Q9W0I7_DROME,XBmRNA46909|XBXL10_1g25126
tr|Q7K2I4|Q7K2I4_DROME,XBmRNA28780|XBXL10_1g15404
tr|O76521|O76521_DROME,XBmRNA13754|XBXL10_1g7306
tr|Q7K5K0|Q7K5K0_DROME,XBmRNA24301|XBXL10_1g12859
tr|Q9VXE3|Q9VXE3_DROME,XBmRNA45668|XBXL10_1g24396
tr|Q9V3Q9|Q9V3Q9_DROME,XBmRNA72230|XBXL10_1g38237
tr|Q8SWT2|Q8SWT2_DROME,XBmRNA45019|XBXL10_1g24071
tr|A1Z759|A1Z759_DROME,XBmRNA3160|XBXL10_1g1782
tr|Q9VD58|Q9VD58_DROME,XBmRNA6446|XBXL10_1g3513
tr|Q9VGB6|Q9VGB6_DROME,XBmRNA28213|XBXL10_1g15130
tr|A1Z9P1|A1Z9P1_DROME,XBmRNA35794|XBXL10_1g19362
tr|Q0E910|Q0E910_DROME,XBmRNA3145|XBXL10_1g1775
tr|A8DYB0|A8DYB0_DROME,XBmRNA43965|XBXL10_1g23550
sp|Q9VLT5|POE_DROME,XBmRNA64144|XBXL10_1g34022
tr|X2JA38|X2JA38_DROME,XBmRNA1713|XBXL10_1g1096
sp|P33450|FAT_DROME,XBmRNA7312|XBXL10_1g4000
sp|Q24498|RYR_DROME,XBmRNA68402|XBXL10_1g36141
tr|Q9VAV5|Q9VAV5_DROME,XBmRNA4933|XBXL10_1g2794
sp|Q9VR91|HERC2_DROME,XBmRNA14648|XBXL10_1g7777
tr|A8JTM7|A8JTM7_DROME,XBmRNA76563|XBXL10_1g40664
sp|P37276|DYHC_DROME,XBmRNA67877|XBXL10_1g35915
tr|Q9W4Y3|Q9W4Y3_DROME,XBmRNA60876|XBXL10_1g32312
tr|A8JNJ6|A8JNJ6_DROME,XBmRNA68177|XBXL10_1g36047
tr|Q0E8P6|Q0E8P6_DROME,XBmRNA16020|XBXL10_1g8466
tr|Q9VWZ3|Q9VWZ3_DROME,XBmRNA7754|XBXL10_1g4197
sp|Q9VU08|VP13D_DROME,XBmRNA59276|XBXL10_1g31343
sp|Q9VC56|PUF_DROME,XBmRNA42674|XBXL10_1g22899
sp|Q8I8U7|TRA1_DROME,XBmRNA77712|XBXL10_1g41176
tr|Q9VAD3|Q9VAD3_DROME,XBmRNA52917|XBXL10_1g28181
sp|Q9W060|LYST_DROME,XBmRNA43341|XBXL10_1g23258
tr|Q9VML2|Q9VML2_DROME,XBmRNA7830|XBXL10_1g4241
sp|Q9VT28|FRY_DROME,XBmRNA1146|XBXL10_1g801
sp|Q9W4E2|NBEA_DROME,XBmRNA15850|XBXL10_1g8368
tr|Q9W425|Q9W425_DROME,XBmRNA25024|XBXL10_1g13207
tr|Q8IP51|Q8IP51_DROME,XBmRNA43622|XBXL10_1g23371
sp|A1Z713|VPS13_DROME,XBmRNA24586|XBXL10_1g12991
sp|Q9VB11|UNC80_DROME,XBmRNA76954|XBXL10_1g40836
tr|Q9VDY5|Q9VDY5_DROME,XBmRNA67623|XBXL10_1g35795
tr|Q400N2|Q400N2_DROME,XBmRNA76795|XBXL10_1g40778
sp|Q8IPJ3|LUBEL_DROME,XBmRNA52782|XBXL10_1g28106
sp|P51592|HYD_DROME,XBmRNA55950|XBXL10_1g29728
sp|P29993|ITPR_DROME,XBmRNA36839|XBXL10_1g19916
tr|Q9VSL8|Q9VSL8_DROME,XBmRNA24583|XBXL10_1g12988
tr|Q9VBJ2|Q9VBJ2_DROME,XBmRNA19332|XBXL10_1g10349
sp|P55824|FAF_DROME,XBmRNA17922|XBXL10_1g9624
sp|Q5EAK6|ATM_DROME,XBmRNA16048|XBXL10_1g8480
tr|M9MRV7|M9MRV7_DROME,XBmRNA77132|XBXL10_1g40883
tr|Q9W246|Q9W246_DROME,XBmRNA23247|XBXL10_1g12430
sp|Q9VL06|UFD4_DROME,XBmRNA68474|XBXL10_1g36172
tr|B7Z141|B7Z141_DROME,XBmRNA1884|XBXL10_1g1167
tr|Q7PLL6|Q7PLL6_DROME,XBmRNA9681|XBXL10_1g5214
sp|P13368|7LESS_DROME,XBmRNA43760|XBXL10_1g23434
sp|Q9VW47|MED12_DROME,XBmRNA66059|XBXL10_1g34968
sp|Q9VXG8|ATR_DROME,XBmRNA45094|XBXL10_1g24105
tr|A0A0B4KHT3|A0A0B4KHT3_DROME,XBmRNA25399|XBXL10_1g13379
tr|A0A0B4LEZ3|A0A0B4LEZ3_DROME,XBmRNA34884|XBXL10_1g18932
tr|A1Z784|A1Z784_DROME,XBmRNA18453|XBXL10_1g9877
sp|Q9VK45|TOR_DROME,XBmRNA58364|XBXL10_1g30904
sp|Q9VE34|EPG5_DROME,XBmRNA6140|XBXL10_1g3367
sp|P13395|SPTCA_DROME,XBmRNA65055|XBXL10_1g34450
tr|A1Z7S0|A1Z7S0_DROME,XBmRNA50985|XBXL10_1g27234
tr|M9PB01|M9PB01_DROME,XBmRNA67104|XBXL10_1g35534
tr|A1Z8U0|A1Z8U0_DROME,XBmRNA17606|XBXL10_1g9439
tr|Q9VJ82|Q9VJ82_DROME,XBmRNA5806|XBXL10_1g3205
tr|X2JEM2|X2JEM2_DROME,XBmRNA35698|XBXL10_1g19320
tr|Q9VZS7|Q9VZS7_DROME,XBmRNA12209|XBXL10_1g6514
tr|M9PCG3|M9PCG3_DROME,XBmRNA14800|XBXL10_1g7857
sp|Q00963|SPTCB_DROME,XBmRNA46771|XBXL10_1g25054
tr|Q7KVD1|Q7KVD1_DROME,XBmRNA51500|XBXL10_1g27461
sp|Q9VGP1|ZFY26_DROME,XBmRNA68758|XBXL10_1g36370
sp|Q9VCN1|DPOE1_DROME,XBmRNA4334|XBXL10_1g2487
tr|A8JUW5|A8JUW5_DROME,XBmRNA19682|XBXL10_1g10522
tr|Q9VC96|Q9VC96_DROME,XBmRNA66500|XBXL10_1g35228
sp|P05990|PYR1_DROME,XBmRNA46194|XBXL10_1g24744
sp|Q9W3M3|UBR3_DROME,XBmRNA76586|XBXL10_1g40677
sp|Q9VEN1|FLNA_DROME,XBmRNA65203|XBXL10_1g34506
tr|Q8INC3|Q8INC3_DROME,XBmRNA12170|XBXL10_1g6490
tr|Q9VF56|Q9VF56_DROME,XBmRNA43916|XBXL10_1g23521
tr|A0A0B4KGF6|A0A0B4KGF6_DROME,XBmRNA68478|XBXL10_1g36173
sp|Q9VUV9|U520_DROME,XBmRNA28859|XBXL10_1g15445
sp|P51123|TAF1_DROME,XBmRNA66033|XBXL10_1g34957
sp|Q9VM75|HEAT1_DROME,XBmRNA46964|XBXL10_1g25161
tr|Q9V9W7|Q9V9W7_DROME,XBmRNA5016|XBXL10_1g2821
sp|Q9U3V9|XMAS_DROME,XBmRNA76786|XBXL10_1g40775
tr|Q9VPI9|Q9VPI9_DROME,XBmRNA35225|XBXL10_1g19080
tr|Q9VD07|Q9VD07_DROME,XBmRNA11789|XBXL10_1g6283
sp|Q99323|MYSN_DROME,XBmRNA81187|XBXL10_1g43183
sp|Q9W1C5|INT1_DROME,XBmRNA77633|XBXL10_1g41145
tr|Q9W444|Q9W444_DROME,XBmRNA47283|XBXL10_1g25325
sp|Q9VEZ3|MSPS_DROME,XBmRNA38711|XBXL10_1g20937
tr|Q9VXV3|Q9VXV3_DROME,XBmRNA46879|XBXL10_1g25108
sp|P16621|LAR_DROME,XBmRNA3657|XBXL10_1g2035
tr|Q9VLS7|Q9VLS7_DROME,XBmRNA26181|XBXL10_1g13757
tr|A0A0B4K7Q6|A0A0B4K7Q6_DROME,XBmRNA61503|XBXL10_1g32581
tr|Q0E8T7|Q0E8T7_DROME,XBmRNA11330|XBXL10_1g6067
tr|A1Z8W8|A1Z8W8_DROME,XBmRNA62083|XBXL10_1g32878
sp|P05661|MYSA_DROME,XBmRNA14365|XBXL10_1g7651
sp|Q9VC45|ASP_DROME,XBmRNA36048|XBXL10_1g19499
tr|A1Z9W4|A1Z9W4_DROME,XBmRNA20935|XBXL10_1g11149
tr|Q9VKD0|Q9VKD0_DROME,XBmRNA12253|XBXL10_1g6541
tr|Q9VF02|Q9VF02_DROME,XBmRNA57123|XBXL10_1g30325
tr|Q9VKG8|Q9VKG8_DROME,XBmRNA58073|XBXL10_1g30782
tr|Q9VJY7|Q9VJY7_DROME,XBmRNA77417|XBXL10_1g41036
tr|Q9VZX7|Q9VZX7_DROME,XBmRNA33378|XBXL10_1g18079
sp|Q9V677|ECM29_DROME,XBmRNA3168|XBXL10_1g1786
sp|P04052|RPB1_DROME,XBmRNA27748|XBXL10_1g14926
tr|M9NGY4|M9NGY4_DROME,XBmRNA67400|XBXL10_1g35703
sp|Q7KU24|CHD1_DROME,XBmRNA5388|XBXL10_1g3000
tr|A8DY93|A8DY93_DROME,XBmRNA40689|XBXL10_1g21909
sp|A1Z6H7|PO210_DROME,XBmRNA37457|XBXL10_1g20179
sp|A0A0B4K859|NU188_DROME,XBmRNA71172|XBXL10_1g37675
sp|P91645|CAC1A_DROME,XBmRNA40392|XBXL10_1g21777
sp|Q9VMJ7|KDM5_DROME,XBmRNA65148|XBXL10_1g34485
sp|Q9W420|SPT6H_DROME,XBmRNA12213|XBXL10_1g6517
tr|Q9W1Y8|Q9W1Y8_DROME,XBmRNA25561|XBXL10_1g13452
sp|O96838|FYV1_DROME,XBmRNA77234|XBXL10_1g40941
sp|P11046|LAMB1_DROME,XBmRNA41440|XBXL10_1g22292
tr|A0A1L4AAD6|A0A1L4AAD6_DROME,XBmRNA32350|XBXL10_1g17566
sp|P08120|CO4A1_DROME,XBmRNA71785|XBXL10_1g37974
sp|Q9W0S9|DIP2_DROME,XBmRNA50126|XBXL10_1g26814
tr|Q9VMR4|Q9VMR4_DROME,XBmRNA53240|XBXL10_1g28339
sp|Q9W040|OSM1_DROME,XBmRNA46184|XBXL10_1g24741
sp|Q9VW09|LTN1_DROME,XBmRNA11834|XBXL10_1g6302
sp|Q9VWB9|THADA_DROME,XBmRNA42074|XBXL10_1g22577
tr|Q9W350|Q9W350_DROME,XBmRNA56290|XBXL10_1g29902
tr|Q9V4D8|Q9V4D8_DROME,XBmRNA30716|XBXL10_1g16355
tr|Q9VEZ2|Q9VEZ2_DROME,XBmRNA3314|XBXL10_1g1860
tr|X2JEC6|X2JEC6_DROME,XBmRNA75226|XBXL10_1g39991
sp|P28668|SYEP_DROME,XBmRNA42208|XBXL10_1g22641
sp|Q9W1X4|NU214_DROME,XBmRNA64954|XBXL10_1g34403
sp|Q9V8R9|EPB41_DROME,XBmRNA43641|XBXL10_1g23378
sp|Q9VR59|VIP1_DROME,XBmRNA5367|XBXL10_1g2994
sp|Q9VLT1|MON2_DROME,XBmRNA23355|XBXL10_1g12482
sp|P29742|CLH_DROME,XBmRNA19085|XBXL10_1g10203
sp|Q9W3D3|CRAG_DROME,XBmRNA25454|XBXL10_1g13410
sp|A1ZAJ2|KIF1A_DROME,XBmRNA48684|XBXL10_1g26017
sp|Q9VMD0|DAXX_DROME,XBmRNA66865|XBXL10_1g35412
tr|Q9Y0Z1|Q9Y0Z1_DROME,XBmRNA58531|XBXL10_1g30973
tr|Q9VJW1|Q9VJW1_DROME,XBmRNA55715|XBXL10_1g29595
tr|E2QCS8|E2QCS8_DROME,XBmRNA71700|XBXL10_1g37925
sp|P91875|RPA1_DROME,XBmRNA633|XBXL10_1g588
sp|P15215|LAMC1_DROME,XBmRNA40382|XBXL10_1g21771
sp|Q9VDY1|INO80_DROME,XBmRNA72680|XBXL10_1g38481
sp|P25439|BRM_DROME,XBmRNA9054|XBXL10_1g4842
sp|Q9W1B0|GEK_DROME,XBmRNA46476|XBXL10_1g24914
tr|Q9W437|Q9W437_DROME,XBmRNA74697|XBXL10_1g39709
tr|Q9VU57|Q9VU57_DROME,XBmRNA23091|XBXL10_1g12358
tr|A0A0B4KHX7|A0A0B4KHX7_DROME,XBmRNA68297|XBXL10_1g36095
tr|Q9VSE6|Q9VSE6_DROME,XBmRNA11210|XBXL10_1g5996
tr|Q8MSQ4|Q8MSQ4_DROME,XBmRNA47301|XBXL10_1g25336
tr|Q8IMW9|Q8IMW9_DROME,XBmRNA21339|XBXL10_1g11360
tr|Q7KTC0|Q7KTC0_DROME,XBmRNA81076|XBXL10_1g43123
sp|Q09332|UGGG_DROME,XBmRNA45552|XBXL10_1g24335
sp|Q9VQH2|DUOX_DROME,XBmRNA24845|XBXL10_1g13125
sp|Q9I7S6|PDE9A_DROME,XBmRNA58588|XBXL10_1g30989
tr|Q9W543|Q9W543_DROME,XBmRNA10903|XBXL10_1g5830
tr|M9PEM2|M9PEM2_DROME,XBmRNA22278|XBXL10_1g11929
tr|Q7KTG6|Q7KTG6_DROME,XBmRNA14635|XBXL10_1g7770
tr|Q9W002|Q9W002_DROME,XBmRNA32211|XBXL10_1g17462
tr|Q7KTZ4|Q7KTZ4_DROME,XBmRNA77906|XBXL10_1g41288
sp|P10676|NINAC_DROME,XBmRNA76590|XBXL10_1g40678
tr|Q9VDA0|Q9VDA0_DROME,XBmRNA67728|XBXL10_1g35843
tr|Q9W1R3|Q9W1R3_DROME,XBmRNA51258|XBXL10_1g27342
tr|Q9VLP5|Q9VLP5_DROME,XBmRNA42433|XBXL10_1g22771
tr|Q7KSN8|Q7KSN8_DROME,XBmRNA68440|XBXL10_1g36155
sp|Q8INT5|DAAF1_DROME,XBmRNA39229|XBXL10_1g21178
tr|A1Z7L1|A1Z7L1_DROME,XBmRNA25273|XBXL10_1g13331
tr|Q8MYL1|Q8MYL1_DROME,XBmRNA36623|XBXL10_1g19797
sp|Q9VP05|MED1_DROME,XBmRNA51347|XBXL10_1g27385
sp|Q8IRB5|CLSPN_DROME,XBmRNA18764|XBXL10_1g10039
tr|M9MSM5|M9MSM5_DROME,XBmRNA68101|XBXL10_1g36012
sp|Q9V726|CPSF1_DROME,XBmRNA56396|XBXL10_1g29941
tr|A8DZ26|A8DZ26_DROME,XBmRNA44756|XBXL10_1g23938
tr|Q9VQZ1|Q9VQZ1_DROME,XBmRNA75365|XBXL10_1g40071
sp|A1ZAB5|CLU_DROME,XBmRNA17672|XBXL10_1g9474
sp|Q9NHE5|CAPS_DROME,XBmRNA41628|XBXL10_1g22366
sp|P15348|TOP2_DROME,XBmRNA73535|XBXL10_1g38967
sp|Q8IRI6|GTR1_DROME,XBmRNA56669|XBXL10_1g30105
sp|Q9W1X7|MED23_DROME,XBmRNA43654|XBXL10_1g23382
sp|Q9VF26|SPNE_DROME,XBmRNA67973|XBXL10_1g35945
tr|Q9VY97|Q9VY97_DROME,XBmRNA50987|XBXL10_1g27235
sp|Q9U969|SWS_DROME,XBmRNA70782|XBXL10_1g37497
sp|Q9XZ34|RIF1_DROME,XBmRNA81653|XBXL10_1g43427
sp|Q9VKJ1|MPND_DROME,XBmRNA8003|XBXL10_1g4316
sp|Q9VKJ3|NU160_DROME,XBmRNA32953|XBXL10_1g17839
tr|Q9V3A7|Q9V3A7_DROME,XBmRNA44959|XBXL10_1g24037
tr|B7YZX6|B7YZX6_DROME,XBmRNA13386|XBXL10_1g7135
tr|M9PHH0|M9PHH0_DROME,XBmRNA15009|XBXL10_1g7939
tr|A0A4D6K5M0|A0A4D6K5M0_DROME,XBmRNA67582|XBXL10_1g35778
tr|A8JUY3|A8JUY3_DROME,XBmRNA58072|XBXL10_1g30781
tr|Q9VAJ1|Q9VAJ1_DROME,XBmRNA61259|XBXL10_1g32456
tr|A1ZBM3|A1ZBM3_DROME,XBmRNA1036|XBXL10_1g757
sp|Q9V463|NU154_DROME,XBmRNA5891|XBXL10_1g3254
tr|Q9VIU8|Q9VIU8_DROME,XBmRNA51046|XBXL10_1g27257
sp|P35421|PUR4_DROME,XBmRNA83085|XBXL10_1g44190
tr|Q9VTS3|Q9VTS3_DROME,XBmRNA23889|XBXL10_1g12718
tr|A1Z987|A1Z987_DROME,XBmRNA942|XBXL10_1g720
tr|B7YZF8|B7YZF8_DROME,XBmRNA1099|XBXL10_1g780
sp|Q27571|NOS_DROME,XBmRNA49439|XBXL10_1g26470
tr|A0A0B4K620|A0A0B4K620_DROME,XBmRNA43589|XBXL10_1g23355
sp|Q9VKB9|RBGPR_DROME,XBmRNA42212|XBXL10_1g22644
tr|Q9VPR5|Q9VPR5_DROME,XBmRNA77314|XBXL10_1g40983
tr|A8DWJ8|A8DWJ8_DROME,XBmRNA29011|XBXL10_1g15523
tr|Q9V416|Q9V416_DROME,XBmRNA3358|XBXL10_1g1880
sp|A1ZAV1|C2D2A_DROME,XBmRNA884|XBXL10_1g699
sp|Q9VJ87|CWC22_DROME,XBmRNA81947|XBXL10_1g43550
tr|Q7KNF1|Q7KNF1_DROME,XBmRNA51634|XBXL10_1g27533
tr|B7YZY2|B7YZY2_DROME,XBmRNA51546|XBXL10_1g27478
sp|Q9VIL0|BRUN_DROME,XBmRNA53206|XBXL10_1g28330
tr|M9PCP3|M9PCP3_DROME,XBmRNA76171|XBXL10_1g40491
sp|P25455|PIP1_DROME,XBmRNA33539|XBXL10_1g18203
tr|Q9VZ81|Q9VZ81_DROME,XBmRNA24902|XBXL10_1g13148
tr|Q9W247|Q9W247_DROME,XBmRNA53365|XBXL10_1g28406
sp|Q24595|XPC_DROME,XBmRNA36928|XBXL10_1g19957
sp|P24785|MLE_DROME,XBmRNA40383|XBXL10_1g21772
tr|A0A0B4JD55|A0A0B4JD55_DROME,XBmRNA51311|XBXL10_1g27365
sp|Q9VF87|CYFIP_DROME,XBmRNA28247|XBXL10_1g15154
tr|Q9VRV2|Q9VRV2_DROME,XBmRNA47127|XBXL10_1g25249
tr|Q9VT48|Q9VT48_DROME,XBmRNA76184|XBXL10_1g40493
tr|Q9VMQ4|Q9VMQ4_DROME,XBmRNA58434|XBXL10_1g30938
tr|D6W4T8|D6W4T8_DROME,XBmRNA77993|XBXL10_1g41326
sp|Q9VB25|KL98A_DROME,XBmRNA42571|XBXL10_1g22846
sp|P43125|RDGB_DROME,XBmRNA10009|XBXL10_1g5365
sp|Q24020|FLII_DROME,XBmRNA82857|XBXL10_1g44048
tr|Q9VK06|Q9VK06_DROME,XBmRNA52036|XBXL10_1g27722
tr|Q9VYT4|Q9VYT4_DROME,XBmRNA66110|XBXL10_1g34992
sp|Q01989|MYS9_DROME,XBmRNA44192|XBXL10_1g23684
sp|Q9VGK7|ELP1_DROME,XBmRNA8016|XBXL10_1g4327
sp|Q9NG98|TOP3A_DROME,XBmRNA78157|XBXL10_1g41421
sp|Q9VKY2|CAND1_DROME,XBmRNA30532|XBXL10_1g16262
sp|Q9W391|KPBA_DROME,XBmRNA12493|XBXL10_1g6662
tr|Q9VWE7|Q9VWE7_DROME,XBmRNA46388|XBXL10_1g24859
sp|Q8T626|DLT_DROME,XBmRNA68217|XBXL10_1g36069
tr|Q9VCD8|Q9VCD8_DROME,XBmRNA65299|XBXL10_1g34556
tr|Q9VXH3|Q9VXH3_DROME,XBmRNA53274|XBXL10_1g28352
tr|Q4U2Q5|Q4U2Q5_DROME,XBmRNA14756|XBXL10_1g7838
tr|Q9W0B8|Q9W0B8_DROME,XBmRNA72994|XBXL10_1g38683
tr|Q6NNB2|Q6NNB2_DROME,XBmRNA5416|XBXL10_1g3015
tr|M9PC99|M9PC99_DROME,XBmRNA62097|XBXL10_1g32882
tr|Q8MSW0|Q8MSW0_DROME,XBmRNA41117|XBXL10_1g22119
sp|Q9W0M7|SF3B3_DROME,XBmRNA34857|XBXL10_1g18916
sp|Q9VUX2|MIB_DROME,XBmRNA52291|XBXL10_1g27840
tr|Q9VKJ6|Q9VKJ6_DROME,XBmRNA26475|XBXL10_1g13955
tr|Q9VXW2|Q9VXW2_DROME,XBmRNA22560|XBXL10_1g12094
tr|Q9VY54|Q9VY54_DROME,XBmRNA39385|XBXL10_1g21287
sp|Q24325|TAF2_DROME,XBmRNA53089|XBXL10_1g28265
sp|Q9VK33|SMBT_DROME,XBmRNA74795|XBXL10_1g39759
tr|Q5U0V7|Q5U0V7_DROME,XBmRNA11777|XBXL10_1g6280
tr|Q9VK44|Q9VK44_DROME,XBmRNA58332|XBXL10_1g30892
tr|Q9VSP0|Q9VSP0_DROME,XBmRNA61513|XBXL10_1g32589
tr|Q9W097|Q9W097_DROME,XBmRNA49010|XBXL10_1g26206
tr|Q9W1Q5|Q9W1Q5_DROME,XBmRNA3525|XBXL10_1g1981
sp|Q9VY99|NNAD_DROME,XBmRNA32972|XBXL10_1g17850
tr|Q9VXE9|Q9VXE9_DROME,XBmRNA56485|XBXL10_1g30009
sp|Q03720|SLO_DROME,XBmRNA58082|XBXL10_1g30785
tr|Q0E9E2|Q0E9E2_DROME,XBmRNA37785|XBXL10_1g20542
tr|Q9VCH8|Q9VCH8_DROME,XBmRNA66956|XBXL10_1g35457
sp|O46072|KZ_DROME,XBmRNA4906|XBXL10_1g2783
sp|Q9VUY8|WASC5_DROME,XBmRNA56106|XBXL10_1g29799
tr|Q8T0L3|Q8T0L3_DROME,XBmRNA69956|XBXL10_1g37094
tr|Q8IPI3|Q8IPI3_DROME,XBmRNA15490|XBXL10_1g8189
sp|A1Z7T0|PKN_DROME,XBmRNA35907|XBXL10_1g19426
sp|Q9VUM0|MSH6_DROME,XBmRNA42017|XBXL10_1g22541
tr|Q9VQ78|Q9VQ78_DROME,XBmRNA75608|XBXL10_1g40184
tr|Q0KHR4|Q0KHR4_DROME,XBmRNA52532|XBXL10_1g27980
tr|A1Z813|A1Z813_DROME,XBmRNA28466|XBXL10_1g15259
tr|Q9VQR8|Q9VQR8_DROME,XBmRNA22975|XBXL10_1g12294
sp|Q9VBP3|TNKS_DROME,XBmRNA61799|XBXL10_1g32733
tr|M9PJN5|M9PJN5_DROME,XBmRNA64367|XBXL10_1g34125
sp|P08266|RPB2_DROME,XBmRNA7937|XBXL10_1g4273
sp|Q02280|KCNAE_DROME,XBmRNA42104|XBXL10_1g22590
tr|Q9W235|Q9W235_DROME,XBmRNA35306|XBXL10_1g19111
tr|A1ZBL9|A1ZBL9_DROME,XBmRNA70298|XBXL10_1g37251
tr|Q9VSJ6|Q9VSJ6_DROME,XBmRNA36890|XBXL10_1g19939
tr|Q86P36|Q86P36_DROME,XBmRNA54116|XBXL10_1g28779
tr|Q9VMY8|Q9VMY8_DROME,XBmRNA8134|XBXL10_1g4375
sp|Q8MSU4|SYMPK_DROME,XBmRNA72193|XBXL10_1g38214
sp|Q95UN8|M3KSL_DROME,XBmRNA67172|XBXL10_1g35567
tr|Q9W4K1|Q9W4K1_DROME,XBmRNA5631|XBXL10_1g3113
tr|Q9VVC9|Q9VVC9_DROME,XBmRNA57919|XBXL10_1g30706
sp|Q9VP22|CDK12_DROME,XBmRNA51349|XBXL10_1g27387
tr|Q9VA99|Q9VA99_DROME,XBmRNA78440|XBXL10_1g41612
sp|Q27607|DPOG1_DROME,XBmRNA25281|XBXL10_1g13332
tr|Q9VZP5|Q9VZP5_DROME,XBmRNA14598|XBXL10_1g7751
tr|Q0KI33|Q0KI33_DROME,XBmRNA56618|XBXL10_1g30071
tr|Q9VGI4|Q9VGI4_DROME,XBmRNA40193|XBXL10_1g21679
sp|Q9XYZ5|DDB1_DROME,XBmRNA38234|XBXL10_1g20766
sp|Q9VN25|EIF3A_DROME,XBmRNA61122|XBXL10_1g32398
tr|M9PDL2|M9PDL2_DROME,XBmRNA35657|XBXL10_1g19293
tr|Q9VWI5|Q9VWI5_DROME,XBmRNA67127|XBXL10_1g35548
sp|P25167|RPC2_DROME,XBmRNA28168|XBXL10_1g15104
tr|Q9VD22|Q9VD22_DROME,XBmRNA43367|XBXL10_1g23269
tr|Q9VGE4|Q9VGE4_DROME,XBmRNA19445|XBXL10_1g10398
sp|A1Z7Z9|CP131_DROME,XBmRNA74672|XBXL10_1g39703
tr|Q9VS90|Q9VS90_DROME,XBmRNA34998|XBXL10_1g18980
tr|A0A0B4KF25|A0A0B4KF25_DROME,XBmRNA25731|XBXL10_1g13538
sp|Q9VYQ8|UBP7_DROME,XBmRNA82396|XBXL10_1g43777
sp|P20028|RPA2_DROME,XBmRNA42788|XBXL10_1g22969
sp|P55162|HEM_DROME,XBmRNA76762|XBXL10_1g40761
sp|Q8SY41|BCAS3_DROME,XBmRNA13994|XBXL10_1g7420
tr|Q9VIP4|Q9VIP4_DROME,XBmRNA36081|XBXL10_1g19512
tr|Q7KN85|Q7KN85_DROME,XBmRNA79300|XBXL10_1g42182
sp|P40798|STC_DROME,XBmRNA54911|XBXL10_1g29211
sp|Q9VA38|WARTS_DROME,XBmRNA47345|XBXL10_1g25353
tr|Q9VN44|Q9VN44_DROME,XBmRNA14820|XBXL10_1g7861
sp|Q9VX31|INT2_DROME,XBmRNA19096|XBXL10_1g10209
tr|Q8IRL9|Q8IRL9_DROME,XBmRNA62003|XBXL10_1g32831
sp|Q9GQN0|RBP16_DROME,XBmRNA28660|XBXL10_1g15338
sp|P13217|PIPA_DROME,XBmRNA46823|XBXL10_1g25075
sp|Q9VLS1|KPBB_DROME,XBmRNA39770|XBXL10_1g21479
sp|P54358|DPOD1_DROME,XBmRNA60207|XBXL10_1g31899
sp|Q8IRG6|SPT16_DROME,XBmRNA4198|XBXL10_1g2396
sp|Q9N2M8|HDC_DROME,XBmRNA43453|XBXL10_1g23301
tr|Q9VH80|Q9VH80_DROME,XBmRNA75021|XBXL10_1g39891
sp|Q9V460|SPT5H_DROME,XBmRNA72556|XBXL10_1g38411
tr|Q9VSS9|Q9VSS9_DROME,XBmRNA9606|XBXL10_1g5166
tr|A1ZB84|A1ZB84_DROME,XBmRNA6192|XBXL10_1g3393
tr|A0A0B4LGD3|A0A0B4LGD3_DROME,XBmRNA9446|XBXL10_1g5073
tr|Q7K0Q2|Q7K0Q2_DROME,XBmRNA10644|XBXL10_1g5676
tr|Q9VUJ2|Q9VUJ2_DROME,XBmRNA51431|XBXL10_1g27419
sp|Q9VEV4|CL16A_DROME,XBmRNA77475|XBXL10_1g41062
sp|Q9TVM2|XPO1_DROME,XBmRNA42672|XBXL10_1g22898
tr|M9PG15|M9PG15_DROME,XBmRNA50970|XBXL10_1g27228
tr|E8NHA2|E8NHA2_DROME,XBmRNA57494|XBXL10_1g30525
sp|Q9V853|SMUF1_DROME,XBmRNA75823|XBXL10_1g40334
tr|Q7KJA9|Q7KJA9_DROME,XBmRNA66024|XBXL10_1g34954
sp|Q24120|CAPU_DROME,XBmRNA43357|XBXL10_1g23265
tr|Q9V433|Q9V433_DROME,XBmRNA75381|XBXL10_1g40078
tr|Q9Y134|Q9Y134_DROME,XBmRNA10729|XBXL10_1g5735
sp|Q9VSE2|HELQ_DROME,XBmRNA7813|XBXL10_1g4234
tr|Q9VSD6|Q9VSD6_DROME,XBmRNA32605|XBXL10_1g17691
tr|Q9VKW4|Q9VKW4_DROME,XBmRNA23960|XBXL10_1g12747
sp|Q9V3L1|NDST_DROME,XBmRNA62114|XBXL10_1g32893
tr|A0A0B4LGM5|A0A0B4LGM5_DROME,XBmRNA11698|XBXL10_1g6233
tr|Q9W5D3|Q9W5D3_DROME,XBmRNA18416|XBXL10_1g9851
sp|Q6NN85|SSH_DROME,XBmRNA4438|XBXL10_1g2542
tr|Q9W2D5|Q9W2D5_DROME,XBmRNA52822|XBXL10_1g28128
tr|M9ND55|M9ND55_DROME,XBmRNA73534|XBXL10_1g38966
sp|Q0KHQ5|TAO_DROME,XBmRNA5167|XBXL10_1g2895
tr|Q8IPT2|Q8IPT2_DROME,XBmRNA9122|XBXL10_1g4874
sp|P54362|AP3D_DROME,XBmRNA8297|XBXL10_1g4464
sp|Q9V9E3|PREP_DROME,XBmRNA50159|XBXL10_1g26825
tr|Q9VV61|Q9VV61_DROME,XBmRNA29288|XBXL10_1g15678
sp|Q24368|ISWI_DROME,XBmRNA66237|XBXL10_1g35077
sp|Q7KUT2|LONM_DROME,XBmRNA2859|XBXL10_1g1607
sp|Q9W3E1|INT4_DROME,XBmRNA16159|XBXL10_1g8557
tr|A1ZBE9|A1ZBE9_DROME,XBmRNA20259|XBXL10_1g10764
sp|P22700|ATC1_DROME,XBmRNA79197|XBXL10_1g42130
sp|Q9V3P6|PSMD1_DROME,XBmRNA48030|XBXL10_1g25700
tr|Q9VP10|Q9VP10_DROME,XBmRNA34150|XBXL10_1g18554
sp|Q9VLL0|ACSF4_DROME,XBmRNA1203|XBXL10_1g827
tr|A0A6M3Q7C8|A0A6M3Q7C8_DROME,XBmRNA18148|XBXL10_1g9711
tr|Q9VQZ8|Q9VQZ8_DROME,XBmRNA50524|XBXL10_1g26977
sp|Q9W3C1|NAT10_DROME,XBmRNA32874|XBXL10_1g17823
sp|A1ZAK1|INT8_DROME,XBmRNA55921|XBXL10_1g29716
tr|A8JNP3|A8JNP3_DROME,XBmRNA13681|XBXL10_1g7264
tr|A1Z6P8|A1Z6P8_DROME,XBmRNA76638|XBXL10_1g40701
tr|M9PG98|M9PG98_DROME,XBmRNA75147|XBXL10_1g39967
sp|Q24314|VPS18_DROME,XBmRNA72677|XBXL10_1g38478
sp|Q9VT41|INT7_DROME,XBmRNA46611|XBXL10_1g24987
tr|Q86B53|Q86B53_DROME,XBmRNA37031|XBXL10_1g20016
sp|Q24418|NMDA1_DROME,XBmRNA64392|XBXL10_1g34136
sp|A1ZA92|NOL9_DROME,XBmRNA59389|XBXL10_1g31412
sp|Q9VS24|MELT_DROME,XBmRNA44987|XBXL10_1g24052
sp|P35875|PARP_DROME,XBmRNA42293|XBXL10_1g22696
sp|Q9VSF2|MED24_DROME,XBmRNA73551|XBXL10_1g38979
tr|Q8IQ05|Q8IQ05_DROME,XBmRNA78141|XBXL10_1g41409
sp|Q9VBX1|NEMF_DROME,XBmRNA67755|XBXL10_1g35858
sp|P22817|IDE_DROME,XBmRNA61525|XBXL10_1g32596
tr|A0A0B4JCZ0|A0A0B4JCZ0_DROME,XBmRNA30456|XBXL10_1g16226
tr|Q9W0Z4|Q9W0Z4_DROME,XBmRNA53107|XBXL10_1g28275
tr|Q9W023|Q9W023_DROME,XBmRNA51471|XBXL10_1g27447
sp|P35600|RFC1_DROME,XBmRNA1037|XBXL10_1g758
sp|Q9VNH6|EXOC4_DROME,XBmRNA24322|XBXL10_1g12871
tr|Q9VH09|Q9VH09_DROME,XBmRNA8989|XBXL10_1g4801
sp|Q9W484|RTEL1_DROME,XBmRNA74372|XBXL10_1g39459
tr|Q95SH0|Q95SH0_DROME,XBmRNA45260|XBXL10_1g24185
tr|Q9VXW9|Q9VXW9_DROME,XBmRNA67561|XBXL10_1g35768
tr|Q8IN89|Q8IN89_DROME,XBmRNA67874|XBXL10_1g35914
tr|Q9VC93|Q9VC93_DROME,XBmRNA14960|XBXL10_1g7914
tr|Q7KVR8|Q7KVR8_DROME,XBmRNA34381|XBXL10_1g18693
sp|Q9VFS5|PP4R3_DROME,XBmRNA42708|XBXL10_1g22915
sp|Q9W495|PGAP1_DROME,XBmRNA77304|XBXL10_1g40976
tr|Q9VQ67|Q9VQ67_DROME,XBmRNA67394|XBXL10_1g35701
tr|Q9VAH2|Q9VAH2_DROME,XBmRNA78272|XBXL10_1g41478
sp|Q9V410|LZTR1_DROME,XBmRNA10174|XBXL10_1g5449
sp|Q86B47|Y8611_DROME,XBmRNA64903|XBXL10_1g34388
tr|Q7JW61|Q7JW61_DROME,XBmRNA65015|XBXL10_1g34442
tr|Q9VAX8|Q9VAX8_DROME,XBmRNA79675|XBXL10_1g42402
sp|Q9XZU1|XPO2_DROME,XBmRNA79809|XBXL10_1g42466
tr|Q9VDE8|Q9VDE8_DROME,XBmRNA77608|XBXL10_1g41128
tr|Q9VFU8|Q9VFU8_DROME,XBmRNA54910|XBXL10_1g29210
sp|P30189|TOP1_DROME,XBmRNA75100|XBXL10_1g39942
sp|Q9XZ08|EXT3_DROME,XBmRNA45936|XBXL10_1g24569
tr|A1Z9N0|A1Z9N0_DROME,XBmRNA48221|XBXL10_1g25792
sp|P31007|DLG1_DROME,XBmRNA48175|XBXL10_1g25776
tr|Q95TU2|Q95TU2_DROME,XBmRNA37816|XBXL10_1g20560
sp|Q9VKK2|WDR59_DROME,XBmRNA34835|XBXL10_1g18901
tr|Q9VLL1|Q9VLL1_DROME,XBmRNA45357|XBXL10_1g24221
sp|O96553|C1TC_DROME,XBmRNA68033|XBXL10_1g35977
tr|Q9VN57|Q9VN57_DROME,XBmRNA44809|XBXL10_1g23957
tr|A1ZAY8|A1ZAY8_DROME,XBmRNA50461|XBXL10_1g26943
sp|P45437|COPB_DROME,XBmRNA38969|XBXL10_1g21050
tr|Q9VC54|Q9VC54_DROME,XBmRNA66770|XBXL10_1g35374
sp|O46037|VINC_DROME,XBmRNA62338|XBXL10_1g33017
sp|Q24087|XPF_DROME,XBmRNA77514|XBXL10_1g41081
tr|B7YZM8|B7YZM8_DROME,XBmRNA51300|XBXL10_1g27360
tr|Q8IR23|Q8IR23_DROME,XBmRNA10421|XBXL10_1g5557
sp|Q9VUA0|GPTC1_DROME,XBmRNA34748|XBXL10_1g18848
sp|A1Z9E2|LIN54_DROME,XBmRNA33645|XBXL10_1g18254
tr|Q9W1M7|Q9W1M7_DROME,XBmRNA11030|XBXL10_1g5893
tr|Q5U0X8|Q5U0X8_DROME,XBmRNA17344|XBXL10_1g9285
sp|Q9Y0H4|SUDX_DROME,XBmRNA52817|XBXL10_1g28126
sp|Q7KT91|C3390_DROME,XBmRNA11181|XBXL10_1g5982
tr|Q9VBZ6|Q9VBZ6_DROME,XBmRNA12236|XBXL10_1g6531
tr|Q9VCX7|Q9VCX7_DROME,XBmRNA42056|XBXL10_1g22565
tr|Q9VS62|Q9VS62_DROME,XBmRNA42267|XBXL10_1g22676
tr|Q9VUY4|Q9VUY4_DROME,XBmRNA42211|XBXL10_1g22643
sp|Q9VLC0|VPS54_DROME,XBmRNA42634|XBXL10_1g22884
sp|Q9W345|ZDHC8_DROME,XBmRNA58158|XBXL10_1g30813
tr|Q8IP45|Q8IP45_DROME,XBmRNA45165|XBXL10_1g24148
tr|Q9VVU6|Q9VVU6_DROME,XBmRNA80211|XBXL10_1g42664
tr|Q9VLX0|Q9VLX0_DROME,XBmRNA23821|XBXL10_1g12696
tr|Q8IRD5|Q8IRD5_DROME,XBmRNA18264|XBXL10_1g9765
sp|Q7K4B6|TMTC3_DROME,XBmRNA23388|XBXL10_1g12501
sp|Q9W0S7|SND1_DROME,XBmRNA29895|XBXL10_1g15986
sp|O16810|ORC1_DROME,XBmRNA35588|XBXL10_1g19253
sp|P18091|ACTN_DROME,XBmRNA37791|XBXL10_1g20545
tr|Q9VLR7|Q9VLR7_DROME,XBmRNA11220|XBXL10_1g6006
tr|Q24253|Q24253_DROME,XBmRNA4367|XBXL10_1g2510
sp|P14773|HMDH_DROME,XBmRNA5595|XBXL10_1g3094
tr|Q9VW54|Q9VW54_DROME,XBmRNA44430|XBXL10_1g23784
sp|Q9VA02|DHTK1_DROME,XBmRNA24215|XBXL10_1g12837
tr|Q9VT19|Q9VT19_DROME,XBmRNA4418|XBXL10_1g2529
tr|Q9VYA5|Q9VYA5_DROME,XBmRNA14742|XBXL10_1g7825
tr|Q9VBX5|Q9VBX5_DROME,XBmRNA67431|XBXL10_1g35715
sp|P43248|MSH2_DROME,XBmRNA42021|XBXL10_1g22543
sp|Q9W354|ERK7_DROME,XBmRNA53504|XBXL10_1g28463
sp|O62621|COPB2_DROME,XBmRNA48768|XBXL10_1g26062
tr|Q9VIC9|Q9VIC9_DROME,XBmRNA36943|XBXL10_1g19966
tr|X2JAG8|X2JAG8_DROME,XBmRNA51737|XBXL10_1g27574
tr|Q9VR61|Q9VR61_DROME,XBmRNA47278|XBXL10_1g25321
sp|A1ZAX1|EIF3C_DROME,XBmRNA83438|XBXL10_1g44400
sp|Q9VM71|XRN2_DROME,XBmRNA46848|XBXL10_1g25089
tr|Q9VMY5|Q9VMY5_DROME,XBmRNA1938|XBXL10_1g1198
tr|A0A0B4KHC3|A0A0B4KHC3_DROME,XBmRNA69982|XBXL10_1g37107
tr|Q9VYW4|Q9VYW4_DROME,XBmRNA67064|XBXL10_1g35510
tr|Q9VI72|Q9VI72_DROME,XBmRNA16066|XBXL10_1g8491
tr|Q8MRI4|Q8MRI4_DROME,XBmRNA68437|XBXL10_1g36153
tr|Q9VFF3|Q9VFF3_DROME,XBmRNA58363|XBXL10_1g30903
tr|A1Z8D1|A1Z8D1_DROME,XBmRNA46339|XBXL10_1g24828
tr|A1ZA03|A1ZA03_DROME,XBmRNA77759|XBXL10_1g41207
sp|Q24210|CSKP_DROME,XBmRNA17912|XBXL10_1g9619
sp|Q4V516|DRC7_DROME,XBmRNA34921|XBXL10_1g18946
tr|Q9W474|Q9W474_DROME,XBmRNA43972|XBXL10_1g23556
tr|Q494K2|Q494K2_DROME,XBmRNA67792|XBXL10_1g35883
sp|Q9VQQ9|EXOC2_DROME,XBmRNA51715|XBXL10_1g27568
tr|Q9VIZ3|Q9VIZ3_DROME,XBmRNA72389|XBXL10_1g38315
tr|A1ZAZ2|A1ZAZ2_DROME,XBmRNA64656|XBXL10_1g34278
tr|Q9VUY1|Q9VUY1_DROME,XBmRNA13460|XBXL10_1g7170
tr|A1Z909|A1Z909_DROME,XBmRNA56798|XBXL10_1g30180
tr|A0A0B7P7M6|A0A0B7P7M6_DROME,XBmRNA80360|XBXL10_1g42744
tr|Q9VWI2|Q9VWI2_DROME,XBmRNA1649|XBXL10_1g1065
tr|Q9VT34|Q9VT34_DROME,XBmRNA42682|XBXL10_1g22902
tr|Q9I7J1|Q9I7J1_DROME,XBmRNA48869|XBXL10_1g26125
tr|A1Z7Y7|A1Z7Y7_DROME,XBmRNA74427|XBXL10_1g39491
tr|Q9VQY8|Q9VQY8_DROME,XBmRNA19197|XBXL10_1g10262
sp|P49735|MCM2_DROME,XBmRNA36962|XBXL10_1g19975
sp|Q9VGC3|COG1_DROME,XBmRNA80345|XBXL10_1g42735
sp|Q9VTK2|POMT1_DROME,XBmRNA71038|XBXL10_1g37617
sp|Q9VNX1|POLH_DROME,XBmRNA46385|XBXL10_1g24857
sp|Q8I0G5|COPG_DROME,XBmRNA29956|XBXL10_1g16016
sp|A1Z9G2|SYF1_DROME,XBmRNA26249|XBXL10_1g13819
tr|A0A0B4LHR8|A0A0B4LHR8_DROME,XBmRNA22811|XBXL10_1g12190
sp|P27619|DYN_DROME,XBmRNA71189|XBXL10_1g37679
tr|Q9VQL0|Q9VQL0_DROME,XBmRNA11405|XBXL10_1g6104
sp|Q7KVA1|XYLT_DROME,XBmRNA75309|XBXL10_1g40036
tr|Q9VEA2|Q9VEA2_DROME,XBmRNA68500|XBXL10_1g36183
sp|O96651|TOP3B_DROME,XBmRNA4770|XBXL10_1g2715
tr|Q9VVY0|Q9VVY0_DROME,XBmRNA5428|XBXL10_1g3019
tr|Q9VAH7|Q9VAH7_DROME,XBmRNA33411|XBXL10_1g18104
sp|Q9VH20|TAF1B_DROME,XBmRNA45649|XBXL10_1g24381
sp|Q9VGU5|TTC14_DROME,XBmRNA44812|XBXL10_1g23958
sp|Q9VPH0|INTU_DROME,XBmRNA7307|XBXL10_1g3998
tr|Q9VZ82|Q9VZ82_DROME,XBmRNA51115|XBXL10_1g27286
tr|A0A0B4K6B9|A0A0B4K6B9_DROME,XBmRNA51557|XBXL10_1g27483
tr|Q7JVW5|Q7JVW5_DROME,XBmRNA28313|XBXL10_1g15189
sp|Q7PLK0|AGO3_DROME,XBmRNA4890|XBXL10_1g2771
tr|Q7JYM7|Q7JYM7_DROME,XBmRNA50315|XBXL10_1g26877
tr|Q962I0|Q962I0_DROME,XBmRNA35617|XBXL10_1g19271
sp|Q26454|MCM4_DROME,XBmRNA55565|XBXL10_1g29528
tr|Q9VF20|Q9VF20_DROME,XBmRNA76250|XBXL10_1g40529
tr|Q8IR94|Q8IR94_DROME,XBmRNA43861|XBXL10_1g23495
tr|Q9XZS9|Q9XZS9_DROME,XBmRNA22183|XBXL10_1g11884
tr|Q9VUV4|Q9VUV4_DROME,XBmRNA38354|XBXL10_1g20810
tr|Q9VLX2|Q9VLX2_DROME,XBmRNA34108|XBXL10_1g18534
sp|Q9V4Z9|LINES_DROME,XBmRNA25392|XBXL10_1g13376
tr|Q9VR06|Q9VR06_DROME,XBmRNA43851|XBXL10_1g23489
tr|A1ZAX8|A1ZAX8_DROME,XBmRNA4503|XBXL10_1g2576
tr|Q7KRS6|Q7KRS6_DROME,XBmRNA20696|XBXL10_1g11011
tr|Q7KVW2|Q7KVW2_DROME,XBmRNA52930|XBXL10_1g28186
tr|Q7JPB9|Q7JPB9_DROME,XBmRNA79746|XBXL10_1g42429
sp|Q9VTU0|KRI1_DROME,XBmRNA26701|XBXL10_1g14163
sp|Q9VPW1|ASTE_DROME,XBmRNA50974|XBXL10_1g27229
sp|Q9W020|NOM1_DROME,XBmRNA50100|XBXL10_1g26799
tr|A0A0B4KF86|A0A0B4KF86_DROME,XBmRNA49434|XBXL10_1g26469
sp|Q9VEJ2|NOP14_DROME,XBmRNA731|XBXL10_1g630
tr|Q9VAQ0|Q9VAQ0_DROME,XBmRNA16045|XBXL10_1g8478
tr|O46094|O46094_DROME,XBmRNA13683|XBXL10_1g7265
tr|Q9VZ04|Q9VZ04_DROME,XBmRNA20|XBXL10_1g16
sp|Q05733|DCHS_DROME,XBmRNA29318|XBXL10_1g15695
sp|Q9V466|NU107_DROME,XBmRNA30521|XBXL10_1g16256
sp|P13060|EF2_DROME,XBmRNA7966|XBXL10_1g4292
sp|Q9XTL9|PYG_DROME,XBmRNA46913|XBXL10_1g25129
sp|P18824|ARM_DROME,XBmRNA54682|XBXL10_1g29076
tr|Q9VC32|Q9VC32_DROME,XBmRNA16733|XBXL10_1g8997
tr|Q9VZF2|Q9VZF2_DROME,XBmRNA1132|XBXL10_1g794
sp|Q9W3N6|USO1_DROME,XBmRNA2082|XBXL10_1g1266
tr|Q9VB05|Q9VB05_DROME,XBmRNA51396|XBXL10_1g27407
tr|Q9VHG1|Q9VHG1_DROME,XBmRNA21245|XBXL10_1g11323
sp|P49762|DOA_DROME,XBmRNA73342|XBXL10_1g38864
sp|Q9VFP2|RDX_DROME,XBmRNA79604|XBXL10_1g42368
tr|Q9VBX0|Q9VBX0_DROME,XBmRNA33413|XBXL10_1g18106
sp|P83102|DYRK3_DROME,XBmRNA23544|XBXL10_1g12576
tr|Q9W3C9|Q9W3C9_DROME,XBmRNA44569|XBXL10_1g23849
tr|Q9VZU7|Q9VZU7_DROME,XBmRNA61200|XBXL10_1g32443
tr|Q8T4G5|Q8T4G5_DROME,XBmRNA39368|XBXL10_1g21275
tr|Q9VX34|Q9VX34_DROME,XBmRNA20806|XBXL10_1g11055
sp|Q9VHN9|HPS5_DROME,XBmRNA5734|XBXL10_1g3166
tr|Q9VJ74|Q9VJ74_DROME,XBmRNA15116|XBXL10_1g7994
sp|Q9VI82|NOC3L_DROME,XBmRNA61794|XBXL10_1g32729
tr|Q5BI50|Q5BI50_DROME,XBmRNA19607|XBXL10_1g10483
tr|Q9W4W8|Q9W4W8_DROME,XBmRNA34336|XBXL10_1g18665
tr|Q9W4F8|Q9W4F8_DROME,XBmRNA1894|XBXL10_1g1177
sp|Q9XYU1|MCM3_DROME,XBmRNA45888|XBXL10_1g24546
sp|Q9VFH6|CEP78_DROME,XBmRNA3886|XBXL10_1g2124
tr|Q9VT40|Q9VT40_DROME,XBmRNA52838|XBXL10_1g28136
sp|Q9V461|MCM6_DROME,XBmRNA81596|XBXL10_1g43397
tr|Q9W0R0|Q9W0R0_DROME,XBmRNA45844|XBXL10_1g24507
sp|Q9VP47|TSR1_DROME,XBmRNA12234|XBXL10_1g6529
tr|Q6NQY9|Q6NQY9_DROME,XBmRNA67634|XBXL10_1g35800
tr|Q7JZ25|Q7JZ25_DROME,XBmRNA78235|XBXL10_1g41458
tr|Q9VTZ1|Q9VTZ1_DROME,XBmRNA73450|XBXL10_1g38915
tr|A0A0C4DHD7|A0A0C4DHD7_DROME,XBmRNA54922|XBXL10_1g29218
tr|Q5BIA9|Q5BIA9_DROME,XBmRNA75287|XBXL10_1g40028
tr|Q9VNG2|Q9VNG2_DROME,XBmRNA45224|XBXL10_1g24168
tr|Q9VQV7|Q9VQV7_DROME,XBmRNA14304|XBXL10_1g7619
tr|Q9VG84|Q9VG84_DROME,XBmRNA74705|XBXL10_1g39714
sp|P23647|FUSED_DROME,XBmRNA78276|XBXL10_1g41481
tr|Q9VFB6|Q9VFB6_DROME,XBmRNA36472|XBXL10_1g19715
tr|Q9W1E5|Q9W1E5_DROME,XBmRNA64389|XBXL10_1g34134
sp|Q7KN62|TERA_DROME,XBmRNA11089|XBXL10_1g5918
sp|Q02870|ERCC3_DROME,XBmRNA76094|XBXL10_1g40456
tr|X2JEY5|X2JEY5_DROME,XBmRNA18253|XBXL10_1g9756
tr|Q9VVM8|Q9VVM8_DROME,XBmRNA43092|XBXL10_1g23139
sp|Q7K4B3|ELP2_DROME,XBmRNA54923|XBXL10_1g29219
tr|Q9VTC1|Q9VTC1_DROME,XBmRNA79716|XBXL10_1g42419
sp|P52034|PFKA_DROME,XBmRNA15511|XBXL10_1g8202
tr|Q9VEJ1|Q9VEJ1_DROME,XBmRNA37772|XBXL10_1g20535
tr|A0A6H2EG81|A0A6H2EG81_DROME,XBmRNA46582|XBXL10_1g24969
tr|Q9VAY2|Q9VAY2_DROME,XBmRNA23279|XBXL10_1g12445
tr|Q7JQT9|Q7JQT9_DROME,XBmRNA78115|XBXL10_1g41395
sp|Q9VYA0|NADE_DROME,XBmRNA32825|XBXL10_1g17809
sp|Q9VHR8|DPP3_DROME,XBmRNA37835|XBXL10_1g20569
tr|Q9VEP9|Q9VEP9_DROME,XBmRNA4347|XBXL10_1g2495
sp|O76460|RAD54_DROME,XBmRNA40180|XBXL10_1g21670
tr|A1Z814|A1Z814_DROME,XBmRNA40237|XBXL10_1g21705
sp|Q7K0Y1|BOP1_DROME,XBmRNA53398|XBXL10_1g28428
tr|Q9V397|Q9V397_DROME,XBmRNA46002|XBXL10_1g24613
tr|Q7JQN4|Q7JQN4_DROME,XBmRNA26967|XBXL10_1g14297
sp|Q9VI55|UFL1_DROME,XBmRNA43941|XBXL10_1g23539
tr|Q9V3K9|Q9V3K9_DROME,XBmRNA63821|XBXL10_1g33791
sp|Q9VRA2|MOCOS_DROME,XBmRNA54903|XBXL10_1g29206
sp|Q9Y105|SYQ_DROME,XBmRNA37044|XBXL10_1g20022
tr|Q9VLL5|Q9VLL5_DROME,XBmRNA42420|XBXL10_1g22764
tr|Q9VZL2|Q9VZL2_DROME,XBmRNA5069|XBXL10_1g2847
sp|Q9XZ25|WDR24_DROME,XBmRNA79222|XBXL10_1g42147
sp|Q9VIE6|MCM10_DROME,XBmRNA24197|XBXL10_1g12829
tr|Q9VNW6|Q9VNW6_DROME,XBmRNA57102|XBXL10_1g30316
sp|Q95TN4|COG4_DROME,XBmRNA34856|XBXL10_1g18915
tr|Q9W395|Q9W395_DROME,XBmRNA986|XBXL10_1g734
tr|Q1RL13|Q1RL13_DROME,XBmRNA77291|XBXL10_1g40970
tr|Q9VII8|Q9VII8_DROME,XBmRNA44960|XBXL10_1g24038
tr|Q9VJ73|Q9VJ73_DROME,XBmRNA42802|XBXL10_1g22974
tr|Q9VAA2|Q9VAA2_DROME,XBmRNA66694|XBXL10_1g35339
tr|Q9XZ53|Q9XZ53_DROME,XBmRNA54602|XBXL10_1g29022
tr|Q9V9X7|Q9V9X7_DROME,XBmRNA46837|XBXL10_1g25082
sp|Q9VAQ1|SIR7_DROME,XBmRNA74725|XBXL10_1g39722
tr|Q9VUR2|Q9VUR2_DROME,XBmRNA66467|XBXL10_1g35209
tr|O46307|O46307_DROME,XBmRNA42561|XBXL10_1g22842
tr|Q7KVP9|Q7KVP9_DROME,XBmRNA66729|XBXL10_1g35356
tr|Q9VGH0|Q9VGH0_DROME,XBmRNA4670|XBXL10_1g2665
tr|Q6GKZ1|Q6GKZ1_DROME,XBmRNA49404|XBXL10_1g26452
sp|Q9VUK8|GARS_DROME,XBmRNA53930|XBXL10_1g28698
sp|Q9W5D4|POMT2_DROME,XBmRNA67448|XBXL10_1g35726
tr|Q9VM47|Q9VM47_DROME,XBmRNA33930|XBXL10_1g18464
tr|Q9VND2|Q9VND2_DROME,XBmRNA56526|XBXL10_1g30025
sp|Q9VN03|SUV3_DROME,XBmRNA57509|XBXL10_1g30534
sp|P0CG69|UBIQP_DROME,XBmRNA12041|XBXL10_1g6405
tr|Q8MLR7|Q8MLR7_DROME,XBmRNA66175|XBXL10_1g35039
tr|Q9VYL5|Q9VYL5_DROME,XBmRNA49433|XBXL10_1g26468
sp|Q9V730|EXT1_DROME,XBmRNA56038|XBXL10_1g29764
sp|P42124|EZ_DROME,XBmRNA54741|XBXL10_1g29111
tr|Q9VPD7|Q9VPD7_DROME,XBmRNA21080|XBXL10_1g11223
sp|Q9V3D6|CPSF2_DROME,XBmRNA70525|XBXL10_1g37364
sp|Q9VMX6|SMAL1_DROME,XBmRNA76123|XBXL10_1g40467
tr|A1ZAS8|A1ZAS8_DROME,XBmRNA41483|XBXL10_1g22316
tr|Q9V9R2|Q9V9R2_DROME,XBmRNA54049|XBXL10_1g28753
tr|Q9W2H2|Q9W2H2_DROME,XBmRNA51305|XBXL10_1g27363
sp|Q9VJD3|COG5_DROME,XBmRNA24060|XBXL10_1g12769
tr|Q7KSK2|Q7KSK2_DROME,XBmRNA80370|XBXL10_1g42750
tr|Q9VQK7|Q9VQK7_DROME,XBmRNA37783|XBXL10_1g20541
tr|D3DML3|D3DML3_DROME,XBmRNA69973|XBXL10_1g37104
tr|Q9W091|Q9W091_DROME,XBmRNA73022|XBXL10_1g38700
sp|Q9W1H4|DNLI1_DROME,XBmRNA59532|XBXL10_1g31506
tr|Q9VKB0|Q9VKB0_DROME,XBmRNA5946|XBXL10_1g3282
tr|A1Z898|A1Z898_DROME,XBmRNA11702|XBXL10_1g6236
sp|Q9W4M9|NSUN2_DROME,XBmRNA54929|XBXL10_1g29225
sp|Q9VM33|EFGM_DROME,XBmRNA44972|XBXL10_1g24045
tr|Q9W0C5|Q9W0C5_DROME,XBmRNA66211|XBXL10_1g35061
sp|Q9W3J8|DRC1_DROME,XBmRNA46045|XBXL10_1g24654
sp|Q7KN90|SYCC_DROME,XBmRNA39075|XBXL10_1g21099
sp|Q9VCX4|RRF2M_DROME,XBmRNA5586|XBXL10_1g3090
tr|A0A0B4LG18|A0A0B4LG18_DROME,XBmRNA6369|XBXL10_1g3468
tr|Q9VKD9|Q9VKD9_DROME,XBmRNA33719|XBXL10_1g18314
sp|Q9V8K2|EXOC3_DROME,XBmRNA51449|XBXL10_1g27434
sp|Q9VHV1|POLI_DROME,XBmRNA10934|XBXL10_1g5839
tr|Q9W3N8|Q9W3N8_DROME,XBmRNA46616|XBXL10_1g24989
tr|O76912|O76912_DROME,XBmRNA9530|XBXL10_1g5121
tr|A0A0B4KGU2|A0A0B4KGU2_DROME,XBmRNA46332|XBXL10_1g24824
tr|Q9VQE0|Q9VQE0_DROME,XBmRNA21478|XBXL10_1g11445
sp|Q9VSK9|PUS7_DROME,XBmRNA24087|XBXL10_1g12783
sp|Q9VGW6|MCM5_DROME,XBmRNA36255|XBXL10_1g19590
sp|Q24558|EXO1_DROME,XBmRNA72213|XBXL10_1g38224
sp|Q94511|NDUS1_DROME,XBmRNA82237|XBXL10_1g43677
sp|P16371|GROU_DROME,XBmRNA3892|XBXL10_1g2126
tr|Q7KND8|Q7KND8_DROME,XBmRNA77618|XBXL10_1g41139
sp|Q7JUN3|ABCD_DROME,XBmRNA23966|XBXL10_1g12748
sp|Q7K3M5|DHX15_DROME,XBmRNA976|XBXL10_1g728
tr|A0A0B4KFE4|A0A0B4KFE4_DROME,XBmRNA45195|XBXL10_1g24159
sp|Q9VNV3|DDX1_DROME,XBmRNA45701|XBXL10_1g24416
sp|Q9VRJ0|GEN_DROME,XBmRNA45716|XBXL10_1g24428
tr|A1ZBW6|A1ZBW6_DROME,XBmRNA45921|XBXL10_1g24560
sp|Q9VS46|RINT1_DROME,XBmRNA24082|XBXL10_1g12782
tr|Q9VKB2|Q9VKB2_DROME,XBmRNA51333|XBXL10_1g27376
sp|O46043|PARG_DROME,XBmRNA57983|XBXL10_1g30746
sp|Q9VI25|NCDN_DROME,XBmRNA18771|XBXL10_1g10044
sp|Q9W2S3|BTBD9_DROME,XBmRNA42401|XBXL10_1g22750
tr|Q9VHX0|Q9VHX0_DROME,XBmRNA64705|XBXL10_1g34299
sp|Q9VTH0|PLOD_DROME,XBmRNA32259|XBXL10_1g17501
tr|Q9V3P2|Q9V3P2_DROME,XBmRNA45660|XBXL10_1g24389
sp|Q9VZQ1|YTDC1_DROME,XBmRNA2254|XBXL10_1g1346
sp|Q9XYU0|MCM7_DROME,XBmRNA27060|XBXL10_1g14356
tr|Q494G8|Q494G8_DROME,XBmRNA53484|XBXL10_1g28455
sp|Q9VR99|CATIN_DROME,XBmRNA7982|XBXL10_1g4302
tr|Q9XYY9|Q9XYY9_DROME,XBmRNA53293|XBXL10_1g28364
tr|Q9VCN6|Q9VCN6_DROME,XBmRNA14578|XBXL10_1g7738
sp|P02828|HSP83_DROME,XBmRNA42481|XBXL10_1g22805
sp|Q9Y169|EXT2_DROME,XBmRNA38786|XBXL10_1g20966
sp|Q9W3K5|GSH1_DROME,XBmRNA44370|XBXL10_1g23753
tr|Q9W5T4|Q9W5T4_DROME,XBmRNA56528|XBXL10_1g30026
sp|P32866|GPRK2_DROME,XBmRNA26238|XBXL10_1g13811
tr|Q9VRE0|Q9VRE0_DROME,XBmRNA58569|XBXL10_1g30982
sp|Q7KKH3|SDA1_DROME,XBmRNA7709|XBXL10_1g4180
tr|O46100|O46100_DROME,XBmRNA75976|XBXL10_1g40411
sp|Q6NLL1|Y1411_DROME,XBmRNA67893|XBXL10_1g35923
tr|Q9VND3|Q9VND3_DROME,XBmRNA57343|XBXL10_1g30445
sp|Q9VF78|COG2_DROME,XBmRNA47198|XBXL10_1g25289
tr|A0A6F7R657|A0A6F7R657_DROME,XBmRNA68045|XBXL10_1g35984
tr|Q9VWV5|Q9VWV5_DROME,XBmRNA61596|XBXL10_1g32627
sp|Q9VFC8|GYS_DROME,XBmRNA21317|XBXL10_1g11352
tr|Q9VEB8|Q9VEB8_DROME,XBmRNA75521|XBXL10_1g40140
tr|Q9VW13|Q9VW13_DROME,XBmRNA48000|XBXL10_1g25680
tr|Q9W1D3|Q9W1D3_DROME,XBmRNA66744|XBXL10_1g35363
tr|A0A126GUV7|A0A126GUV7_DROME,XBmRNA50015|XBXL10_1g26756
tr|Q7KSU3|Q7KSU3_DROME,XBmRNA57310|XBXL10_1g30424
tr|Q9VYB2|Q9VYB2_DROME,XBmRNA51282|XBXL10_1g27354
tr|Q9VL64|Q9VL64_DROME,XBmRNA44379|XBXL10_1g23757
tr|Q9VD15|Q9VD15_DROME,XBmRNA23838|XBXL10_1g12701
sp|Q9VA70|NCASE_DROME,XBmRNA56826|XBXL10_1g30193
tr|Q9VVT8|Q9VVT8_DROME,XBmRNA22884|XBXL10_1g12240
sp|Q9VI13|PAK_DROME,XBmRNA71800|XBXL10_1g37984
tr|Q9VRJ7|Q9VRJ7_DROME,XBmRNA77345|XBXL10_1g41001
tr|Q7K4L8|Q7K4L8_DROME,XBmRNA44161|XBXL10_1g23661
tr|Q9Y109|Q9Y109_DROME,XBmRNA34518|XBXL10_1g18726
sp|P17886|CRN_DROME,XBmRNA46861|XBXL10_1g25097
tr|Q9VKV6|Q9VKV6_DROME,XBmRNA80361|XBXL10_1g42745
tr|Q9VPR3|Q9VPR3_DROME,XBmRNA21513|XBXL10_1g11459
sp|Q95RJ9|EBI_DROME,XBmRNA13437|XBXL10_1g7163
sp|P32865|GPRK1_DROME,XBmRNA4491|XBXL10_1g2571
sp|P20480|NCD_DROME,XBmRNA66866|XBXL10_1g35413
sp|Q9UAS6|CMTR2_DROME,XBmRNA34878|XBXL10_1g18928
sp|Q7KNA0|DYM_DROME,XBmRNA6092|XBXL10_1g3342
sp|Q9VYM3|MKS1_DROME,XBmRNA12337|XBXL10_1g6590
tr|A1Z6H6|A1Z6H6_DROME,XBmRNA15949|XBXL10_1g8426
tr|Q9V9T5|Q9V9T5_DROME,XBmRNA48235|XBXL10_1g25798
sp|Q8MT80|PIGZ_DROME,XBmRNA44695|XBXL10_1g23926
tr|Q9VAV2|Q9VAV2_DROME,XBmRNA41937|XBXL10_1g22520
sp|Q9VRH6|GUF1_DROME,XBmRNA1113|XBXL10_1g786
sp|Q9VA73|CMC_DROME,XBmRNA54346|XBXL10_1g28890
tr|Q9VL25|Q9VL25_DROME,XBmRNA14300|XBXL10_1g7617
sp|Q9VVX3|FRIZ2_DROME,XBmRNA77211|XBXL10_1g40921
tr|Q9VIX4|Q9VIX4_DROME,XBmRNA773|XBXL10_1g649
sp|Q9VSJ8|EXOC7_DROME,XBmRNA75425|XBXL10_1g40097
tr|Q8SY02|Q8SY02_DROME,XBmRNA74166|XBXL10_1g39351
tr|Q8SWW9|Q8SWW9_DROME,XBmRNA27665|XBXL10_1g14846
tr|A1Z6L9|A1Z6L9_DROME,XBmRNA77972|XBXL10_1g41319
sp|Q9W1V1|ANM7_DROME,XBmRNA34136|XBXL10_1g18545
sp|Q0E940|EIF3B_DROME,XBmRNA82518|XBXL10_1g43842
tr|Q9VWH1|Q9VWH1_DROME,XBmRNA42038|XBXL10_1g22557
sp|P26802|DDX51_DROME,XBmRNA4699|XBXL10_1g2678
tr|Q9VG59|Q9VG59_DROME,XBmRNA34865|XBXL10_1g18919
sp|Q9VXT5|C19L2_DROME,XBmRNA16036|XBXL10_1g8472
sp|P29845|HSP7E_DROME,XBmRNA28367|XBXL10_1g15213
tr|Q9VAP8|Q9VAP8_DROME,XBmRNA64565|XBXL10_1g34232
tr|A1Z992|A1Z992_DROME,XBmRNA16897|XBXL10_1g9072
tr|Q7JY94|Q7JY94_DROME,XBmRNA37476|XBXL10_1g20187
sp|Q9VE51|CPSF3_DROME,XBmRNA45644|XBXL10_1g24377
tr|Q9VJ39|Q9VJ39_DROME,XBmRNA23315|XBXL10_1g12467
tr|Q9VIE7|Q9VIE7_DROME,XBmRNA48472|XBXL10_1g25917
sp|Q9VH19|LMLN_DROME,XBmRNA75960|XBXL10_1g40403
tr|Q9VRX7|Q9VRX7_DROME,XBmRNA82651|XBXL10_1g43928
sp|Q04499|PROD_DROME,XBmRNA4545|XBXL10_1g2602
tr|Q9VEA9|Q9VEA9_DROME,XBmRNA67403|XBXL10_1g35705
sp|Q9VD51|DDX18_DROME,XBmRNA81314|XBXL10_1g43256
sp|Q27597|NCPR_DROME,XBmRNA14029|XBXL10_1g7442
tr|A0A0B4LID7|A0A0B4LID7_DROME,XBmRNA25423|XBXL10_1g13392
tr|Q9VR29|Q9VR29_DROME,XBmRNA80713|XBXL10_1g42943
sp|Q9VH78|ALG12_DROME,XBmRNA23914|XBXL10_1g12729
sp|Q9V4W1|GLE1_DROME,XBmRNA65061|XBXL10_1g34451
tr|Q9W464|Q9W464_DROME,XBmRNA53321|XBXL10_1g28384
tr|Q7JXU4|Q7JXU4_DROME,XBmRNA13699|XBXL10_1g7277
tr|Q9VC92|Q9VC92_DROME,XBmRNA23365|XBXL10_1g12489
sp|Q9VIK9|EFNMT_DROME,XBmRNA40554|XBXL10_1g21850
tr|Q9W0C4|Q9W0C4_DROME,XBmRNA25746|XBXL10_1g13551
tr|Q7KRZ3|Q7KRZ3_DROME,XBmRNA47358|XBXL10_1g25360
sp|Q9VNG1|GGNB2_DROME,XBmRNA18275|XBXL10_1g9771
sp|P83099|KPC4_DROME,XBmRNA36574|XBXL10_1g19775
sp|Q9W074|HBS1_DROME,XBmRNA43695|XBXL10_1g23409
sp|Q9VP61|ACSA_DROME,XBmRNA75134|XBXL10_1g39962
tr|Q9W541|Q9W541_DROME,XBmRNA48008|XBXL10_1g25685
sp|Q9VM21|GUDU_DROME,XBmRNA54111|XBXL10_1g28776
tr|Q8T0D3|Q8T0D3_DROME,XBmRNA51931|XBXL10_1g27667
tr|Q0E931|Q0E931_DROME,XBmRNA40970|XBXL10_1g22038
sp|Q1LZ08|WDR48_DROME,XBmRNA50038|XBXL10_1g26772
sp|A1YK02|NUP75_DROME,XBmRNA75353|XBXL10_1g40064
tr|Q7JX95|Q7JX95_DROME,XBmRNA69434|XBXL10_1g36809
sp|Q9VXN4|SYRC_DROME,XBmRNA31050|XBXL10_1g16536
tr|Q9VWC8|Q9VWC8_DROME,XBmRNA40448|XBXL10_1g21807
tr|A1Z7C1|A1Z7C1_DROME,XBmRNA54799|XBXL10_1g29153
tr|Q9VQR3|Q9VQR3_DROME,XBmRNA35301|XBXL10_1g19108
tr|Q9VE69|Q9VE69_DROME,XBmRNA82201|XBXL10_1g43657
tr|Q9VEL2|Q9VEL2_DROME,XBmRNA68021|XBXL10_1g35969
tr|E1JIB4|E1JIB4_DROME,XBmRNA57369|XBXL10_1g30456
sp|Q8MSG8|APTX_DROME,XBmRNA2542|XBXL10_1g1464
tr|Q9VMQ8|Q9VMQ8_DROME,XBmRNA66852|XBXL10_1g35404
tr|Q9W245|Q9W245_DROME,XBmRNA83480|XBXL10_1g44426
sp|P40421|RDGC_DROME,XBmRNA2135|XBXL10_1g1298
tr|Q9VYI6|Q9VYI6_DROME,XBmRNA67204|XBXL10_1g35588
tr|Q9VV90|Q9VV90_DROME,XBmRNA49973|XBXL10_1g26730
tr|Q9VIK1|Q9VIK1_DROME,XBmRNA66666|XBXL10_1g35323
sp|Q9VMD6|RETM_DROME,XBmRNA78239|XBXL10_1g41461
tr|Q8IMH9|Q8IMH9_DROME,XBmRNA35532|XBXL10_1g19232
tr|Q9VRY7|Q9VRY7_DROME,XBmRNA43481|XBXL10_1g23322
tr|Q8IQV1|Q8IQV1_DROME,XBmRNA1891|XBXL10_1g1173
tr|Q9W124|Q9W124_DROME,XBmRNA24417|XBXL10_1g12905
sp|P29844|BIP_DROME,XBmRNA71452|XBXL10_1g37796
tr|Q9VMI1|Q9VMI1_DROME,XBmRNA70766|XBXL10_1g37484
tr|Q9VX51|Q9VX51_DROME,XBmRNA74853|XBXL10_1g39785
sp|Q9W1J3|GAD1_DROME,XBmRNA5890|XBXL10_1g3253
sp|Q9VK41|TTC30_DROME,XBmRNA54672|XBXL10_1g29072
tr|A0A0C4FEI8|A0A0C4FEI8_DROME,XBmRNA80108|XBXL10_1g42603
tr|Q9VBC7|Q9VBC7_DROME,XBmRNA46322|XBXL10_1g24817
sp|Q95TS5|INT9_DROME,XBmRNA49134|XBXL10_1g26291
tr|Q9VFX6|Q9VFX6_DROME,XBmRNA50796|XBXL10_1g27131
tr|Q9XYZ6|Q9XYZ6_DROME,XBmRNA47349|XBXL10_1g25355
sp|Q7K4H4|NO66_DROME,XBmRNA42954|XBXL10_1g23050
sp|Q9VBP9|NPL4_DROME,XBmRNA80417|XBXL10_1g42776
sp|Q9V411|NOG1_DROME,XBmRNA50134|XBXL10_1g26816
sp|Q8IMX7|MIRO_DROME,XBmRNA81285|XBXL10_1g43239
sp|A1Z9A8|PTCD3_DROME,XBmRNA628|XBXL10_1g583
tr|Q9VY44|Q9VY44_DROME,XBmRNA47693|XBXL10_1g25555
tr|Q9VPJ1|Q9VPJ1_DROME,XBmRNA79873|XBXL10_1g42490
tr|A0A0B4KF61|A0A0B4KF61_DROME,XBmRNA68064|XBXL10_1g35990
sp|Q9VEC3|ARP5_DROME,XBmRNA80707|XBXL10_1g42939
tr|Q9VXA3|Q9VXA3_DROME,XBmRNA70107|XBXL10_1g37162
tr|Q9VC60|Q9VC60_DROME,XBmRNA58854|XBXL10_1g31109
tr|A1Z782|A1Z782_DROME,XBmRNA41719|XBXL10_1g22417
sp|Q9VEC1|MED17_DROME,XBmRNA16103|XBXL10_1g8518
sp|Q9VA00|ZWILC_DROME,XBmRNA29039|XBXL10_1g15538
tr|Q8IQZ7|Q8IQZ7_DROME,XBmRNA66585|XBXL10_1g35278
tr|Q9VQX6|Q9VQX6_DROME,XBmRNA72200|XBXL10_1g38216
sp|Q8MRW5|ET96B_DROME,XBmRNA80428|XBXL10_1g42780
sp|Q24179|SLY1_DROME,XBmRNA68464|XBXL10_1g36167
sp|Q8T6B9|PUF68_DROME,XBmRNA53468|XBXL10_1g28447
tr|Q9W4R7|Q9W4R7_DROME,XBmRNA36308|XBXL10_1g19625
tr|Q9W3K4|Q9W3K4_DROME,XBmRNA54882|XBXL10_1g29200
tr|Q960Q8|Q960Q8_DROME,XBmRNA10607|XBXL10_1g5651
tr|Q9VKJ8|Q9VKJ8_DROME,XBmRNA2188|XBXL10_1g1324
tr|Q7JRC9|Q7JRC9_DROME,XBmRNA35878|XBXL10_1g19406
tr|Q9W4D1|Q9W4D1_DROME,XBmRNA37327|XBXL10_1g20129
tr|Q9W3G0|Q9W3G0_DROME,XBmRNA75241|XBXL10_1g39996
sp|Q9VFC0|SCC4_DROME,XBmRNA3366|XBXL10_1g1887
sp|Q23976|KU70_DROME,XBmRNA36169|XBXL10_1g19546
sp|Q9VZM7|INT10_DROME,XBmRNA2583|XBXL10_1g1481
sp|Q7K0L4|WDR26_DROME,XBmRNA46520|XBXL10_1g24938
tr|Q9V3N6|Q9V3N6_DROME,XBmRNA73402|XBXL10_1g38890
tr|Q9V9Z6|Q9V9Z6_DROME,XBgroup167
tr|Q9VK21|Q9VK21_DROME,XBmRNA35370|XBXL10_1g19132
tr|A1ZBJ2|A1ZBJ2_DROME,XBmRNA27596|XBXL10_1g14801
sp|Q9VUL1|PYRG_DROME,XBmRNA18615|XBXL10_1g9967
sp|Q95SP2|HRD1_DROME,XBmRNA33305|XBXL10_1g18038
tr|Q8MQK4|Q8MQK4_DROME,XBmRNA49331|XBXL10_1g26417
tr|Q7JVG6|Q7JVG6_DROME,XBmRNA21466|XBXL10_1g11440
tr|Q9W1Q8|Q9W1Q8_DROME,XBmRNA46174|XBXL10_1g24734
tr|Q9VI15|Q9VI15_DROME,XBmRNA34096|XBXL10_1g18531
sp|Q9VIF1|MUT7_DROME,XBmRNA64518|XBXL10_1g34205
tr|Q8SZ15|Q8SZ15_DROME,XBmRNA2433|XBXL10_1g1408
sp|Q9VUU5|KLHDB_DROME,XBmRNA35925|XBXL10_1g19440
tr|Q9VBV8|Q9VBV8_DROME,XBmRNA58897|XBXL10_1g31131
sp|P51905|SC6A4_DROME,XBmRNA4480|XBXL10_1g2565
tr|A1Z7L8|A1Z7L8_DROME,XBmRNA54876|XBXL10_1g29194
sp|Q9VFS2|NINAB_DROME,XBmRNA34254|XBXL10_1g18608
tr|Q9XYZ4|Q9XYZ4_DROME,XBmRNA16093|XBXL10_1g8510
tr|Q9VK85|Q9VK85_DROME,XBmRNA77528|XBXL10_1g41088
sp|Q9V3C0|DDX41_DROME,XBmRNA23120|XBXL10_1g12376
tr|Q9VMI9|Q9VMI9_DROME,XBmRNA20827|XBXL10_1g11072
tr|Q59DN5|Q59DN5_DROME,XBmRNA18117|XBXL10_1g9700
sp|Q24168|ORC2_DROME,XBmRNA82185|XBXL10_1g43645
tr|Q9VB02|Q9VB02_DROME,XBmRNA54244|XBXL10_1g28835
tr|Q9W232|Q9W232_DROME,XBmRNA20790|XBXL10_1g11044
sp|Q9VE46|SC5A7_DROME,XBmRNA19446|XBXL10_1g10399
sp|Q9U5L1|SRPRA_DROME,XBmRNA58643|XBXL10_1g31022
tr|O46085|O46085_DROME,XBmRNA61177|XBXL10_1g32432
sp|Q9VHU1|DDX55_DROME,XBmRNA9992|XBXL10_1g5358
sp|Q9VL76|PEO1_DROME,XBmRNA57267|XBXL10_1g30404
sp|Q9VJG0|XPP_DROME,XBmRNA56450|XBXL10_1g29990
tr|Q9VXR5|Q9VXR5_DROME,XBmRNA49390|XBXL10_1g26445
sp|Q8INB9|AKT1_DROME,XBmRNA72433|XBXL10_1g38341
tr|Q9V9M6|Q9V9M6_DROME,XBmRNA77540|XBXL10_1g41092
sp|Q9VSS1|ABCE1_DROME,XBmRNA7231|XBXL10_1g3958
tr|Q7KVU5|Q7KVU5_DROME,XBmRNA39321|XBXL10_1g21247
sp|Q9VUB4|NPRL3_DROME,XBmRNA77401|XBXL10_1g41024
sp|Q9VB62|DPOA2_DROME,XBmRNA33324|XBXL10_1g18050
sp|Q9VI74|SHQ1_DROME,XBmRNA37158|XBXL10_1g20067
sp|Q9VCE6|MTA70_DROME,XBmRNA4188|XBXL10_1g2392
sp|Q9VU68|WDR1_DROME,XBmRNA861|XBXL10_1g687
tr|Q9W327|Q9W327_DROME,XBmRNA34634|XBXL10_1g18785
sp|Q9VUR0|UFSP2_DROME,XBmRNA1288|XBXL10_1g870
sp|Q9VX09|ARP8_DROME,XBmRNA41761|XBXL10_1g22431
sp|Q9W590|LSG1_DROME,XBmRNA44752|XBXL10_1g23936
sp|A1Z9X0|APKC_DROME,XBmRNA48366|XBXL10_1g25845
tr|Q9VS19|Q9VS19_DROME,XBmRNA33842|XBXL10_1g18409
sp|Q9VM60|MCMBP_DROME,XBmRNA56614|XBXL10_1g30070
sp|Q9VEX6|ATD3A_DROME,XBmRNA63117|XBXL10_1g33441
sp|Q9VE87|HMW_DROME,XBmRNA1291|XBXL10_1g874
tr|Q8MRJ2|Q8MRJ2_DROME,XBmRNA46672|XBXL10_1g25012
tr|Q7JWF1|Q7JWF1_DROME,XBmRNA1465|XBXL10_1g951
tr|Q9VIS4|Q9VIS4_DROME,XBmRNA50428|XBXL10_1g26926
tr|Q9W397|Q9W397_DROME,XBmRNA75882|XBXL10_1g40357
sp|Q9VS60|SMSR1_DROME,XBmRNA62350|XBXL10_1g33025
sp|Q9VMX1|KBP_DROME,XBmRNA61749|XBXL10_1g32706
tr|M9PER3|M9PER3_DROME,XBmRNA65456|XBXL10_1g34636
sp|Q9VXJ0|DHB4_DROME,XBmRNA5276|XBXL10_1g2953
tr|Q9VW52|Q9VW52_DROME,XBmRNA72873|XBXL10_1g38611
tr|Q9VWA6|Q9VWA6_DROME,XBmRNA34653|XBXL10_1g18796
tr|Q9V3F2|Q9V3F2_DROME,XBmRNA70596|XBXL10_1g37399
sp|Q9VAH9|INT11_DROME,XBmRNA59144|XBXL10_1g31264
sp|Q07327|ROP_DROME,XBmRNA71364|XBXL10_1g37756
tr|Q7K3N1|Q7K3N1_DROME,XBmRNA61859|XBXL10_1g32782
sp|P49283|MVL_DROME,XBmRNA20305|XBXL10_1g10789
tr|Q9W362|Q9W362_DROME,XBmRNA1790|XBXL10_1g1140
tr|A1ZAC7|A1ZAC7_DROME,XBmRNA75912|XBXL10_1g40376
tr|Q8IPQ2|Q8IPQ2_DROME,XBmRNA53029|XBXL10_1g28231
sp|Q9Y113|NELFB_DROME,XBmRNA64597|XBXL10_1g34253
sp|P28159|SUH_DROME,XBmRNA6804|XBXL10_1g3739
tr|Q8SXK2|Q8SXK2_DROME,XBmRNA47702|XBXL10_1g25559
tr|Q9VM49|Q9VM49_DROME,XBmRNA80783|XBXL10_1g42980
tr|Q9VRN1|Q9VRN1_DROME,XBmRNA61938|XBXL10_1g32810
sp|Q9W0I6|SAC1_DROME,XBmRNA51386|XBXL10_1g27404
sp|P36179|2AAA_DROME,XBmRNA58895|XBXL10_1g31130
tr|Q9VC18|Q9VC18_DROME,XBmRNA76904|XBXL10_1g40814
tr|Q9VKC8|Q9VKC8_DROME,XBmRNA16840|XBXL10_1g9049
sp|Q9VCA5|SYFB_DROME,XBmRNA45186|XBXL10_1g24156
sp|Q9VPY0|INT14_DROME,XBmRNA29059|XBXL10_1g15555
tr|Q7K187|Q7K187_DROME,XBmRNA80369|XBXL10_1g42749
sp|Q9VJ34|GSTCD_DROME,XBmRNA1901|XBXL10_1g1180
tr|Q9VTL5|Q9VTL5_DROME,XBmRNA55076|XBXL10_1g29305
tr|Q0E8F2|Q0E8F2_DROME,XBmRNA26947|XBXL10_1g14284
sp|Q9VGZ1|CK5P1_DROME,XBmRNA74824|XBXL10_1g39769
sp|P16912|KAPC3_DROME,XBmRNA12262|XBXL10_1g6550
tr|Q9VSJ5|Q9VSJ5_DROME,XBmRNA64434|XBXL10_1g34154
tr|O18645|O18645_DROME,XBmRNA35295|XBXL10_1g19103
sp|Q9VFL5|SYMM_DROME,XBmRNA65685|XBXL10_1g34746
sp|Q8MT06|GNL3_DROME,XBmRNA71306|XBXL10_1g37732
tr|Q9VHJ7|Q9VHJ7_DROME,XBmRNA75024|XBXL10_1g39893
sp|Q9VWD4|Y4230_DROME,XBmRNA36612|XBXL10_1g19792
tr|Q9VYT5|Q9VYT5_DROME,XBmRNA56020|XBXL10_1g29751
sp|Q9VQM4|TYDP1_DROME,XBmRNA67552|XBXL10_1g35763
tr|E1JHQ6|E1JHQ6_DROME,XBmRNA60068|XBXL10_1g31825
sp|Q9V9A7|MCCB_DROME,XBmRNA10469|XBXL10_1g5584
sp|P46150|MOEH_DROME,XBmRNA16061|XBXL10_1g8488
sp|Q24134|NELFD_DROME,XBmRNA74232|XBXL10_1g39383
sp|O17444|VACHT_DROME,XBmRNA62310|XBXL10_1g32994
sp|Q05913|T2FA_DROME,XBmRNA26910|XBXL10_1g14264
tr|X2JDZ1|X2JDZ1_DROME,XBmRNA41265|XBXL10_1g22198
sp|Q9VQ91|TDRKH_DROME,XBmRNA69786|XBXL10_1g37002
tr|A1ZBX0|A1ZBX0_DROME,XBmRNA43796|XBXL10_1g23459
tr|Q9W4F7|Q9W4F7_DROME,XBmRNA57920|XBXL10_1g30707
sp|P52304|POLO_DROME,XBmRNA82708|XBXL10_1g43963
tr|Q9VD52|Q9VD52_DROME,XBmRNA43842|XBXL10_1g23486
sp|Q24180|DEAF1_DROME,XBmRNA33360|XBXL10_1g18065
tr|Q9VGE5|Q9VGE5_DROME,XBmRNA53876|XBXL10_1g28669
tr|Q9VYD9|Q9VYD9_DROME,XBmRNA34795|XBXL10_1g18878
tr|Q24062|Q24062_DROME,XBmRNA15644|XBXL10_1g8273
sp|P56721|COLL_DROME,XBmRNA57042|XBXL10_1g30297
sp|O01939|MST_DROME,XBmRNA69908|XBXL10_1g37061
sp|Q9VAQ7|SLU7_DROME,XBmRNA22620|XBXL10_1g12129
tr|Q9VHB5|Q9VHB5_DROME,XBmRNA72897|XBXL10_1g38627
tr|Q9VH02|Q9VH02_DROME,XBmRNA23395|XBXL10_1g12503
tr|A4IJ72|A4IJ72_DROME,XBmRNA15207|XBXL10_1g8047
sp|P18932|NU5M_DROME,XBmRNA101837|XBXL10_1g44455
sp|P17971|KCNAL_DROME,XBmRNA17996|XBXL10_1g9654
tr|Q9VF41|Q9VF41_DROME,XBmRNA36192|XBXL10_1g19561
sp|Q9VKH0|COG8_DROME,XBmRNA34573|XBXL10_1g18749
sp|Q01820|GCL_DROME,XBmRNA25653|XBXL10_1g13501
sp|Q9VNA8|DONS_DROME,XBmRNA11752|XBXL10_1g6259
tr|Q9VEB6|Q9VEB6_DROME,XBmRNA41335|XBXL10_1g22236
tr|Q7K3B7|Q7K3B7_DROME,XBmRNA50780|XBXL10_1g27118
tr|Q8IMX1|Q8IMX1_DROME,XBmRNA2171|XBXL10_1g1314
sp|P83103|HASP_DROME,XBmRNA49378|XBXL10_1g26443
sp|O97477|INO1_DROME,XBmRNA8429|XBXL10_1g4545
sp|Q8IQF1|MOCS1_DROME,XBmRNA42387|XBXL10_1g22740
tr|Q960U8|Q960U8_DROME,XBmRNA53477|XBXL10_1g28450
tr|A0A0C4DHC8|A0A0C4DHC8_DROME,XBmRNA14011|XBXL10_1g7428
sp|Q9VJ62|NAF1_DROME,XBmRNA1442|XBXL10_1g944
sp|Q5LJP9|ASND1_DROME,XBmRNA77269|XBXL10_1g40958
tr|Q8IP91|Q8IP91_DROME,XBmRNA41661|XBXL10_1g22378
tr|Q8IQX8|Q8IQX8_DROME,XBmRNA22632|XBXL10_1g12136
tr|Q9NG60|Q9NG60_DROME,XBmRNA18375|XBXL10_1g9813
tr|Q86B44|Q86B44_DROME,XBmRNA75136|XBXL10_1g39963
sp|Q7KSD8|TAD2A_DROME,XBmRNA13071|XBXL10_1g6980
tr|Q9VYG3|Q9VYG3_DROME,XBmRNA54777|XBXL10_1g29136
sp|Q9VUY9|PGM_DROME,XBmRNA35209|XBXL10_1g19074
sp|Q9W462|UBP30_DROME,XBmRNA4429|XBXL10_1g2539
tr|Q9V434|Q9V434_DROME,XBmRNA10891|XBXL10_1g5826
tr|Q7KTW9|Q7KTW9_DROME,XBmRNA50511|XBXL10_1g26967
tr|Q7K3P0|Q7K3P0_DROME,XBmRNA14725|XBXL10_1g7814
tr|Q9VTG5|Q9VTG5_DROME,XBmRNA53492|XBXL10_1g28458
sp|P12613|TCPA_DROME,XBmRNA42991|XBXL10_1g23064
tr|Q9VHH8|Q9VHH8_DROME,XBmRNA22628|XBXL10_1g12133
tr|Q9VZV9|Q9VZV9_DROME,XBmRNA45455|XBXL10_1g24273
sp|Q9Y123|RFT1_DROME,XBmRNA36573|XBXL10_1g19774
tr|Q7K204|Q7K204_DROME,XBmRNA72113|XBXL10_1g38172
tr|Q9W0K2|Q9W0K2_DROME,XBmRNA32395|XBXL10_1g17588
sp|Q9VQX4|PNCB_DROME,XBmRNA56269|XBXL10_1g29886
sp|Q9VN45|SPART_DROME,XBmRNA15842|XBXL10_1g8365
sp|Q2PE14|ZCHC8_DROME,XBmRNA5025|XBXL10_1g2824
tr|Q9VVI0|Q9VVI0_DROME,XBmRNA64482|XBXL10_1g34185
sp|Q9VQZ6|ELP3_DROME,XBmRNA45941|XBXL10_1g24572
sp|P35381|ATPA_DROME,XBmRNA6137|XBXL10_1g3365
sp|Q7K4W1|CDKAL_DROME,XBmRNA55202|XBXL10_1g29374
tr|Q9VYV4|Q9VYV4_DROME,XBmRNA78222|XBXL10_1g41449
tr|Q9VTZ4|Q9VTZ4_DROME,XBmRNA44074|XBXL10_1g23607
tr|Q9VPP9|Q9VPP9_DROME,XBmRNA67539|XBXL10_1g35760
sp|P39736|BX42_DROME,XBmRNA70594|XBXL10_1g37397
tr|Q95RC5|Q95RC5_DROME,XBmRNA18082|XBXL10_1g9689
tr|Q9VS51|Q9VS51_DROME,XBmRNA1678|XBXL10_1g1081
tr|Q7K3J0|Q7K3J0_DROME,XBmRNA11816|XBXL10_1g6297
sp|A1Z8J0|C19L1_DROME,XBmRNA2707|XBXL10_1g1530
sp|Q9V7Y2|SGPL_DROME,XBmRNA57836|XBXL10_1g30668
tr|Q9VN21|Q9VN21_DROME,XBmRNA34635|XBXL10_1g18786
tr|Q9W413|Q9W413_DROME,XBmRNA68371|XBXL10_1g36124
sp|P48605|TCPG_DROME,XBmRNA73126|XBXL10_1g38763
sp|Q6NL34|TCAB1_DROME,XBmRNA27418|XBXL10_1g14655
tr|Q7KKI0|Q7KKI0_DROME,XBmRNA54835|XBXL10_1g29169
tr|Q8IR48|Q8IR48_DROME,XBmRNA45743|XBXL10_1g24442
sp|O02194|PSN_DROME,XBmRNA70123|XBXL10_1g37166
tr|Q9VV98|Q9VV98_DROME,XBmRNA76313|XBXL10_1g40564
sp|Q9VC57|ATLAS_DROME,XBmRNA46894|XBXL10_1g25113
tr|Q9W0X8|Q9W0X8_DROME,XBmRNA5920|XBXL10_1g3272
tr|Q9W212|Q9W212_DROME,XBmRNA20037|XBXL10_1g10666
sp|A1ZB91|DAAF3_DROME,XBmRNA59610|XBXL10_1g31538
tr|Q0E8P0|Q0E8P0_DROME,XBmRNA58645|XBXL10_1g31024
tr|Q8T8W3|Q8T8W3_DROME,XBmRNA38077|XBXL10_1g20695
tr|Q8SXQ1|Q8SXQ1_DROME,XBmRNA5249|XBXL10_1g2936
sp|Q9VTU4|EIF3L_DROME,XBmRNA36490|XBXL10_1g19724
tr|Q9VKM4|Q9VKM4_DROME,XBmRNA25309|XBXL10_1g13347
tr|O18680|O18680_DROME,XBmRNA71293|XBXL10_1g37725
sp|P40797|PNUT_DROME,XBmRNA54809|XBXL10_1g29157
sp|Q9VPB1|ST7_DROME,XBmRNA30307|XBXL10_1g16167
tr|Q9W457|Q9W457_DROME,XBmRNA15347|XBXL10_1g8113
sp|Q07152|IMDH_DROME,XBmRNA41416|XBXL10_1g22283
tr|Q9VPT3|Q9VPT3_DROME,XBmRNA34062|XBXL10_1g18509
tr|Q9VQ34|Q9VQ34_DROME,XBmRNA42775|XBXL10_1g22959
sp|Q9I7H9|OGFD1_DROME,XBmRNA34223|XBXL10_1g18589
tr|Q9VC10|Q9VC10_DROME,XBmRNA12202|XBXL10_1g6510
tr|A0A0B4KEJ7|A0A0B4KEJ7_DROME,XBmRNA9601|XBXL10_1g5161
tr|Q9W392|Q9W392_DROME,XBmRNA23574|XBXL10_1g12589
tr|Q9VAU6|Q9VAU6_DROME,XBmRNA22335|XBXL10_1g11966
tr|A1ZBK6|A1ZBK6_DROME,XBmRNA47732|XBXL10_1g25571
tr|Q9W418|Q9W418_DROME,XBmRNA9956|XBXL10_1g5347
tr|Q9VK69|Q9VK69_DROME,XBmRNA46273|XBXL10_1g24794
tr|Q7K511|Q7K511_DROME,XBmRNA48655|XBXL10_1g26004
sp|Q0KHU5|PCAT_DROME,XBmRNA54932|XBXL10_1g29227
tr|Q9VXQ5|Q9VXQ5_DROME,XBmRNA14207|XBXL10_1g7561
sp|Q9VPH2|PRI2_DROME,XBmRNA47880|XBXL10_1g25626
tr|Q7K0E6|Q7K0E6_DROME,XBmRNA81597|XBXL10_1g43398
tr|Q9W486|Q9W486_DROME,XBmRNA73272|XBXL10_1g38835
tr|A0A4D6K3L8|A0A4D6K3L8_DROME,XBmRNA45001|XBXL10_1g24065
tr|Q9VR64|Q9VR64_DROME,XBmRNA77963|XBXL10_1g41316
sp|Q9VH48|CARM1_DROME,XBmRNA26749|XBXL10_1g14184
tr|Q8MRD1|Q8MRD1_DROME,XBmRNA76531|XBXL10_1g40647
tr|Q9VR38|Q9VR38_DROME,XBmRNA36695|XBXL10_1g19837
tr|Q9VBQ7|Q9VBQ7_DROME,XBmRNA19584|XBXL10_1g10471
sp|Q9VRQ7|DPOE2_DROME,XBmRNA67761|XBXL10_1g35861
sp|Q9VWV9|PORCN_DROME,XBmRNA64328|XBXL10_1g34108
tr|Q9VV60|Q9VV60_DROME,XBmRNA19000|XBXL10_1g10173
tr|A0A0B4KHF1|A0A0B4KHF1_DROME,XBmRNA1226|XBXL10_1g840
tr|M9PBV2|M9PBV2_DROME,XBmRNA67377|XBXL10_1g35692
tr|Q9VE24|Q9VE24_DROME,XBmRNA74718|XBXL10_1g39718
sp|Q9VQN8|FIGL1_DROME,XBmRNA51222|XBXL10_1g27334
sp|A1Z6J5|TBCE_DROME,XBmRNA43332|XBXL10_1g23253
tr|Q9VBE7|Q9VBE7_DROME,XBmRNA59087|XBXL10_1g31233
tr|Q9VHS0|Q9VHS0_DROME,XBmRNA63856|XBXL10_1g33811
tr|Q9VRD9|Q9VRD9_DROME,XBmRNA11217|XBXL10_1g6003
tr|Q9VG60|Q9VG60_DROME,XBmRNA73102|XBXL10_1g38753
sp|Q94517|HDAC1_DROME,XBmRNA18870|XBXL10_1g10103
tr|O46050|O46050_DROME,XBmRNA44944|XBXL10_1g24021
sp|Q9VHB9|TRM44_DROME,XBmRNA772|XBXL10_1g648
tr|Q9VLC5|Q9VLC5_DROME,XBmRNA5107|XBXL10_1g2863
sp|Q9VQB7|EOGT_DROME,XBmRNA37205|XBXL10_1g20085
tr|Q9VHF6|Q9VHF6_DROME,XBmRNA24693|XBXL10_1g13033
tr|Q9VSW1|Q9VSW1_DROME,XBmRNA46292|XBXL10_1g24801
sp|Q7KW39|MMSA_DROME,XBmRNA67379|XBXL10_1g35694
tr|Q9VH81|Q9VH81_DROME,XBmRNA72154|XBXL10_1g38194
tr|A8E6R2|A8E6R2_DROME,XBmRNA5917|XBXL10_1g3271
sp|Q9W133|ADCK_DROME,XBmRNA67470|XBXL10_1g35739
sp|P29775|ETS4_DROME,XBmRNA18130|XBXL10_1g9705
tr|Q9VRP4|Q9VRP4_DROME,XBmRNA73424|XBXL10_1g38900
tr|Q7K231|Q7K231_DROME,XBmRNA9837|XBXL10_1g5290
sp|Q9VCD0|GATB_DROME,XBmRNA1543|XBXL10_1g992
tr|Q9VFB3|Q9VFB3_DROME,XBmRNA38908|XBXL10_1g21031
sp|Q9W058|SCOT_DROME,XBmRNA5857|XBXL10_1g3235
sp|Q9VYG2|BAP60_DROME,XBmRNA15689|XBXL10_1g8307
sp|Q9VL59|ZGPAT_DROME,XBmRNA74365|XBXL10_1g39456
tr|Q9VRA1|Q9VRA1_DROME,XBmRNA24719|XBXL10_1g13045
tr|Q9NHN2|Q9NHN2_DROME,XBmRNA31054|XBXL10_1g16538
tr|Q9VZP8|Q9VZP8_DROME,XBmRNA66396|XBXL10_1g35169
tr|Q9W2H0|Q9W2H0_DROME,XBmRNA41377|XBXL10_1g22257
tr|Q7JYQ4|Q7JYQ4_DROME,XBmRNA4079|XBXL10_1g2208
sp|P00399|COX1_DROME,XBmRNA101821|XBXL10_1g44447
sp|Q9W3V8|ALG8_DROME,XBmRNA20906|XBXL10_1g11128
sp|Q27333|NT56_DROME,XBmRNA47997|XBXL10_1g25678
sp|P20228|DCE_DROME,XBmRNA81834|XBXL10_1g43495
tr|Q8IQI5|Q8IQI5_DROME,XBmRNA1676|XBXL10_1g1080
tr|Q9VTZ7|Q9VTZ7_DROME,XBmRNA34677|XBXL10_1g18808
tr|Q9VMT4|Q9VMT4_DROME,XBmRNA998|XBXL10_1g741
tr|Q9VE18|Q9VE18_DROME,XBmRNA8014|XBXL10_1g4324
tr|Q8IQD3|Q8IQD3_DROME,XBmRNA18655|XBXL10_1g9985
tr|Q9VBP6|Q9VBP6_DROME,XBmRNA55214|XBXL10_1g29380
sp|Q9VE09|GATA_DROME,XBmRNA43884|XBXL10_1g23508
tr|Q9V3D9|Q9V3D9_DROME,XBmRNA68367|XBXL10_1g36121
sp|O44081|DKC1_DROME,XBmRNA65670|XBXL10_1g34737
tr|Q7JZ56|Q7JZ56_DROME,XBmRNA12482|XBXL10_1g6656
tr|Q9VIF6|Q9VIF6_DROME,XBmRNA36291|XBXL10_1g19611
sp|Q9V7P1|UTP18_DROME,XBmRNA74800|XBXL10_1g39760
sp|Q9VIW7|RTCB_DROME,XBmRNA27998|XBXL10_1g15033
sp|Q9VYG1|PSMD5_DROME,XBmRNA64760|XBXL10_1g34328
sp|Q9VPN2|AMNLS_DROME,XBmRNA67900|XBXL10_1g35927
tr|Q9VPM1|Q9VPM1_DROME,XBmRNA74771|XBXL10_1g39743
tr|Q7KLW9|Q7KLW9_DROME,XBmRNA62407|XBXL10_1g33057
tr|Q9VVL7|Q9VVL7_DROME,XBmRNA30178|XBXL10_1g16113
tr|Q9VAP6|Q9VAP6_DROME,XBmRNA68152|XBXL10_1g36038
tr|Q95U38|Q95U38_DROME,XBmRNA15074|XBXL10_1g7972
sp|O46106|NOI_DROME,XBmRNA18841|XBXL10_1g10080
tr|Q9VTN7|Q9VTN7_DROME,XBmRNA10634|XBXL10_1g5670
tr|Q9VUM1|Q9VUM1_DROME,XBmRNA63480|XBXL10_1g33616
sp|Q05652|KPEL_DROME,XBmRNA23692|XBXL10_1g12645
tr|Q9VQL1|Q9VQL1_DROME,XBmRNA13121|XBXL10_1g7014
sp|P15007|ENO_DROME,XBmRNA59042|XBXL10_1g31212
sp|Q9VPK7|PUS10_DROME,XBmRNA46269|XBXL10_1g24790
sp|P36872|2ABA_DROME,XBmRNA57032|XBXL10_1g30288
tr|Q9W282|Q9W282_DROME,XBmRNA78283|XBXL10_1g41484
sp|Q9VYB7|TPST_DROME,XBmRNA4510|XBXL10_1g2579
tr|Q9VUR1|Q9VUR1_DROME,XBmRNA20346|XBXL10_1g10812
sp|Q8T088|WDR55_DROME,XBmRNA22630|XBXL10_1g12134
sp|Q9VPD3|PTSS_DROME,XBmRNA52949|XBXL10_1g28199
sp|Q9W3J5|SYFA_DROME,XBmRNA26833|XBXL10_1g14225
tr|Q9VHA8|Q9VHA8_DROME,XBmRNA14844|XBXL10_1g7870
tr|Q95WY3|Q95WY3_DROME,XBmRNA41|XBXL10_1g27
sp|P54399|PDI_DROME,XBmRNA80431|XBXL10_1g42783
sp|Q9VTJ4|FUCO_DROME,XBmRNA43491|XBXL10_1g23327
sp|Q9VU95|AGT2L_DROME,XBmRNA1742|XBXL10_1g1116
tr|Q86NX3|Q86NX3_DROME,XBmRNA23374|XBXL10_1g12492
tr|Q8SYL0|Q8SYL0_DROME,XBmRNA80285|XBXL10_1g42703
tr|Q9VWP1|Q9VWP1_DROME,XBmRNA25752|XBXL10_1g13557
sp|P25161|PSMD3_DROME,XBmRNA79368|XBXL10_1g42223
sp|Q01637|UMPS_DROME,XBmRNA75989|XBXL10_1g40415
tr|Q9VC87|Q9VC87_DROME,XBmRNA8655|XBXL10_1g4657
sp|Q7KN79|LTV1_DROME,XBmRNA43485|XBXL10_1g23324
tr|Q9VG79|Q9VG79_DROME,XBmRNA39598|XBXL10_1g21396
tr|Q7K490|Q7K490_DROME,XBmRNA41854|XBXL10_1g22481
tr|Q95U34|Q95U34_DROME,XBmRNA25058|XBXL10_1g13221
tr|Q94533|Q94533_DROME,XBmRNA19092|XBXL10_1g10207
sp|Q9VMD5|MBOA7_DROME,XBmRNA59667|XBXL10_1g31551
sp|Q9VPH8|RBBP5_DROME,XBmRNA18288|XBXL10_1g9778
sp|Q9VM95|AATF_DROME,XBmRNA18448|XBXL10_1g9875
tr|Q960G1|Q960G1_DROME,XBmRNA43592|XBXL10_1g23357
sp|Q9VPR4|NLE_DROME,XBmRNA19109|XBXL10_1g10220
tr|Q9VMI5|Q9VMI5_DROME,XBmRNA60815|XBXL10_1g32283
sp|Q9VQC4|GLCTK_DROME,XBmRNA36771|XBXL10_1g19876
tr|Q9V9S9|Q9V9S9_DROME,XBmRNA53488|XBXL10_1g28457
sp|O46080|SMG9_DROME,XBmRNA63919|XBXL10_1g33851
tr|Q9VWW1|Q9VWW1_DROME,XBmRNA45270|XBXL10_1g24191
tr|Q9VA79|Q9VA79_DROME,XBmRNA6563|XBXL10_1g3589
tr|O96660|O96660_DROME,XBmRNA25486|XBXL10_1g13431
sp|A1Z8E9|BBS4_DROME,XBmRNA29741|XBXL10_1g15923
sp|Q9W3M9|HDM_DROME,XBmRNA78121|XBXL10_1g41400
tr|Q9VW68|Q9VW68_DROME,XBmRNA77440|XBXL10_1g41045
tr|A1A714|A1A714_DROME,XBmRNA41026|XBXL10_1g22068
tr|Q9VFZ4|Q9VFZ4_DROME,XBmRNA69802|XBXL10_1g37009
tr|Q9VP85|Q9VP85_DROME,XBmRNA77770|XBXL10_1g41215
tr|A1Z830|A1Z830_DROME,XBmRNA59214|XBXL10_1g31305
tr|Q9VG62|Q9VG62_DROME,XBmRNA34239|XBXL10_1g18597
tr|M9PI97|M9PI97_DROME,XBmRNA51637|XBXL10_1g27534
sp|Q9VWQ2|S6KL_DROME,XBmRNA12208|XBXL10_1g6513
sp|Q9V3A6|ERO1L_DROME,XBmRNA67795|XBXL10_1g35886
tr|A0A0B4KI55|A0A0B4KI55_DROME,XBmRNA48773|XBXL10_1g26066
tr|Q7K1D7|Q7K1D7_DROME,XBmRNA67422|XBXL10_1g35713
sp|P41572|6PGD_DROME,XBmRNA58339|XBXL10_1g30894
tr|Q9VEP6|Q9VEP6_DROME,XBmRNA36470|XBXL10_1g19714
sp|Q9V3K3|RUVB2_DROME,XBmRNA60086|XBXL10_1g31839
tr|Q9VIZ2|Q9VIZ2_DROME,XBmRNA70997|XBXL10_1g37603
sp|Q8MT08|DRC4_DROME,XBmRNA39363|XBXL10_1g21273
tr|M9PET5|M9PET5_DROME,XBmRNA20468|XBXL10_1g10887
tr|Q7JUM3|Q7JUM3_DROME,XBmRNA11987|XBXL10_1g6376
tr|Q9V3N5|Q9V3N5_DROME,XBmRNA6116|XBXL10_1g3356
sp|Q9VHY5|TAF7_DROME,XBmRNA65694|XBXL10_1g34749
sp|Q9W552|VPS26_DROME,XBmRNA58433|XBXL10_1g30937
tr|Q9VNE3|Q9VNE3_DROME,XBmRNA984|XBXL10_1g732
sp|Q9W3C2|NOP53_DROME,XBmRNA67258|XBXL10_1g35628
tr|Q8MT58|Q8MT58_DROME,XBmRNA55293|XBXL10_1g29412
tr|Q6NL44|Q6NL44_DROME,XBmRNA80421|XBXL10_1g42778
tr|Q8SYM5|Q8SYM5_DROME,XBmRNA4431|XBXL10_1g2540
sp|Q8SYS7|NARF_DROME,XBmRNA82845|XBXL10_1g44039
tr|Q8IMV0|Q8IMV0_DROME,XBmRNA13931|XBXL10_1g7394
tr|Q8STG9|Q8STG9_DROME,XBmRNA36974|XBXL10_1g19980
sp|O61267|LOK_DROME,XBmRNA4537|XBXL10_1g2597
sp|O46036|CTBP_DROME,XBmRNA6626|XBXL10_1g3629
sp|O02373|UGDH_DROME,XBmRNA22631|XBXL10_1g12135
sp|Q7JVA5|CEP89_DROME,XBmRNA34752|XBXL10_1g18851
sp|Q24208|IF2G_DROME,XBmRNA12407|XBXL10_1g6616
tr|Q9VKZ8|Q9VKZ8_DROME,XBmRNA52278|XBXL10_1g27835
tr|Q9VC52|Q9VC52_DROME,XBmRNA69633|XBXL10_1g36932
sp|P21521|SY65_DROME,XBmRNA59608|XBXL10_1g31537
tr|Q9VY45|Q9VY45_DROME,XBmRNA34050|XBXL10_1g18507
tr|Q9W2Y4|Q9W2Y4_DROME,XBmRNA39402|XBXL10_1g21295
sp|O61613|NMT_DROME,XBmRNA79690|XBXL10_1g42413
sp|Q9VIP2|PYRD1_DROME,XBmRNA21323|XBXL10_1g11356
tr|Q9VFF0|Q9VFF0_DROME,XBmRNA24110|XBXL10_1g12791
tr|M9PEQ7|M9PEQ7_DROME,XBmRNA58270|XBXL10_1g30864
tr|Q9VBA1|Q9VBA1_DROME,XBmRNA55881|XBXL10_1g29691
tr|Q9VHF0|Q9VHF0_DROME,XBmRNA62329|XBXL10_1g33010
tr|Q9VLG9|Q9VLG9_DROME,XBmRNA14190|XBXL10_1g7552
tr|Q9VZP2|Q9VZP2_DROME,XBmRNA80617|XBXL10_1g42895
tr|Q9VFE9|Q9VFE9_DROME,XBmRNA35367|XBXL10_1g19130
tr|Q9W1H8|Q9W1H8_DROME,XBmRNA49208|XBXL10_1g26330
sp|Q9V3J1|VATH_DROME,XBmRNA52442|XBXL10_1g27935
tr|Q6NR46|Q6NR46_DROME,XBmRNA4044|XBXL10_1g2190
tr|Q9W2E4|Q9W2E4_DROME,XBmRNA51457|XBXL10_1g27440
sp|A1Z746|KMO_DROME,XBmRNA43362|XBXL10_1g23266
tr|Q7K4Q9|Q7K4Q9_DROME,XBmRNA10767|XBXL10_1g5761
sp|Q9W107|SYYM_DROME,XBmRNA21473|XBXL10_1g11444
sp|Q7K486|ARMC6_DROME,XBmRNA3380|XBXL10_1g1898
sp|Q9W265|HOT_DROME,XBmRNA55696|XBXL10_1g29586
tr|Q9VL60|Q9VL60_DROME,XBmRNA4260|XBXL10_1g2437
sp|O76464|NFT1_DROME,XBmRNA73170|XBXL10_1g38791
tr|Q9VS33|Q9VS33_DROME,XBmRNA82866|XBXL10_1g44054
sp|O61305|DDX19_DROME,XBmRNA60733|XBXL10_1g32238
sp|Q24169|ORC5_DROME,XBmRNA52648|XBXL10_1g28029
tr|Q9VDZ7|Q9VDZ7_DROME,XBmRNA7945|XBXL10_1g4279
sp|Q9VNS0|MAEL_DROME,XBmRNA11458|XBXL10_1g6129
sp|A1Z8D0|PWP1_DROME,XBmRNA28154|XBXL10_1g15097
tr|X2JB52|X2JB52_DROME,XBmRNA67338|XBXL10_1g35662
sp|P23128|DDX6_DROME,XBmRNA62847|XBXL10_1g33308
tr|Q9W102|Q9W102_DROME,XBmRNA76345|XBXL10_1g40581
tr|X2JGL7|X2JGL7_DROME,XBmRNA12483|XBXL10_1g6657
tr|Q7K4T8|Q7K4T8_DROME,XBmRNA43865|XBXL10_1g23497
tr|Q9VZY9|Q9VZY9_DROME,XBmRNA35647|XBXL10_1g19286
tr|Q9W1D1|Q9W1D1_DROME,XBmRNA48208|XBXL10_1g25783
tr|A0A0B4LGH8|A0A0B4LGH8_DROME,XBmRNA55493|XBXL10_1g29495
sp|Q8IRE4|TRM5_DROME,XBmRNA68074|XBXL10_1g35996
sp|Q9W379|ZPR1_DROME,XBmRNA58853|XBXL10_1g31108
tr|A8DY65|A8DY65_DROME,XBmRNA69212|XBXL10_1g36689
tr|Q9VJ28|Q9VJ28_DROME,XBmRNA67747|XBXL10_1g35853
tr|Q3ZAN1|Q3ZAN1_DROME,XBmRNA11501|XBXL10_1g6156
tr|A1ZA22|A1ZA22_DROME,XBmRNA35412|XBXL10_1g19150
sp|P42003|MAD_DROME,XBmRNA1576|XBXL10_1g1016
sp|Q9VT57|CDK8_DROME,XBmRNA20661|XBXL10_1g10991
tr|Q9VTM2|Q9VTM2_DROME,XBmRNA12242|XBXL10_1g6535
tr|Q9VEV2|Q9VEV2_DROME,XBmRNA51533|XBXL10_1g27470
tr|Q9VPU0|Q9VPU0_DROME,XBmRNA14302|XBXL10_1g7618
sp|O16129|SYFM_DROME,XBmRNA51783|XBXL10_1g27597
sp|Q9VLJ8|MOCS3_DROME,XBmRNA43315|XBXL10_1g23244
sp|Q9W1V7|ZN277_DROME,XBmRNA23746|XBXL10_1g12664
sp|P17276|PH4H_DROME,XBmRNA23287|XBXL10_1g12451
sp|Q9VU41|ZMY10_DROME,XBmRNA36731|XBXL10_1g19851
tr|Q9V3H0|Q9V3H0_DROME,XBmRNA63249|XBXL10_1g33518
tr|Q8SXC2|Q8SXC2_DROME,XBmRNA35904|XBXL10_1g19423
sp|Q9V6U8|UBA3_DROME,XBmRNA37201|XBXL10_1g20083
sp|Q9VNI3|HPF1_DROME,XBmRNA1391|XBXL10_1g922
sp|Q24319|OST48_DROME,XBmRNA64098|XBXL10_1g33984
sp|Q9V7W1|PIGV_DROME,XBmRNA18541|XBXL10_1g9922
tr|Q7K3M9|Q7K3M9_DROME,XBmRNA75905|XBXL10_1g40371
tr|Q9VM22|Q9VM22_DROME,XBmRNA34605|XBXL10_1g18767
tr|Q9VL89|Q9VL89_DROME,XBmRNA23455|XBXL10_1g12539
sp|Q9VMY9|GUAD_DROME,XBmRNA3841|XBXL10_1g2099
sp|P17133|RU17_DROME,XBmRNA63754|XBXL10_1g33756
sp|Q9VAG4|VP16B_DROME,XBmRNA67459|XBXL10_1g35731
sp|P56079|CDS_DROME,XBmRNA28884|XBXL10_1g15459
tr|M9PER1|M9PER1_DROME,XBmRNA77308|XBXL10_1g40979
sp|Q9Y0Y2|PURA_DROME,XBmRNA67995|XBXL10_1g35955
tr|Q9VXT0|Q9VXT0_DROME,XBmRNA37034|XBXL10_1g20018
tr|Q9VUN7|Q9VUN7_DROME,XBmRNA55962|XBXL10_1g29737
tr|Q7KVB0|Q7KVB0_DROME,XBmRNA11717|XBXL10_1g6245
tr|Q9VEE9|Q9VEE9_DROME,XBmRNA77422|XBXL10_1g41039
sp|P18931|NU4M_DROME,XBmRNA101833|XBXL10_1g44454
tr|Q9VMH4|Q9VMH4_DROME,XBmRNA46135|XBXL10_1g24717
sp|Q9VLC1|FUCTB_DROME,XBmRNA2598|XBXL10_1g1488
sp|Q94899|CSN2_DROME,XBmRNA29347|XBXL10_1g15710
tr|Q9VLB7|Q9VLB7_DROME,XBmRNA64299|XBXL10_1g34092
tr|Q9VYD5|Q9VYD5_DROME,XBmRNA21354|XBXL10_1g11363
sp|Q9VZS6|NSMA_DROME,XBmRNA18137|XBXL10_1g9708
tr|Q9Y162|Q9Y162_DROME,XBmRNA55002|XBXL10_1g29268
tr|Q8SX24|Q8SX24_DROME,XBmRNA36003|XBXL10_1g19477
tr|Q9VDL4|Q9VDL4_DROME,XBmRNA51169|XBXL10_1g27311
tr|Q9VSE8|Q9VSE8_DROME,XBmRNA14514|XBXL10_1g7699
tr|O76896|O76896_DROME,XBmRNA28231|XBXL10_1g15142
tr|Q7JRD4|Q7JRD4_DROME,XBmRNA42684|XBXL10_1g22904
sp|P30052|SCAL_DROME,XBmRNA63700|XBXL10_1g33724
tr|A0A4D6K823|A0A4D6K823_DROME,XBmRNA78834|XBXL10_1g41879
tr|Q0E8K5|Q0E8K5_DROME,XBmRNA38844|XBXL10_1g21003
sp|P48601|PRS4_DROME,XBmRNA70545|XBXL10_1g37375
tr|Q9VHB8|Q9VHB8_DROME,XBmRNA67245|XBXL10_1g35619
tr|Q8IPS4|Q8IPS4_DROME,XBmRNA50348|XBXL10_1g26892
sp|Q9VKJ0|HGD_DROME,XBmRNA11338|XBXL10_1g6074
tr|Q7KTS4|Q7KTS4_DROME,XBmRNA31126|XBXL10_1g16578
sp|Q24317|PRI1_DROME,XBmRNA20207|XBXL10_1g10742
tr|Q9VMN3|Q9VMN3_DROME,XBmRNA67744|XBXL10_1g35851
sp|Q9VPH7|ERF1_DROME,XBmRNA28350|XBXL10_1g15202
tr|Q9VNF5|Q9VNF5_DROME,XBmRNA54584|XBXL10_1g29013
tr|Q9VNP8|Q9VNP8_DROME,XBmRNA10460|XBXL10_1g5580
sp|O61492|FLOT2_DROME,XBmRNA12188|XBXL10_1g6497
tr|O62530|O62530_DROME,XBmRNA48004|XBXL10_1g25683
tr|A1Z9S8|A1Z9S8_DROME,XBmRNA6799|XBXL10_1g3735
sp|Q9VGR2|NDUF7_DROME,XBmRNA47281|XBXL10_1g25324
sp|P51406|BYS_DROME,XBmRNA18185|XBXL10_1g9729
tr|Q9VSM4|Q9VSM4_DROME,XBmRNA15462|XBXL10_1g8173
tr|Q9W4R9|Q9W4R9_DROME,XBmRNA74908|XBXL10_1g39811
tr|Q9VRE4|Q9VRE4_DROME,XBmRNA26840|XBXL10_1g14232
tr|Q9VJG2|Q9VJG2_DROME,XBmRNA73615|XBXL10_1g39028
sp|O77410|EIF3E_DROME,XBmRNA53044|XBXL10_1g28238
tr|Q9VMC0|Q9VMC0_DROME,XBmRNA75068|XBXL10_1g39911
tr|Q7KMQ0|Q7KMQ0_DROME,XBmRNA24107|XBXL10_1g12789
sp|Q9V438|PDIA6_DROME,XBmRNA45662|XBXL10_1g24391
sp|Q7K3D8|DMAP1_DROME,XBmRNA35464|XBXL10_1g19188
tr|Q9VMD4|Q9VMD4_DROME,XBmRNA2090|XBXL10_1g1271
sp|Q9VDZ4|NSUN5_DROME,XBmRNA12343|XBXL10_1g6594
sp|Q27580|SAHH_DROME,XBmRNA75126|XBXL10_1g39957
tr|Q9VL22|Q9VL22_DROME,XBmRNA76277|XBXL10_1g40548
sp|Q9NJH0|EF1G_DROME,XBmRNA33605|XBXL10_1g18233
sp|Q9VW26|OAT_DROME,XBmRNA56971|XBXL10_1g30259
tr|Q8IPY3|Q8IPY3_DROME,XBmRNA39714|XBXL10_1g21455
sp|Q9W088|DPOD2_DROME,XBmRNA25831|XBXL10_1g13593
tr|Q8IPQ6|Q8IPQ6_DROME,XBmRNA12233|XBXL10_1g6528
sp|Q24572|CAF1_DROME,XBmRNA19008|XBXL10_1g10176
tr|Q0KI98|Q0KI98_DROME,XBmRNA67859|XBXL10_1g35908
sp|Q9I7S8|PUR6_DROME,XBmRNA6968|XBXL10_1g3812
tr|O96880|O96880_DROME,XBmRNA11342|XBXL10_1g6076
sp|Q9VBV5|SIL1_DROME,XBmRNA68206|XBXL10_1g36065
tr|Q9VKU0|Q9VKU0_DROME,XBmRNA67765|XBXL10_1g35864
tr|Q9V3V6|Q9V3V6_DROME,XBmRNA32952|XBXL10_1g17838
tr|Q0KHR7|Q0KHR7_DROME,XBmRNA9848|XBXL10_1g5297
sp|Q9VPY8|TGT_DROME,XBmRNA31755|XBXL10_1g17131
tr|A0A0B4KGL2|A0A0B4KGL2_DROME,XBmRNA70609|XBXL10_1g37409
sp|Q9VJQ4|MCES_DROME,XBmRNA52085|XBXL10_1g27755
tr|O62531|O62531_DROME,XBmRNA2697|XBXL10_1g1524
tr|Q9V3T1|Q9V3T1_DROME,XBmRNA33766|XBXL10_1g18354
sp|O61491|FLOT1_DROME,XBmRNA72373|XBXL10_1g38305
sp|Q9VJ97|JMJD4_DROME,XBmRNA49941|XBXL10_1g26717
tr|Q4V3Z5|Q4V3Z5_DROME,XBmRNA53090|XBXL10_1g28266
tr|Q7K012|Q7K012_DROME,XBmRNA32309|XBXL10_1g17530
sp|Q9W415|WUHO_DROME,XBmRNA17403|XBXL10_1g9312
tr|Q9VCT9|Q9VCT9_DROME,XBmRNA20656|XBXL10_1g10988
sp|O77237|PELI_DROME,XBmRNA70171|XBXL10_1g37190
tr|Q9VZU8|Q9VZU8_DROME,XBmRNA51377|XBXL10_1g27400
tr|O61444|O61444_DROME,XBmRNA81106|XBXL10_1g43142
sp|Q7K284|CLP1_DROME,XBmRNA58161|XBXL10_1g30814
sp|Q7KLV9|PSD11_DROME,XBmRNA73863|XBXL10_1g39180
tr|Q9VVL0|Q9VVL0_DROME,XBmRNA79108|XBXL10_1g42075
sp|Q9VFJ3|HTRA2_DROME,XBmRNA6411|XBXL10_1g3492
tr|Q86P97|Q86P97_DROME,XBmRNA4605|XBXL10_1g2638
tr|Q8SX76|Q8SX76_DROME,XBmRNA51364|XBXL10_1g27389
tr|Q9VXQ8|Q9VXQ8_DROME,XBmRNA22378|XBXL10_1g11991
tr|Q9VSL9|Q9VSL9_DROME,XBmRNA72658|XBXL10_1g38465
tr|Q9VQK9|Q9VQK9_DROME,XBmRNA11404|XBXL10_1g6103
tr|Q9VVI1|Q9VVI1_DROME,XBmRNA77374|XBXL10_1g41013
tr|Q9VEV7|Q9VEV7_DROME,XBmRNA70074|XBXL10_1g37149
tr|Q7K4B2|Q7K4B2_DROME,XBmRNA33597|XBXL10_1g18228
sp|O97069|ASSY_DROME,XBmRNA64971|XBXL10_1g34412
tr|Q9VGN8|Q9VGN8_DROME,XBmRNA74859|XBXL10_1g39786
tr|Q9VMC6|Q9VMC6_DROME,XBmRNA26835|XBXL10_1g14227
sp|Q9VSA3|ACADM_DROME,XBmRNA35097|XBXL10_1g19023
tr|Q95RB1|Q95RB1_DROME,XBmRNA55074|XBXL10_1g29304
sp|Q9VSZ6|QTRT2_DROME,XBmRNA11407|XBXL10_1g6105
tr|Q9W3S4|Q9W3S4_DROME,XBmRNA41008|XBXL10_1g22058
sp|P32392|ARP3_DROME,XBmRNA81312|XBXL10_1g43254
tr|Q9VJ68|Q9VJ68_DROME,XBmRNA24783|XBXL10_1g13072
tr|Q9VZI8|Q9VZI8_DROME,XBmRNA25577|XBXL10_1g13464
tr|Q9VTN9|Q9VTN9_DROME,XBmRNA36531|XBXL10_1g19741
sp|Q9VR81|NAGA_DROME,XBmRNA77883|XBXL10_1g41277
tr|Q9VF85|Q9VF85_DROME,XBmRNA67335|XBXL10_1g35659
tr|A0A0B4K7Y4|A0A0B4K7Y4_DROME,XBmRNA23262|XBXL10_1g12435
tr|Q9V470|Q9V470_DROME,XBmRNA37210|XBXL10_1g20088
tr|Q9VY48|Q9VY48_DROME,XBmRNA75403|XBXL10_1g40090
tr|Q9VPE2|Q9VPE2_DROME,XBmRNA22380|XBXL10_1g11993
sp|Q27350|SO_DROME,XBmRNA70214|XBXL10_1g37214
sp|O16868|FUZZY_DROME,XBmRNA60009|XBXL10_1g31785
tr|Q9VJ72|Q9VJ72_DROME,XBmRNA62824|XBXL10_1g33302
sp|O16797|RL3_DROME,XBmRNA36440|XBXL10_1g19699
tr|O76928|O76928_DROME,XBmRNA26119|XBXL10_1g13733
tr|Q8SYM9|Q8SYM9_DROME,XBmRNA25986|XBXL10_1g13690
sp|P54366|GSC_DROME,XBmRNA9807|XBXL10_1g5275
tr|Q9VVU1|Q9VVU1_DROME,XBmRNA56981|XBXL10_1g30266
sp|P91622|PDK_DROME,XBmRNA12305|XBXL10_1g6571
tr|Q8IPZ3|Q8IPZ3_DROME,XBmRNA43885|XBXL10_1g23509
tr|Q9V405|Q9V405_DROME,XBmRNA60583|XBXL10_1g32160
tr|Q9VB10|Q9VB10_DROME,XBmRNA8507|XBXL10_1g4592
sp|Q9VXA0|NPRL2_DROME,XBmRNA41218|XBXL10_1g22167
tr|Q8T4A9|Q8T4A9_DROME,XBmRNA1721|XBXL10_1g1101
tr|Q7JZ37|Q7JZ37_DROME,XBmRNA68041|XBXL10_1g35982
sp|Q7KNS3|LIS1_DROME,XBmRNA17671|XBXL10_1g9473
tr|Q9W295|Q9W295_DROME,XBmRNA73462|XBXL10_1g38922
tr|Q9W3N9|Q9W3N9_DROME,XBmRNA20802|XBXL10_1g11052
sp|Q9VWD6|OSGP2_DROME,XBmRNA77279|XBXL10_1g40961
sp|Q9U6M0|ECSIT_DROME,XBmRNA31818|XBXL10_1g17165
tr|Q9VK30|Q9VK30_DROME,XBmRNA58724|XBXL10_1g31060
tr|Q9VN16|Q9VN16_DROME,XBmRNA662|XBXL10_1g602
tr|Q9VSZ5|Q9VSZ5_DROME,XBmRNA29230|XBXL10_1g15644
tr|Q9VGW9|Q9VGW9_DROME,XBmRNA35638|XBXL10_1g19281
tr|Q9W5E2|Q9W5E2_DROME,XBmRNA50452|XBXL10_1g26939
sp|P40320|METK_DROME,XBmRNA28830|XBXL10_1g15426
sp|Q9VD28|JMJD6_DROME,XBmRNA81041|XBXL10_1g43108
tr|Q8SYP9|Q8SYP9_DROME,XBmRNA42868|XBXL10_1g23013
sp|Q9V345|CSN4_DROME,XBmRNA2216|XBXL10_1g1336
tr|A0A0B4LGA2|A0A0B4LGA2_DROME,XBmRNA36030|XBXL10_1g19491
tr|Q9VA53|Q9VA53_DROME,XBmRNA82816|XBXL10_1g44018
sp|P29413|CALR_DROME,XBmRNA31841|XBXL10_1g17176
tr|Q7JMV3|Q7JMV3_DROME,XBmRNA71284|XBXL10_1g37721
sp|P32748|PYRD_DROME,XBmRNA34536|XBXL10_1g18735
sp|Q9VIV3|CTU2_DROME,XBmRNA34313|XBXL10_1g18651
sp|Q9VQS5|IFT57_DROME,XBmRNA19318|XBXL10_1g10341
sp|Q9VYY3|UBA5_DROME,XBmRNA54673|XBXL10_1g29073
tr|A4V0X6|A4V0X6_DROME,XBmRNA42061|XBXL10_1g22569
tr|Q8SXX1|Q8SXX1_DROME,XBmRNA79437|XBXL10_1g42260
tr|O17432|O17432_DROME,XBmRNA71257|XBXL10_1g37706
sp|Q02748|IF4A_DROME,XBmRNA44678|XBXL10_1g23913
tr|Q9VSM8|Q9VSM8_DROME,XBmRNA65041|XBXL10_1g34445
tr|Q9VFV9|Q9VFV9_DROME,XBmRNA2540|XBXL10_1g1463
tr|Q9W3D5|Q9W3D5_DROME,XBmRNA42537|XBXL10_1g22829
sp|Q9V6X7|OFUT1_DROME,XBmRNA73401|XBXL10_1g38889
tr|Q9VLS0|Q9VLS0_DROME,XBmRNA33279|XBXL10_1g18026
tr|Q9W0M3|Q9W0M3_DROME,XBmRNA77607|XBXL10_1g41127
sp|P09180|RL4_DROME,XBmRNA25470|XBXL10_1g13421
tr|Q961D1|Q961D1_DROME,XBmRNA67701|XBXL10_1g35826
sp|P45888|ARP2_DROME,XBmRNA42610|XBXL10_1g22871
sp|Q9VHS8|IF4A3_DROME,XBmRNA46905|XBXL10_1g25122
tr|Q9VSY9|Q9VSY9_DROME,XBmRNA18225|XBXL10_1g9744
sp|Q9VU87|VPS36_DROME,XBmRNA15745|XBXL10_1g8339
tr|Q9VL70|Q9VL70_DROME,XBmRNA6078|XBXL10_1g3335
tr|Q9VX24|Q9VX24_DROME,XBmRNA46076|XBXL10_1g24674
sp|P45890|ARP6_DROME,XBmRNA23309|XBXL10_1g12462
tr|Q9VB06|Q9VB06_DROME,XBmRNA76038|XBXL10_1g40431
tr|Q29R09|Q29R09_DROME,XBmRNA29824|XBXL10_1g15959
sp|Q9VLP7|MET14_DROME,XBmRNA2388|XBXL10_1g1397
sp|Q8SWU7|OLA1_DROME,XBmRNA76651|XBXL10_1g40707
sp|Q9VCR7|CTNS_DROME,XBmRNA12035|XBXL10_1g6401
sp|Q9VVD9|S35B3_DROME,XBmRNA51830|XBXL10_1g27619
sp|Q24324|DSOR1_DROME,XBmRNA25468|XBXL10_1g13419
sp|A1Z6M6|TTC4_DROME,XBmRNA35644|XBXL10_1g19285
sp|Q9VG73|ILF2_DROME,XBmRNA69771|XBXL10_1g36993
tr|Q8SX78|Q8SX78_DROME,XBmRNA14608|XBXL10_1g7758
tr|Q9VJ06|Q9VJ06_DROME,XBmRNA24059|XBXL10_1g12768
sp|P55035|PSMD4_DROME,XBmRNA69844|XBXL10_1g37022
sp|Q9VR52|TILB_DROME,XBmRNA53173|XBXL10_1g28311
tr|Q8SXF0|Q8SXF0_DROME,XBmRNA14564|XBXL10_1g7727
sp|P48612|PELO_DROME,XBmRNA78411|XBXL10_1g41594
sp|Q9V3R6|ADAT1_DROME,XBmRNA39480|XBXL10_1g21335
tr|Q7KSA2|Q7KSA2_DROME,XBmRNA33313|XBXL10_1g18043
sp|Q7JXF5|NUP62_DROME,XBmRNA65656|XBXL10_1g34731
sp|P48592|RIR2_DROME,XBmRNA48966|XBXL10_1g26173
tr|Q9VDD0|Q9VDD0_DROME,XBmRNA442|XBXL10_1g423
tr|Q9VK25|Q9VK25_DROME,XBmRNA74726|XBXL10_1g39723
tr|Q9VAY9|Q9VAY9_DROME,XBmRNA45397|XBXL10_1g24243
tr|Q7JXZ2|Q7JXZ2_DROME,XBmRNA35127|XBXL10_1g19038
sp|Q9VHS7|COQ2_DROME,XBmRNA2240|XBXL10_1g1343
tr|Q9W0H6|Q9W0H6_DROME,XBmRNA42993|XBXL10_1g23066
tr|Q9VK20|Q9VK20_DROME,XBmRNA43112|XBXL10_1g23147
tr|Q9W253|Q9W253_DROME,XBmRNA69907|XBXL10_1g37060
tr|Q9VRP2|Q9VRP2_DROME,XBmRNA20112|XBXL10_1g10707
sp|Q9VU65|POC1_DROME,XBmRNA23397|XBXL10_1g12505
sp|Q7K175|HENMT_DROME,XBmRNA36127|XBXL10_1g19527
tr|A0A6H2EG45|A0A6H2EG45_DROME,XBmRNA58171|XBXL10_1g30817
tr|Q7K2V9|Q7K2V9_DROME,XBmRNA4458|XBXL10_1g2555
sp|Q9V3D2|HEM6_DROME,XBmRNA11866|XBXL10_1g6319
sp|Q9V3G7|PSMD6_DROME,XBmRNA41610|XBXL10_1g22360
sp|Q24276|CDC37_DROME,XBmRNA31691|XBXL10_1g17093
tr|Q9VC03|Q9VC03_DROME,XBmRNA58327|XBXL10_1g30890
tr|Q7K274|Q7K274_DROME,XBmRNA29900|XBXL10_1g15991
tr|Q9VPQ7|Q9VPQ7_DROME,XBmRNA79260|XBXL10_1g42161
tr|Q9W1A7|Q9W1A7_DROME,XBmRNA33852|XBXL10_1g18414
sp|Q9W5B6|MTU1_DROME,XBmRNA23946|XBXL10_1g12740
tr|Q9VMB3|Q9VMB3_DROME,XBmRNA43583|XBXL10_1g23352
tr|Q9VT33|Q9VT33_DROME,XBmRNA65713|XBXL10_1g34758
tr|M9PAZ8|M9PAZ8_DROME,XBmRNA32393|XBXL10_1g17587
tr|Q9VXQ3|Q9VXQ3_DROME,XBmRNA34699|XBXL10_1g18818
tr|Q9VIH0|Q9VIH0_DROME,XBmRNA78073|XBXL10_1g41364
tr|A1Z840|A1Z840_DROME,XBmRNA34264|XBXL10_1g18615
sp|Q9VWF4|DUSK4_DROME,XBmRNA42826|XBXL10_1g22985
tr|Q9VYE3|Q9VYE3_DROME,XBmRNA12102|XBXL10_1g6430
tr|Q9VI04|Q9VI04_DROME,XBmRNA9775|XBXL10_1g5255
sp|Q7K7A9|FEN1_DROME,XBmRNA38261|XBXL10_1g20777
tr|Q9VUL8|Q9VUL8_DROME,XBmRNA43492|XBXL10_1g23328
tr|Q7K519|Q7K519_DROME,XBmRNA12857|XBXL10_1g6860
sp|P20354|GNAS_DROME,XBmRNA74233|XBXL10_1g39384
sp|P56175|RCL1_DROME,XBmRNA3736|XBXL10_1g2050
tr|Q9VWJ7|Q9VWJ7_DROME,XBmRNA75617|XBXL10_1g40192
sp|Q9V9S8|HEMH_DROME,XBmRNA6016|XBXL10_1g3308
tr|Q9VGE2|Q9VGE2_DROME,XBmRNA45841|XBXL10_1g24506
tr|Q9VCK6|Q9VCK6_DROME,XBmRNA74476|XBXL10_1g39512
tr|Q9VTV4|Q9VTV4_DROME,XBmRNA75373|XBXL10_1g40073
sp|Q9I7M2|GTPBA_DROME,XBmRNA54236|XBXL10_1g28831
tr|Q9V3R3|Q9V3R3_DROME,XBmRNA46210|XBXL10_1g24753
tr|Q7KMP8|Q7KMP8_DROME,XBmRNA38244|XBXL10_1g20770
tr|Q9I7P3|Q9I7P3_DROME,XBmRNA76573|XBXL10_1g40668
tr|Q9VLN0|Q9VLN0_DROME,XBmRNA74193|XBXL10_1g39362
tr|Q9VB73|Q9VB73_DROME,XBmRNA61712|XBXL10_1g32688
tr|Q8T913|Q8T913_DROME,XBmRNA42697|XBXL10_1g22909
tr|Q9VPF3|Q9VPF3_DROME,XBmRNA5054|XBXL10_1g2837
tr|Q9VJZ5|Q9VJZ5_DROME,XBmRNA66010|XBXL10_1g34947
sp|P46415|ADHX_DROME,XBmRNA1968|XBXL10_1g1220
tr|Q9VEA6|Q9VEA6_DROME,XBmRNA75055|XBXL10_1g39907
sp|P20351|T23O_DROME,XBmRNA1485|XBXL10_1g963
tr|Q9VH64|Q9VH64_DROME,XBmRNA765|XBXL10_1g642
sp|P18935|CYB_DROME,XBmRNA101840|XBXL10_1g44457
sp|Q9V6G5|TAZ_DROME,XBmRNA64296|XBXL10_1g34090
tr|O97182|O97182_DROME,XBmRNA77353|XBXL10_1g41005
sp|Q7JQW6|LIAS_DROME,XBmRNA6834|XBXL10_1g3756
sp|P40427|EXD_DROME,XBmRNA40581|XBXL10_1g21863
sp|P45889|ACTZ_DROME,XBgroup95
sp|P16905|KAPR1_DROME,XBmRNA81219|XBXL10_1g43208
sp|P40417|ERKA_DROME,XBmRNA9833|XBXL10_1g5287
sp|Q9VSB9|TMM43_DROME,XBmRNA36930|XBXL10_1g19958
tr|Q9VFP6|Q9VFP6_DROME,XBmRNA77285|XBXL10_1g40967
tr|Q9VVM7|Q9VVM7_DROME,XBmRNA42596|XBXL10_1g22862
sp|Q9VXA8|DXO_DROME,XBmRNA66967|XBXL10_1g35464
tr|A1Z9I6|A1Z9I6_DROME,XBmRNA78275|XBXL10_1g41480
tr|Q9VFH8|Q9VFH8_DROME,XBmRNA76571|XBXL10_1g40667
tr|Q9VC48|Q9VC48_DROME,XBmRNA1970|XBXL10_1g1221
tr|Q9VNH5|Q9VNH5_DROME,XBmRNA58498|XBXL10_1g30961
tr|Q9VD63|Q9VD63_DROME,XBmRNA25197|XBXL10_1g13292
sp|Q95YI5|US74C_DROME,XBmRNA39937|XBXL10_1g21554
tr|Q9VIK0|Q9VIK0_DROME,XBmRNA5939|XBXL10_1g3278
tr|Q9VG07|Q9VG07_DROME,XBmRNA23289|XBXL10_1g12453
tr|E2QD26|E2QD26_DROME,XBmRNA59229|XBXL10_1g31315
sp|P92208|JNK_DROME,XBmRNA58277|XBXL10_1g30871
tr|Q9VNR9|Q9VNR9_DROME,XBmRNA75872|XBXL10_1g40353
tr|Q9W0M6|Q9W0M6_DROME,XBmRNA51160|XBXL10_1g27308
sp|P23757|POXM_DROME,XBmRNA68347|XBXL10_1g36111
sp|Q9VBG6|HGH1_DROME,XBmRNA53503|XBXL10_1g28462
sp|Q7JZB4|GMPPB_DROME,XBmRNA41151|XBXL10_1g22134
sp|Q8SYD0|TTC19_DROME,XBmRNA16830|XBXL10_1g9044
tr|Q9VHI3|Q9VHI3_DROME,XBmRNA36990|XBXL10_1g19991
tr|Q9VLB9|Q9VLB9_DROME,XBmRNA46670|XBXL10_1g25011
sp|P32234|128UP_DROME,XBmRNA4618|XBXL10_1g2645
sp|Q9VSF4|DHYS_DROME,XBmRNA31882|XBXL10_1g17198
tr|Q9VPE8|Q9VPE8_DROME,XBmRNA45915|XBXL10_1g24557
tr|Q9VWD0|Q9VWD0_DROME,XBmRNA38862|XBXL10_1g21009
sp|Q9VBX2|MOC2B_DROME,XBmRNA5820|XBXL10_1g3213
tr|Q9VED8|Q9VED8_DROME,XBmRNA39810|XBXL10_1g21503
tr|Q9VGS1|Q9VGS1_DROME,XBmRNA40610|XBXL10_1g21877
tr|Q9VVU4|Q9VVU4_DROME,XBmRNA76654|XBXL10_1g40710
tr|Q9W1F7|Q9W1F7_DROME,XBmRNA11100|XBXL10_1g5922
tr|A0A0B4K6Q5|A0A0B4K6Q5_DROME,XBmRNA12054|XBXL10_1g6412
tr|Q9VUX9|Q9VUX9_DROME,XBmRNA46327|XBXL10_1g24822
tr|Q7K5K3|Q7K5K3_DROME,XBmRNA41720|XBXL10_1g22418
sp|Q9VAN0|SERC_DROME,XBmRNA9159|XBXL10_1g4900
tr|Q7PLE6|Q7PLE6_DROME,XBmRNA47771|XBXL10_1g25585
tr|Q9VLP6|Q9VLP6_DROME,XBmRNA67237|XBXL10_1g35614
tr|Q9VW45|Q9VW45_DROME,XBmRNA33759|XBXL10_1g18352
sp|Q9V9X4|MTNA_DROME,XBmRNA26944|XBXL10_1g14281
tr|Q9VDV2|Q9VDV2_DROME,XBmRNA82538|XBXL10_1g43857
sp|O77264|RTCA_DROME,XBmRNA36009|XBXL10_1g19481
sp|Q9VCX3|RM45_DROME,XBmRNA73625|XBXL10_1g39036
tr|Q7K157|Q7K157_DROME,XBmRNA61316|XBXL10_1g32498
tr|Q9VER8|Q9VER8_DROME,XBmRNA55457|XBXL10_1g29477
tr|Q8INP9|Q8INP9_DROME,XBmRNA20425|XBXL10_1g10858
tr|Q9VM54|Q9VM54_DROME,XBmRNA11760|XBXL10_1g6264
sp|P49071|MAPK2_DROME,XBmRNA13124|XBXL10_1g7017
tr|Q9W3J1|Q9W3J1_DROME,XBmRNA25001|XBXL10_1g13195
tr|Q9VE85|Q9VE85_DROME,XBmRNA47344|XBXL10_1g25352
tr|Q9V9Z8|Q9V9Z8_DROME,XBmRNA69236|XBXL10_1g36702
tr|Q9VDP8|Q9VDP8_DROME,XBmRNA9901|XBXL10_1g5322
tr|Q9U9Q1|Q9U9Q1_DROME,XBmRNA15853|XBXL10_1g8371
sp|Q9VGY5|MET15_DROME,XBmRNA38365|XBXL10_1g20820
tr|Q9W3X3|Q9W3X3_DROME,XBmRNA64535|XBXL10_1g34212
tr|Q9VCY1|Q9VCY1_DROME,XBmRNA81357|XBXL10_1g43285
sp|Q8T4E1|GPI8_DROME,XBmRNA39885|XBXL10_1g21524
tr|Q95TP0|Q95TP0_DROME,XBmRNA42114|XBXL10_1g22595
tr|Q9W481|Q9W481_DROME,XBmRNA42785|XBXL10_1g22968
sp|P20353|GNAI_DROME,XBgroup111
sp|Q9VCC0|CHRD1_DROME,XBmRNA20873|XBXL10_1g11107
sp|P16378|GNAO_DROME,XBmRNA34226|XBXL10_1g18592
sp|Q9VPD5|MTEF3_DROME,XBmRNA55912|XBXL10_1g29710
sp|Q9VPQ2|DJSHV_DROME,XBmRNA77309|XBXL10_1g40980
sp|P12370|KAPC1_DROME,XBmRNA28504|XBXL10_1g15272
tr|Q24216|Q24216_DROME,XBmRNA5666|XBXL10_1g3131
tr|Q9VX15|Q9VX15_DROME,XBmRNA44677|XBXL10_1g23912
sp|P20227|TBP_DROME,XBmRNA43173|XBXL10_1g23180
tr|O76863|O76863_DROME,XBmRNA67404|XBXL10_1g35706
tr|Q7JW66|Q7JW66_DROME,XBmRNA57656|XBXL10_1g30606
tr|Q9VST8|Q9VST8_DROME,XBmRNA2117|XBXL10_1g1289
sp|A1Z8R8|PARL_DROME,XBmRNA13117|XBXL10_1g7010
sp|Q9W0P5|GALE_DROME,XBmRNA13915|XBXL10_1g7383
sp|Q9VTV1|THOC6_DROME,XBmRNA78425|XBXL10_1g41602
sp|Q9VHF2|PTER_DROME,XBmRNA50383|XBXL10_1g26903
sp|Q9VMA2|GALT_DROME,XBmRNA11182|XBXL10_1g5983
tr|Q9VYT1|Q9VYT1_DROME,XBmRNA21649|XBXL10_1g11544
tr|Q9VFF2|Q9VFF2_DROME,XBmRNA15043|XBXL10_1g7953
tr|Q7PLS1|Q7PLS1_DROME,XBmRNA69961|XBXL10_1g37096
tr|A0A4D6K2Q0|A0A4D6K2Q0_DROME,XBmRNA3838|XBXL10_1g2097
tr|Q9VHN4|Q9VHN4_DROME,XBmRNA53903|XBXL10_1g28682
tr|Q9VF86|Q9VF86_DROME,XBmRNA517|XBXL10_1g460
tr|Q8INQ9|Q8INQ9_DROME,XBmRNA19444|XBXL10_1g10397
tr|Q9W1A3|Q9W1A3_DROME,XBmRNA47147|XBXL10_1g25260
sp|Q9VPP5|RNH2A_DROME,XBmRNA26867|XBXL10_1g14241
tr|Q9W424|Q9W424_DROME,XBmRNA69061|XBXL10_1g36584
tr|Q9VXN1|Q9VXN1_DROME,XBgroup249
tr|Q9VGN6|Q9VGN6_DROME,XBmRNA57434|XBXL10_1g30484
sp|Q9VV41|OSGEP_DROME,XBmRNA4264|XBXL10_1g2440
tr|Q9XZ68|Q9XZ68_DROME,XBmRNA39888|XBXL10_1g21527
sp|Q9VRJ9|OTU1_DROME,XBmRNA13354|XBXL10_1g7125
tr|Q7K209|Q7K209_DROME,XBmRNA27760|XBXL10_1g14931
sp|Q9VPU8|KRR1_DROME,XBmRNA40902|XBXL10_1g22012
tr|Q8T4A5|Q8T4A5_DROME,XBmRNA51137|XBXL10_1g27297
tr|Q9VXR6|Q9VXR6_DROME,XBmRNA36175|XBXL10_1g19551
tr|Q9VKB3|Q9VKB3_DROME,XBmRNA50378|XBXL10_1g26899
tr|Q9VK29|Q9VK29_DROME,XBmRNA16620|XBXL10_1g8853
sp|Q9W1V3|FBRL_DROME,XBmRNA64008|XBXL10_1g33927
tr|Q9VR53|Q9VR53_DROME,XBgroup233
tr|Q9VC26|Q9VC26_DROME,XBmRNA37428|XBXL10_1g20170
tr|M9PB43|M9PB43_DROME,XBmRNA39476|XBXL10_1g21333
sp|Q9V3I8|OGG1_DROME,XBmRNA37142|XBXL10_1g20059
sp|A0A0B4LFY9|STING_DROME,XBmRNA28478|XBXL10_1g15260
sp|Q7JWW5|CTU1_DROME,XBmRNA2386|XBXL10_1g1396
tr|A0A0U1RVK6|A0A0U1RVK6_DROME,XBmRNA3943|XBXL10_1g2150
tr|Q4QQ70|Q4QQ70_DROME,XBmRNA68580|XBXL10_1g36217
sp|Q8INF2|TAM41_DROME,XBmRNA41817|XBXL10_1g22459
tr|Q9V9Z0|Q9V9Z0_DROME,XBmRNA25433|XBXL10_1g13398
tr|O77135|O77135_DROME,XBmRNA67961|XBXL10_1g35942
sp|Q9VCY3|CSN6_DROME,XBmRNA31997|XBXL10_1g17279
sp|P03896|NU2M_DROME,XBmRNA101815|XBXL10_1g44446
tr|Q8SWW2|Q8SWW2_DROME,XBmRNA74504|XBXL10_1g39527
sp|P41374|IF2A_DROME,XBmRNA68728|XBXL10_1g36363
tr|Q9VPB9|Q9VPB9_DROME,XBmRNA38642|XBXL10_1g20923
tr|Q9VPB4|Q9VPB4_DROME,XBmRNA24399|XBXL10_1g12900
sp|P26308|GBB1_DROME,XBmRNA63078|XBXL10_1g33425
tr|Q9VGM4|Q9VGM4_DROME,XBmRNA28648|XBXL10_1g15334
tr|Q9V437|Q9V437_DROME,XBmRNA77745|XBXL10_1g41199
tr|Q9VY87|Q9VY87_DROME,XBmRNA45900|XBXL10_1g24551
tr|Q9VHJ2|Q9VHJ2_DROME,XBmRNA81124|XBXL10_1g43150
tr|Q9VYA4|Q9VYA4_DROME,XBmRNA15727|XBXL10_1g8328
sp|P91891|MO25_DROME,XBmRNA15705|XBXL10_1g8315
tr|H0RNK3|H0RNK3_DROME,XBmRNA57663|XBXL10_1g30613
tr|Q9VSN7|Q9VSN7_DROME,XBmRNA47341|XBXL10_1g25350
tr|A8DYI6|A8DYI6_DROME,XBmRNA56689|XBXL10_1g30119
sp|P26270|PSMD7_DROME,XBmRNA34549|XBXL10_1g18741
sp|O77460|IPYR_DROME,XBmRNA57661|XBXL10_1g30611
tr|Q9VS54|Q9VS54_DROME,XBmRNA43327|XBXL10_1g23252
sp|Q9VVL6|MED19_DROME,XBmRNA58113|XBXL10_1g30794
tr|Q9VKX2|Q9VKX2_DROME,XBmRNA42640|XBXL10_1g22887
tr|Q7KSM5|Q7KSM5_DROME,XBmRNA67139|XBXL10_1g35552
sp|Q27297|RAD51_DROME,XBmRNA68566|XBXL10_1g36212
sp|Q7JWD3|ASNA_DROME,XBmRNA26875|XBXL10_1g14246
tr|Q9W0U6|Q9W0U6_DROME,XBmRNA36838|XBXL10_1g19915
sp|Q9V7A7|GPAN1_DROME,XBmRNA67003|XBXL10_1g35479
tr|Q8SX25|Q8SX25_DROME,XBmRNA39786|XBXL10_1g21489
tr|Q9VBU5|Q9VBU5_DROME,XBmRNA51686|XBXL10_1g27551
tr|Q7JZB1|Q7JZB1_DROME,XBmRNA43838|XBXL10_1g23484
tr|Q8IQJ7|Q8IQJ7_DROME,XBmRNA23590|XBXL10_1g12602
tr|O62602|O62602_DROME,XBmRNA80310|XBXL10_1g42718
sp|Q9VUJ0|RM39_DROME,XBmRNA11854|XBXL10_1g6313
tr|Q9VMX3|Q9VMX3_DROME,XBmRNA42447|XBXL10_1g22776
sp|Q9VXT2|DJC25_DROME,XBmRNA8494|XBXL10_1g4585
tr|Q7JVH0|Q7JVH0_DROME,XBmRNA43222|XBXL10_1g23202
tr|Q7K1S1|Q7K1S1_DROME,XBmRNA42563|XBXL10_1g22843
sp|Q9VXT7|ASGL1_DROME,XBmRNA44291|XBXL10_1g23722
tr|Q9VMM7|Q9VMM7_DROME,XBmRNA4106|XBXL10_1g2222
tr|Q7KUZ2|Q7KUZ2_DROME,XBmRNA67466|XBXL10_1g35736
tr|Q9VKW3|Q9VKW3_DROME,XBmRNA5158|XBXL10_1g2890
sp|P53034|RFC2_DROME,XBmRNA14266|XBXL10_1g7597
sp|Q9W1G0|TALDO_DROME,XBmRNA33364|XBXL10_1g18068
tr|Q9VR31|Q9VR31_DROME,XBmRNA8038|XBXL10_1g4340
sp|Q7JVL3|PRP38_DROME,XBmRNA40262|XBXL10_1g21713
tr|Q9VXR9|Q9VXR9_DROME,XBmRNA1697|XBXL10_1g1090
tr|Q7KN94|Q7KN94_DROME,XBmRNA29823|XBXL10_1g15958
sp|P48462|PP1B_DROME,XBgroup4
tr|Q8SY53|Q8SY53_DROME,XBmRNA1223|XBXL10_1g837
tr|Q9VUU6|Q9VUU6_DROME,XBmRNA68429|XBXL10_1g36151
tr|Q9VM20|Q9VM20_DROME,XBmRNA33196|XBXL10_1g17959
tr|Q9VAL1|Q9VAL1_DROME,XBmRNA25064|XBXL10_1g13224
tr|A1Z8T6|A1Z8T6_DROME,XBmRNA13723|XBXL10_1g7291
sp|Q9XZ58|CSN5_DROME,XBmRNA55713|XBXL10_1g29594
tr|Q9VTV9|Q9VTV9_DROME,XBmRNA64467|XBXL10_1g34178
tr|Q9VAJ2|Q9VAJ2_DROME,XBmRNA56978|XBXL10_1g30263
sp|Q7K0P4|PGAP3_DROME,XBmRNA73567|XBXL10_1g38990
sp|O02195|EIF3I_DROME,XBmRNA13736|XBXL10_1g7301
tr|Q9VEK8|Q9VEK8_DROME,XBmRNA45258|XBXL10_1g24184
sp|Q86BS6|METL_DROME,XBmRNA73963|XBXL10_1g39241
sp|Q9VDS6|SURF6_DROME,XBmRNA64838|XBXL10_1g34363
tr|O76513|O76513_DROME,XBmRNA5478|XBXL10_1g3033
sp|P48596|GCH1_DROME,XBmRNA70383|XBXL10_1g37289
tr|A1Z7K8|A1Z7K8_DROME,XBmRNA7505|XBXL10_1g4079
tr|Q1WWB7|Q1WWB7_DROME,XBmRNA4800|XBXL10_1g2732
sp|Q9VCU5|MTG1_DROME,XBmRNA58309|XBXL10_1g30885
tr|Q9VM58|Q9VM58_DROME,XBmRNA29827|XBXL10_1g15962
tr|Q9VMD3|Q9VMD3_DROME,XBmRNA36748|XBXL10_1g19860
tr|Q9W112|Q9W112_DROME,XBmRNA74958|XBXL10_1g39841
tr|A1Z7S4|A1Z7S4_DROME,XBmRNA53005|XBXL10_1g28227
sp|Q8MZC4|CRLS1_DROME,XBmRNA46813|XBXL10_1g25069
sp|O76511|TYSY_DROME,XBmRNA52272|XBXL10_1g27831
sp|Q94515|DEGS1_DROME,XBmRNA72211|XBXL10_1g38222
tr|Q9VNC1|Q9VNC1_DROME,XBmRNA48774|XBXL10_1g26067
tr|Q9VX13|Q9VX13_DROME,XBmRNA53772|XBXL10_1g28627
tr|Q9VHT2|Q9VHT2_DROME,XBmRNA23085|XBXL10_1g12355
tr|Q9VI84|Q9VI84_DROME,XBmRNA76225|XBXL10_1g40514
tr|A1Z9W2|A1Z9W2_DROME,XBmRNA76085|XBXL10_1g40449
sp|Q9VBU8|NUP37_DROME,XBmRNA23269|XBXL10_1g12439
tr|Q9VWJ9|Q9VWJ9_DROME,XBmRNA77425|XBXL10_1g41040
tr|Q9VMY0|Q9VMY0_DROME,XBmRNA57706|XBXL10_1g30627
sp|O18640|GBLP_DROME,XBgroup257
tr|Q7KSQ0|Q7KSQ0_DROME,XBmRNA9809|XBXL10_1g5276
tr|Q9VBH7|Q9VBH7_DROME,XBmRNA67936|XBXL10_1g35938
sp|P19889|RLA0_DROME,XBmRNA9682|XBXL10_1g5215
tr|Q9VRJ4|Q9VRJ4_DROME,XBmRNA4115|XBXL10_1g2226
tr|Q9VKV9|Q9VKV9_DROME,XBmRNA76617|XBXL10_1g40692
tr|Q9VI65|Q9VI65_DROME,XBmRNA1623|XBXL10_1g1050
sp|O76902|PKHF1_DROME,XBmRNA52957|XBXL10_1g28204
sp|Q7K0F0|CC130_DROME,XBmRNA26908|XBXL10_1g14263
tr|Q9VU77|Q9VU77_DROME,XBmRNA70148|XBXL10_1g37181
sp|Q9VAU9|ZN330_DROME,XBmRNA7246|XBXL10_1g3965
sp|P29052|TF2B_DROME,XBmRNA35906|XBXL10_1g19425
sp|P23573|CDK2_DROME,XBmRNA15242|XBXL10_1g8063
sp|Q9W328|LST8_DROME,XBmRNA78038|XBXL10_1g41346
tr|Q9W3S5|Q9W3S5_DROME,XBmRNA74823|XBXL10_1g39768
sp|P18929|NU1M_DROME,XBmRNA101811|XBXL10_1g44445
tr|A1Z9A5|A1Z9A5_DROME,XBmRNA13553|XBXL10_1g7213
sp|Q8IRR5|SIR4_DROME,XBmRNA4678|XBXL10_1g2668
sp|P41375|IF2B_DROME,XBmRNA80773|XBXL10_1g42974
tr|Q9W5W8|Q9W5W8_DROME,XBmRNA67312|XBXL10_1g35650
sp|Q9VJI9|NUBP1_DROME,XBmRNA82403|XBXL10_1g43781
tr|Q9VFS4|Q9VFS4_DROME,XBmRNA42709|XBXL10_1g22916
tr|Q9VIF3|Q9VIF3_DROME,XBmRNA43929|XBXL10_1g23531
tr|Q9V3B5|Q9V3B5_DROME,XBmRNA79875|XBXL10_1g42491
tr|Q7KIS4|Q7KIS4_DROME,XBmRNA77543|XBXL10_1g41093
sp|Q9VDD1|DDRGK_DROME,XBmRNA531|XBXL10_1g469
sp|P23696|PP2A_DROME,XBmRNA28321|XBXL10_1g15195
sp|Q9V3H2|PSDE_DROME,XBgroup71
tr|Q9VJL9|Q9VJL9_DROME,XBmRNA26887|XBXL10_1g14252
tr|Q9VZZ8|Q9VZZ8_DROME,XBmRNA50286|XBXL10_1g26867
tr|Q9VV83|Q9VV83_DROME,XBmRNA79069|XBXL10_1g42055
sp|O76932|PP4C_DROME,XBgroup256
sp|Q9V9Z9|EBP2_DROME,XBmRNA35303|XBXL10_1g19110
sp|Q9VWV8|NOSIP_DROME,XBmRNA63633|XBXL10_1g33693
sp|Q9W0H3|LDAH_DROME,XBmRNA45748|XBXL10_1g24447
tr|Q9VQK8|Q9VQK8_DROME,XBmRNA19865|XBXL10_1g10590
sp|O97422|B3GI_DROME,XBmRNA33615|XBXL10_1g18239
tr|Q0E8K6|Q0E8K6_DROME,XBmRNA59156|XBXL10_1g31271
tr|Q9VCC4|Q9VCC4_DROME,XBmRNA51846|XBXL10_1g27626
sp|Q9VHN6|RM19_DROME,XBmRNA49050|XBXL10_1g26235
tr|Q95RI2|Q95RI2_DROME,XBmRNA60113|XBXL10_1g31851
sp|Q9VAQ5|DIM1_DROME,XBmRNA5716|XBXL10_1g3161
tr|Q9VAG9|Q9VAG9_DROME,XBmRNA42210|XBXL10_1g22642
tr|Q9VL81|Q9VL81_DROME,XBmRNA12541|XBXL10_1g6691
tr|Q9VX56|Q9VX56_DROME,XBmRNA18128|XBXL10_1g9704
sp|Q27884|PPP6_DROME,XBgroup41
sp|Q9U1H8|FACE2_DROME,XBmRNA37815|XBXL10_1g20559
tr|Q9VD82|Q9VD82_DROME,XBmRNA72564|XBXL10_1g38415
tr|Q8SXS0|Q8SXS0_DROME,XBmRNA12232|XBXL10_1g6527
sp|Q9V9U4|DOHH_DROME,XBmRNA2649|XBXL10_1g1511
sp|Q9VMX0|RM28_DROME,XBmRNA77367|XBXL10_1g41011
tr|Q8T0N5|Q8T0N5_DROME,XBmRNA9408|XBXL10_1g5050
tr|Q7JZ62|Q7JZ62_DROME,XBmRNA4451|XBXL10_1g2551
sp|Q9VYF8|COQ5_DROME,XBmRNA4590|XBXL10_1g2629
sp|Q9VIM5|ARPC2_DROME,XBmRNA81462|XBXL10_1g43328
sp|Q9VMC9|KFA_DROME,XBmRNA74840|XBXL10_1g39777
sp|Q9V3G3|PPIE_DROME,XBmRNA13946|XBXL10_1g7401
sp|Q9U4F3|SURF1_DROME,XBmRNA64825|XBXL10_1g34352
sp|Q9VGR7|Y6693_DROME,XBmRNA57625|XBXL10_1g30591
tr|Q9VPX4|Q9VPX4_DROME,XBmRNA4943|XBXL10_1g2798
tr|Q9VKR2|Q9VKR2_DROME,XBmRNA79945|XBXL10_1g42526
tr|O46079|O46079_DROME,XBmRNA24542|XBXL10_1g12964
tr|Q9VQA8|Q9VQA8_DROME,XBmRNA37489|XBXL10_1g20195
tr|Q9VBY2|Q9VBY2_DROME,XBmRNA69965|XBXL10_1g37100
tr|Q9VF77|Q9VF77_DROME,XBmRNA47359|XBXL10_1g25361
tr|Q9VPM0|Q9VPM0_DROME,XBmRNA57462|XBXL10_1g30507
sp|O01666|ATPG_DROME,XBmRNA24261|XBXL10_1g12847
sp|P23572|CDK1_DROME,XBmRNA56892|XBXL10_1g30210
sp|Q9VN41|SLX1_DROME,XBmRNA79078|XBXL10_1g42060
sp|P28518|XPA_DROME,XBmRNA3156|XBXL10_1g1779
tr|Q29QQ9|Q29QQ9_DROME,XBmRNA54727|XBXL10_1g29106
tr|Q9V3D0|Q9V3D0_DROME,XBmRNA26675|XBXL10_1g14143
sp|Q9VAI1|CIA30_DROME,XBmRNA68598|XBXL10_1g36232
tr|Q7JR58|Q7JR58_DROME,XBmRNA58138|XBXL10_1g30805
tr|Q9VG04|Q9VG04_DROME,XBmRNA47163|XBXL10_1g25269
sp|P48609|CDK5_DROME,XBmRNA49432|XBXL10_1g26467
sp|Q9VQ93|GOLP3_DROME,XBmRNA5963|XBXL10_1g3291
tr|Q9VTF8|Q9VTF8_DROME,XBmRNA42534|XBXL10_1g22827
tr|Q9W0A9|Q9W0A9_DROME,XBmRNA65014|XBXL10_1g34441
tr|Q7K3T4|Q7K3T4_DROME,XBmRNA51124|XBXL10_1g27291
tr|Q9V9M8|Q9V9M8_DROME,XBmRNA68485|XBXL10_1g36175
sp|Q9VD25|RPC6_DROME,XBmRNA42796|XBXL10_1g22972
sp|Q9VLS9|LACB2_DROME,XBmRNA52652|XBXL10_1g28033
tr|Q9VWF7|Q9VWF7_DROME,XBmRNA56986|XBXL10_1g30268
sp|Q9NK57|NIF3L_DROME,XBmRNA83083|XBXL10_1g44189
tr|O96881|O96881_DROME,XBmRNA2206|XBXL10_1g1331
sp|Q24547|STX1A_DROME,XBmRNA12325|XBXL10_1g6583
tr|Q7JUN9|Q7JUN9_DROME,XBmRNA53124|XBXL10_1g28287
tr|Q8SXB3|Q8SXB3_DROME,XBmRNA20786|XBXL10_1g11040
tr|Q9VG42|Q9VG42_DROME,XBmRNA42542|XBXL10_1g22831
tr|Q9XYW6|Q9XYW6_DROME,XBmRNA78221|XBXL10_1g41448
tr|Q9VH00|Q9VH00_DROME,XBmRNA59662|XBXL10_1g31548
tr|Q9VRD4|Q9VRD4_DROME,XBmRNA14112|XBXL10_1g7488
sp|Q9VUQ8|DCN1L_DROME,XBmRNA48266|XBXL10_1g25813
sp|Q9VKH6|PPT2_DROME,XBmRNA66942|XBXL10_1g35451
tr|Q9VHA1|Q9VHA1_DROME,XBmRNA58361|XBXL10_1g30902
sp|E1JIB2|IYD_DROME,XBmRNA43008|XBXL10_1g23076
sp|Q9W376|NEUFC_DROME,XBmRNA14281|XBXL10_1g7608
tr|Q9VPF6|Q9VPF6_DROME,XBmRNA52456|XBXL10_1g27945
sp|Q9W2N0|CAPZA_DROME,XBmRNA13414|XBXL10_1g7149
tr|Q9VEV6|Q9VEV6_DROME,XBmRNA75347|XBXL10_1g40061
sp|Q9V3N8|THG1_DROME,XBmRNA22246|XBXL10_1g11912
tr|Q9VCW6|Q9VCW6_DROME,XBmRNA35838|XBXL10_1g19388
tr|Q7K1C3|Q7K1C3_DROME,XBmRNA24229|XBXL10_1g12841
sp|Q8SY96|NFU1_DROME,XBmRNA28896|XBXL10_1g15469
sp|Q9VYA8|TNG2_DROME,XBmRNA4818|XBXL10_1g2739
sp|Q9VBN7|SAMC_DROME,XBmRNA37218|XBXL10_1g20092
tr|Q9VI70|Q9VI70_DROME,XBmRNA5091|XBXL10_1g2856
tr|Q9VJD0|Q9VJD0_DROME,XBmRNA23663|XBXL10_1g12626
tr|A1ZAY5|A1ZAY5_DROME,XBmRNA50956|XBXL10_1g27220
tr|A0A0B4LH78|A0A0B4LH78_DROME,XBmRNA76826|XBXL10_1g40787
tr|Q9VY79|Q9VY79_DROME,XBmRNA58197|XBXL10_1g30831
tr|Q9W230|Q9W230_DROME,XBmRNA35122|XBXL10_1g19035
tr|Q8IN02|Q8IN02_DROME,XBmRNA40611|XBXL10_1g21878
tr|Q8T3V7|Q8T3V7_DROME,XBmRNA42513|XBXL10_1g22815
tr|Q8STI6|Q8STI6_DROME,XBmRNA56839|XBXL10_1g30202
tr|A8DZ10|A8DZ10_DROME,XBmRNA82377|XBXL10_1g43768
tr|Q9VSH8|Q9VSH8_DROME,XBmRNA52748|XBXL10_1g28088
tr|A1Z6E8|A1Z6E8_DROME,XBmRNA6431|XBXL10_1g3502
tr|Q95RQ4|Q95RQ4_DROME,XBmRNA77795|XBXL10_1g41232
sp|Q8WTC1|RT15_DROME,XBmRNA13724|XBXL10_1g7292
tr|Q9VEM1|Q9VEM1_DROME,XBmRNA15578|XBXL10_1g8239
sp|A1Z6E0|GUS_DROME,XBmRNA45163|XBXL10_1g24146
tr|Q9VN60|Q9VN60_DROME,XBmRNA51200|XBXL10_1g27327
tr|Q9VAY6|Q9VAY6_DROME,XBmRNA49845|XBXL10_1g26675
tr|Q9VES8|Q9VES8_DROME,XBmRNA40198|XBXL10_1g21681
tr|Q9VD00|Q9VD00_DROME,XBmRNA51754|XBXL10_1g27581
sp|Q9VUR7|PHLP_DROME,XBmRNA71526|XBXL10_1g37829
tr|Q9VHW6|Q9VHW6_DROME,XBmRNA12326|XBXL10_1g6584
sp|P24156|L2CC_DROME,XBmRNA79599|XBXL10_1g42365
sp|Q9VEB5|SRR1L_DROME,XBmRNA4506|XBXL10_1g2577
tr|Q0E8E7|Q0E8E7_DROME,XBmRNA60151|XBXL10_1g31868
sp|P48603|CAPZB_DROME,XBmRNA64119|XBXL10_1g34003
tr|Q8SXK0|Q8SXK0_DROME,XBmRNA45263|XBXL10_1g24187
tr|O97183|O97183_DROME,XBmRNA39672|XBXL10_1g21443
tr|Q9VS44|Q9VS44_DROME,XBmRNA39652|XBXL10_1g21431
tr|Q9VQD4|Q9VQD4_DROME,XBmRNA5927|XBXL10_1g3273
tr|Q9VFA0|Q9VFA0_DROME,XBmRNA77652|XBXL10_1g41157
tr|Q9VP86|Q9VP86_DROME,XBmRNA77439|XBXL10_1g41044
sp|Q9VMP9|GNPI_DROME,XBmRNA22919|XBXL10_1g12256
sp|Q9U9P7|PITC1_DROME,XBmRNA81243|XBXL10_1g43222
tr|Q9VEJ3|Q9VEJ3_DROME,XBmRNA74723|XBXL10_1g39721
tr|Q9VHV6|Q9VHV6_DROME,XBmRNA37491|XBXL10_1g20197
sp|P46223|RL7A_DROME,XBmRNA70972|XBXL10_1g37589
tr|Q8T3V6|Q8T3V6_DROME,XBmRNA44823|XBXL10_1g23965
tr|Q8SXX0|Q8SXX0_DROME,XBmRNA55240|XBXL10_1g29391
sp|Q7JW12|TMX2_DROME,XBmRNA62376|XBXL10_1g33044
tr|Q8SZ30|Q8SZ30_DROME,XBmRNA14088|XBXL10_1g7474
sp|P38979|RSSA_DROME,XBmRNA36241|XBXL10_1g19580
sp|Q9W3R7|ATG5_DROME,XBmRNA43892|XBXL10_1g23512
tr|Q9VGW0|Q9VGW0_DROME,XBmRNA36835|XBXL10_1g19914
sp|P53997|SET_DROME,XBmRNA71077|XBXL10_1g37636
sp|Q9VVG6|COQ4_DROME,XBmRNA64539|XBXL10_1g34215
tr|Q9VNG6|Q9VNG6_DROME,XBmRNA47881|XBXL10_1g25627
sp|Q9VKY1|LIX1_DROME,XBmRNA73147|XBXL10_1g38777
sp|P55830|RS3A_DROME,XBmRNA7199|XBXL10_1g3936
sp|Q9VCE8|U692_DROME,XBmRNA72465|XBXL10_1g38355
sp|P25008|CCNC_DROME,XBmRNA43922|XBXL10_1g23527
tr|C0PVB3|C0PVB3_DROME,XBmRNA78147|XBXL10_1g41414
tr|Q9VI83|Q9VI83_DROME,XBmRNA43110|XBXL10_1g23145
sp|Q9VZU4|NDUS3_DROME,XBmRNA38441|XBXL10_1g20862
tr|Q8IR80|Q8IR80_DROME,XBmRNA77833|XBXL10_1g41263
sp|Q9XYQ2|UN119_DROME,XBmRNA12201|XBXL10_1g6509
sp|Q9VU31|EXD1_DROME,XBmRNA68589|XBXL10_1g36225
sp|P36951|HYI_DROME,XBmRNA35330|XBXL10_1g19121
tr|Q7JMZ0|Q7JMZ0_DROME,XBmRNA69915|XBXL10_1g37064
tr|Q9VU15|Q9VU15_DROME,XBmRNA8294|XBXL10_1g4461
tr|E1JH26|E1JH26_DROME,XBmRNA33905|XBXL10_1g18450
tr|Q9VK46|Q9VK46_DROME,XBmRNA30978|XBXL10_1g16501
sp|Q94535|U2AF1_DROME,XBmRNA11264|XBXL10_1g6028
sp|Q9VF71|CUTC_DROME,XBmRNA57400|XBXL10_1g30470
tr|Q9VEV3|Q9VEV3_DROME,XBmRNA28266|XBXL10_1g15166
sp|P92177|1433E_DROME,XBmRNA17617|XBXL10_1g9446
sp|P00417|COX3_DROME,XBmRNA101828|XBXL10_1g44451
tr|M9PHX2|M9PHX2_DROME,XBmRNA43855|XBXL10_1g23491
sp|Q9VWA8|FRG1_DROME,XBmRNA1260|XBXL10_1g858
tr|Q9VEU2|Q9VEU2_DROME,XBgroup50
sp|P81928|140U_DROME,XBmRNA11251|XBXL10_1g6021
sp|P41042|RS4_DROME,XBmRNA65761|XBXL10_1g34782
tr|Q9VEH2|Q9VEH2_DROME,XBmRNA1428|XBXL10_1g937
sp|Q9VPD2|NUBP2_DROME,XBmRNA77921|XBXL10_1g41295
tr|Q7KMG7|Q7KMG7_DROME,XBmRNA58175|XBXL10_1g30821
tr|Q9VYI2|Q9VYI2_DROME,XBmRNA33853|XBXL10_1g18415
tr|O76994|O76994_DROME,XBmRNA5587|XBXL10_1g3091
tr|Q9VE72|Q9VE72_DROME,XBmRNA71303|XBXL10_1g37730
sp|Q9VHB3|USB1_DROME,XBmRNA34941|XBXL10_1g18955
tr|Q9V3M2|Q9V3M2_DROME,XBmRNA57430|XBXL10_1g30482
sp|Q9Y1B2|ORC6_DROME,XBmRNA34801|XBXL10_1g18882
sp|O44342|WBL_DROME,XBmRNA10101|XBXL10_1g5414
tr|A1Z802|A1Z802_DROME,XBmRNA28253|XBXL10_1g15157
sp|Q9VN95|ENOPH_DROME,XBmRNA7864|XBXL10_1g4257
tr|A0A0B4KFD8|A0A0B4KFD8_DROME,XBmRNA50312|XBXL10_1g26874
sp|O77263|TRMB_DROME,XBmRNA15446|XBXL10_1g8166
sp|Q9VPT7|PGAP2_DROME,XBmRNA16282|XBXL10_1g8648
tr|Q9V3W7|Q9V3W7_DROME,XBmRNA13070|XBXL10_1g6979
tr|Q9VTP1|Q9VTP1_DROME,XBmRNA26915|XBXL10_1g14265
sp|A8JR14|APLF_DROME,XBmRNA42582|XBXL10_1g22853
tr|A0A0S0WGR0|A0A0S0WGR0_DROME,XBmRNA4335|XBXL10_1g2488
tr|Q9VLM9|Q9VLM9_DROME,XBmRNA6113|XBXL10_1g3355
sp|O18404|HCD2_DROME,XBmRNA71271|XBXL10_1g37714
sp|Q9VTZ6|PMM_DROME,XBmRNA77445|XBXL10_1g41047
tr|Q9VSW4|Q9VSW4_DROME,XBmRNA65549|XBXL10_1g34675
tr|Q9VBY5|Q9VBY5_DROME,XBmRNA54886|XBXL10_1g29202
tr|Q9VA97|Q9VA97_DROME,XBmRNA25584|XBXL10_1g13470
tr|Q9VKY3|Q9VKY3_DROME,XBmRNA26919|XBXL10_1g14268
sp|Q9VKD7|ZUC_DROME,XBmRNA82865|XBXL10_1g44053
tr|Q0KHZ6|Q0KHZ6_DROME,XBmRNA60438|XBXL10_1g32054
tr|Q9VM72|Q9VM72_DROME,XBmRNA50631|XBXL10_1g27025
sp|Q9VEG9|NRM_DROME,XBmRNA67076|XBXL10_1g35516
sp|P91641|MED20_DROME,XBmRNA18187|XBXL10_1g9730
tr|Q9VH82|Q9VH82_DROME,XBmRNA4150|XBXL10_1g2245
sp|Q9W4I5|FLTOP_DROME,XBmRNA69576|XBXL10_1g36900
tr|Q9VRY5|Q9VRY5_DROME,XBmRNA19237|XBXL10_1g10292
tr|Q9VI85|Q9VI85_DROME,XBmRNA5289|XBXL10_1g2956
tr|Q9VMX4|Q9VMX4_DROME,XBmRNA75763|XBXL10_1g40307
tr|Q9VFW4|Q9VFW4_DROME,XBmRNA49844|XBXL10_1g26674
sp|Q9VGG6|IDLC_DROME,XBmRNA18851|XBXL10_1g10088
sp|Q9VSS7|EVG1_DROME,XBmRNA36495|XBXL10_1g19726
sp|Q9VDT6|MRM2_DROME,XBmRNA82521|XBXL10_1g43844
tr|Q9W4U2|Q9W4U2_DROME,XBmRNA72262|XBXL10_1g38248
tr|Q7JWU9|Q7JWU9_DROME,XBmRNA39206|XBXL10_1g21164
sp|Q8MSX2|MED6_DROME,XBmRNA68273|XBXL10_1g36086
sp|Q9VF89|RM09_DROME,XBmRNA73266|XBXL10_1g38832
tr|Q8IQV0|Q8IQV0_DROME,XBmRNA21307|XBXL10_1g11348
sp|Q9VPL3|RM10_DROME,XBmRNA79470|XBXL10_1g42275
sp|Q9V3Y2|DRE2_DROME,XBmRNA34939|XBXL10_1g18953
sp|P29310|1433Z_DROME,XBmRNA55933|XBXL10_1g29723
sp|P29327|RS6_DROME,XBmRNA8825|XBXL10_1g4752
sp|P29613|TPIS_DROME,XBmRNA61199|XBXL10_1g32442
sp|Q9V412|STEEP_DROME,XBmRNA71634|XBXL10_1g37889
sp|Q9VMY1|RM24_DROME,XBmRNA69167|XBXL10_1g36670
tr|Q9VKR0|Q9VKR0_DROME,XBmRNA70661|XBXL10_1g37436
tr|Q9VEZ4|Q9VEZ4_DROME,XBmRNA81042|XBXL10_1g43109
tr|Q9VEC2|Q9VEC2_DROME,XBmRNA52110|XBXL10_1g27765
sp|Q06559|RS3_DROME,XBmRNA16507|XBXL10_1g8806
tr|Q9VK19|Q9VK19_DROME,XBmRNA56270|XBXL10_1g29888
tr|Q9VL11|Q9VL11_DROME,XBmRNA79727|XBXL10_1g42422
sp|P56538|IF6_DROME,XBmRNA73725|XBXL10_1g39087
tr|Q9VFJ1|Q9VFJ1_DROME,XBmRNA46342|XBXL10_1g24830
sp|Q95083|PSA5_DROME,XBmRNA18233|XBXL10_1g9746
tr|Q9W547|Q9W547_DROME,XBmRNA62420|XBXL10_1g33060
tr|Q9VWP2|Q9VWP2_DROME,XBmRNA74595|XBXL10_1g39670
tr|Q9V3Q4|Q9V3Q4_DROME,XBmRNA12316|XBXL10_1g6575
sp|Q9VIU7|DPM1_DROME,XBmRNA79895|XBXL10_1g42505
tr|Q8MLS2|Q8MLS2_DROME,XBmRNA592|XBXL10_1g566
tr|Q9W0F9|Q9W0F9_DROME,XBmRNA50667|XBXL10_1g27047
tr|Q8SXI2|Q8SXI2_DROME,XBmRNA34170|XBXL10_1g18560
tr|Q9VMQ6|Q9VMQ6_DROME,XBmRNA53248|XBXL10_1g28341
sp|Q9U915|KAD2_DROME,XBmRNA13884|XBXL10_1g7377
tr|A8JNT7|A8JNT7_DROME,XBmRNA4538|XBXL10_1g2598
sp|Q9VYH3|PEPE_DROME,XBmRNA76941|XBXL10_1g40828
tr|Q9VTL6|Q9VTL6_DROME,XBmRNA36406|XBXL10_1g19681
sp|Q9VR89|PNO1_DROME,XBmRNA42595|XBXL10_1g22861
tr|Q86BK8|Q86BK8_DROME,XBgroup48
tr|Q9W3T9|Q9W3T9_DROME,XBmRNA68199|XBXL10_1g36061
tr|Q9VX99|Q9VX99_DROME,XBmRNA19216|XBXL10_1g10275
sp|Q9VZD2|BN3D3_DROME,XBmRNA15679|XBXL10_1g8298
tr|Q0E8G6|Q0E8G6_DROME,XBmRNA34224|XBXL10_1g18590
sp|Q9W3C0|UTP11_DROME,XBmRNA12859|XBXL10_1g6862
sp|Q95SS8|TMM70_DROME,XBmRNA55774|XBXL10_1g29623
tr|Q9VGV9|Q9VGV9_DROME,XBmRNA42196|XBXL10_1g22636
tr|Q7JVK6|Q7JVK6_DROME,XBmRNA75992|XBXL10_1g40417
sp|P08182|CSK2B_DROME,XBgroup248
tr|Q9VSU6|Q9VSU6_DROME,XBmRNA6770|XBXL10_1g3717
sp|Q9VMA0|NSE1_DROME,XBmRNA77641|XBXL10_1g41151
sp|P40301|PSA2_DROME,XBgroup12
sp|Q9VN27|LIPT2_DROME,XBmRNA21139|XBXL10_1g11260
tr|Q8IP11|Q8IP11_DROME,XBmRNA37449|XBXL10_1g20177
tr|Q9VH66|Q9VH66_DROME,XBmRNA4034|XBXL10_1g2185
sp|Q9VXB5|RM22_DROME,XBmRNA22476|XBXL10_1g12047
sp|Q8IPX7|EXOS3_DROME,XBmRNA3364|XBXL10_1g1885
tr|Q9VV76|Q9VV76_DROME,XBmRNA81167|XBXL10_1g43177
tr|Q9VHW5|Q9VHW5_DROME,XBmRNA12327|XBXL10_1g6585
tr|Q9VQ29|Q9VQ29_DROME,XBmRNA34809|XBXL10_1g18887
sp|Q9W2Y3|NNRE_DROME,XBmRNA69235|XBXL10_1g36701
tr|Q9VK67|Q9VK67_DROME,XBmRNA67433|XBXL10_1g35716
tr|Q9VBI1|Q9VBI1_DROME,XBmRNA26087|XBXL10_1g13726
sp|P00408|COX2_DROME,XBmRNA101824|XBXL10_1g44448
sp|Q24207|BOULE_DROME,XBmRNA50794|XBXL10_1g27129
sp|Q24186|RS5A_DROME,XBmRNA72238|XBXL10_1g38240
tr|Q9VKU5|Q9VKU5_DROME,XBmRNA67304|XBXL10_1g35647
tr|Q9VMI8|Q9VMI8_DROME,XBmRNA31962|XBXL10_1g17248
sp|Q9VY93|MTNB_DROME,XBmRNA32677|XBXL10_1g17734
tr|Q9VM63|Q9VM63_DROME,XBmRNA23555|XBXL10_1g12583
sp|Q27869|PIMT_DROME,XBmRNA68559|XBXL10_1g36208
tr|Q7PL26|Q7PL26_DROME,XBmRNA53508|XBXL10_1g28465
sp|P54611|VATE_DROME,XBmRNA21659|XBXL10_1g11551
sp|Q7JVE7|SWET1_DROME,XBmRNA69867|XBXL10_1g37030
sp|Q9VVN2|RT26_DROME,XBmRNA6|XBXL10_1g4
tr|Q9VQF8|Q9VQF8_DROME,XBmRNA23488|XBXL10_1g12557
sp|P00850|ATP6_DROME,XBmRNA101827|XBXL10_1g44450
tr|Q9VRJ6|Q9VRJ6_DROME,XBmRNA79841|XBXL10_1g42482
tr|Q9VQZ0|Q9VQZ0_DROME,XBmRNA65897|XBXL10_1g34870
sp|Q8IQC1|TVP23_DROME,XBmRNA82402|XBXL10_1g43780
sp|Q7K0E3|MOB4_DROME,XBmRNA77317|XBXL10_1g40986
tr|Q9VM50|Q9VM50_DROME,XBmRNA16571|XBXL10_1g8823
tr|Q8MLW4|Q8MLW4_DROME,XBmRNA59143|XBXL10_1g31263
sp|Q9VMH7|EFM5_DROME,XBmRNA20694|XBXL10_1g11009
sp|Q9VLF6|U585_DROME,XBmRNA77896|XBXL10_1g41283
tr|Q9W0M5|Q9W0M5_DROME,XBmRNA61667|XBXL10_1g32656
tr|Q9VVW7|Q9VVW7_DROME,XBmRNA42544|XBXL10_1g22832
tr|Q9VHX6|Q9VHX6_DROME,XBmRNA43251|XBXL10_1g23214
sp|Q9W422|JOSL_DROME,XBmRNA36777|XBXL10_1g19880
tr|Q95RV5|Q95RV5_DROME,XBmRNA82139|XBXL10_1g43631
tr|Q9VZF3|Q9VZF3_DROME,XBmRNA45667|XBXL10_1g24395
sp|Q9VL13|MOB3_DROME,XBmRNA3602|XBXL10_1g2008
sp|P25228|RAB3_DROME,XBmRNA8325|XBXL10_1g4480
tr|Q9VDE2|Q9VDE2_DROME,XBmRNA78124|XBXL10_1g41401
tr|A0A0B4K7C5|A0A0B4K7C5_DROME,XBmRNA50774|XBXL10_1g27113
tr|Q9V3I2|Q9V3I2_DROME,XBmRNA73449|XBXL10_1g38913
tr|O18339|O18339_DROME,XBmRNA41832|XBXL10_1g22467
sp|Q95RA8|MOB1_DROME,XBmRNA25612|XBXL10_1g13482
tr|Q9VQJ8|Q9VQJ8_DROME,XBmRNA61425|XBXL10_1g32559
sp|Q9VAI0|GNA1_DROME,XBmRNA67774|XBXL10_1g35873
tr|Q9W3W4|Q9W3W4_DROME,XBmRNA77580|XBXL10_1g41108
tr|Q9VLI9|Q9VLI9_DROME,XBmRNA62860|XBXL10_1g33315
sp|Q9V968|GALL1_DROME,XBmRNA25559|XBXL10_1g13451
sp|O61231|RL10_DROME,XBmRNA69932|XBXL10_1g37077
sp|Q00637|SODM_DROME,XBmRNA47048|XBXL10_1g25203
sp|Q9VF27|NDUS8_DROME,XBmRNA58204|XBXL10_1g30835
tr|Q9VGV8|Q9VGV8_DROME,XBmRNA14601|XBXL10_1g7753
sp|Q9VFR1|ABITM_DROME,XBmRNA54916|XBXL10_1g29217
tr|O18335|O18335_DROME,XBgroup131
tr|X2JAQ5|X2JAQ5_DROME,XBmRNA24490|XBXL10_1g12934
sp|Q8MSW4|METL5_DROME,XBmRNA76585|XBXL10_1g40676
tr|O18333|O18333_DROME,XBmRNA55637|XBXL10_1g29568
tr|Q7KY04|Q7KY04_DROME,XBmRNA72471|XBXL10_1g38360
sp|P48604|GRPE_DROME,XBmRNA802|XBXL10_1g657
tr|Q9W2V7|Q9W2V7_DROME,XBmRNA34892|XBXL10_1g18936
sp|O76767|ERD2_DROME,XBmRNA60156|XBXL10_1g31873
tr|Q86BH3|Q86BH3_DROME,XBmRNA33549|XBXL10_1g18209
tr|A1ZB29|A1ZB29_DROME,XBmRNA48659|XBXL10_1g26006
sp|Q9VK68|PITH1_DROME,XBmRNA13918|XBXL10_1g7385
sp|Q9VCI0|ORN_DROME,XBmRNA58609|XBXL10_1g31002
tr|Q9VUG3|Q9VUG3_DROME,XBmRNA65651|XBXL10_1g34730
tr|Q7JZF5|Q7JZF5_DROME,XBgroup56
tr|Q9W3T2|Q9W3T2_DROME,XBmRNA49248|XBXL10_1g26353
sp|Q8MLY8|RS8_DROME,XBmRNA40135|XBXL10_1g21639
sp|Q8INK9|MSRB_DROME,XBmRNA23498|XBXL10_1g12562
sp|O18334|RAB6_DROME,XBmRNA16463|XBXL10_1g8777
tr|O18338|O18338_DROME,XBgroup28
tr|O76742|O76742_DROME,XBmRNA36986|XBXL10_1g19989
tr|Q9VSC6|Q9VSC6_DROME,XBmRNA34817|XBXL10_1g18891
tr|O18332|O18332_DROME,XBgroup245
tr|Q7K2B1|Q7K2B1_DROME,XBmRNA47054|XBXL10_1g25208
sp|Q7K2Y9|NTAQ1_DROME,XBmRNA56072|XBXL10_1g29787
tr|Q9W227|Q9W227_DROME,XBmRNA29644|XBXL10_1g15883
tr|Q059A4|Q059A4_DROME,XBmRNA77441|XBXL10_1g41046
tr|Q9VDC8|Q9VDC8_DROME,XBmRNA54833|XBXL10_1g29168
tr|A8JNT1|A8JNT1_DROME,XBmRNA63426|XBXL10_1g33604
tr|Q9VKJ4|Q9VKJ4_DROME,XBmRNA57333|XBXL10_1g30436
tr|Q9VH72|Q9VH72_DROME,XBmRNA67184|XBXL10_1g35574
sp|O17445|RL15_DROME,XBmRNA50821|XBXL10_1g27143
tr|Q95SH2|Q95SH2_DROME,XBmRNA71978|XBXL10_1g38089
sp|Q9VQY9|PSF2_DROME,XBmRNA34654|XBXL10_1g18797
sp|Q9VWA2|DCTD_DROME,XBmRNA1344|XBXL10_1g898
sp|P36241|RL19_DROME,XBmRNA79409|XBXL10_1g42246
tr|A1ZBK9|A1ZBK9_DROME,XBmRNA11871|XBXL10_1g6323
tr|Q9W5X0|Q9W5X0_DROME,XBmRNA9680|XBXL10_1g5213
sp|P48555|RALA_DROME,XBmRNA51348|XBXL10_1g27386
tr|Q8MLS1|Q8MLS1_DROME,XBmRNA25575|XBXL10_1g13462
tr|Q9VVX4|Q9VVX4_DROME,XBmRNA33197|XBXL10_1g17960
tr|Q9VW59|Q9VW59_DROME,XBmRNA74732|XBXL10_1g39728
tr|Q9VL75|Q9VL75_DROME,XBmRNA67398|XBXL10_1g35702
sp|Q9VE11|U488_DROME,XBmRNA77884|XBXL10_1g41278
tr|Q9W389|Q9W389_DROME,XBmRNA80241|XBXL10_1g42674
sp|Q9VKV8|CFA20_DROME,XBmRNA56298|XBXL10_1g29906
sp|P52486|UBCD4_DROME,XBmRNA6840|XBXL10_1g3759
sp|Q05856|RSMB_DROME,XBmRNA80611|XBXL10_1g42893
sp|Q9VNE1|POLZ2_DROME,XBmRNA62494|XBXL10_1g33098
sp|Q9W0C7|OPI10_DROME,XBmRNA16165|XBXL10_1g8562
tr|Q9VGP7|Q9VGP7_DROME,XBmRNA9840|XBXL10_1g5292
sp|Q9W1W9|PADC1_DROME,XBmRNA440|XBXL10_1g421
sp|P49906|TAF11_DROME,XBmRNA18122|XBXL10_1g9701
tr|Q9VT75|Q9VT75_DROME,XBmRNA71550|XBXL10_1g37844
sp|Q8IN78|TIM22_DROME,XBmRNA16778|XBXL10_1g9021
tr|Q9W1I6|Q9W1I6_DROME,XBmRNA28925|XBXL10_1g15481
tr|Q7K2Q8|Q7K2Q8_DROME,XBmRNA74786|XBXL10_1g39754
sp|P22468|GDL_DROME,XBmRNA9663|XBXL10_1g5206
sp|Q9VA91|RS7_DROME,XBgroup104
tr|Q9VD29|Q9VD29_DROME,XBmRNA57660|XBXL10_1g30610
sp|P48148|RHO1_DROME,XBmRNA13411|XBXL10_1g7147
tr|Q9W1L1|Q9W1L1_DROME,XBmRNA57266|XBXL10_1g30403
sp|P04388|RAS2_DROME,XBmRNA32482|XBXL10_1g17640
sp|Q9VMW7|ITPA_DROME,XBmRNA40555|XBXL10_1g21851
tr|Q9W1E8|Q9W1E8_DROME,XBmRNA10249|XBXL10_1g5490
tr|A1Z8B5|A1Z8B5_DROME,XBmRNA55770|XBXL10_1g29621
sp|Q9W385|FRDA_DROME,XBmRNA3712|XBXL10_1g2041
tr|Q9VUZ0|Q9VUZ0_DROME,XBgroup150
sp|P42325|NCAH_DROME,XBmRNA48967|XBXL10_1g26174
sp|P50882|RL9_DROME,XBmRNA1039|XBXL10_1g760
tr|Q9VL69|Q9VL69_DROME,XBmRNA44994|XBXL10_1g24059
tr|Q9VAX9|Q9VAX9_DROME,XBmRNA43881|XBXL10_1g23506
sp|Q9VIT2|PMVK_DROME,XBmRNA69839|XBXL10_1g37020
sp|Q9VBQ9|MED28_DROME,XBmRNA929|XBXL10_1g713
sp|Q9VS34|RL18_DROME,XBmRNA63497|XBXL10_1g33618
sp|Q7KBL8|MED29_DROME,XBmRNA67353|XBXL10_1g35671
sp|Q9VHV5|ARL8_DROME,XBmRNA30263|XBXL10_1g16146
tr|Q7JVK1|Q7JVK1_DROME,XBmRNA24790|XBXL10_1g13078
sp|O97067|PTH2_DROME,XBmRNA13958|XBXL10_1g7406
tr|Q9VTU2|Q9VTU2_DROME,XBmRNA44822|XBXL10_1g23964
tr|Q9VIZ1|Q9VIZ1_DROME,XBmRNA2202|XBXL10_1g1329
tr|Q9VPR1|Q9VPR1_DROME,XBmRNA21469|XBXL10_1g11441
sp|Q9VU70|TTC36_DROME,XBmRNA58729|XBXL10_1g31064
sp|Q9NHD5|SAN_DROME,XBmRNA11365|XBXL10_1g6083
sp|Q06849|ARL2_DROME,XBmRNA33369|XBXL10_1g18072
sp|P46222|RL11_DROME,XBmRNA13921|XBXL10_1g7388
tr|Q7JW03|Q7JW03_DROME,XBmRNA24351|XBXL10_1g12886
tr|Q9VJ11|Q9VJ11_DROME,XBmRNA40877|XBXL10_1g21996
sp|Q8IR45|BORC8_DROME,XBmRNA8694|XBXL10_1g4677
sp|P17719|DYR_DROME,XBmRNA5521|XBXL10_1g3053
tr|Q8INX1|Q8INX1_DROME,XBmRNA59213|XBXL10_1g31304
tr|O96692|O96692_DROME,XBmRNA72079|XBXL10_1g38154
tr|Q9VPX5|Q9VPX5_DROME,XBgroup189
sp|P61209|ARF1_DROME,XBmRNA53887|XBXL10_1g28679
tr|Q9VSR5|Q9VSR5_DROME,XBmRNA74744|XBXL10_1g39734
sp|Q9VND8|RHEB_DROME,XBmRNA50055|XBXL10_1g26781
sp|P12426|APT_DROME,XBmRNA34320|XBXL10_1g18655
tr|Q9V3Q0|Q9V3Q0_DROME,XBmRNA68201|XBXL10_1g36062
sp|Q9VSF3|UBC2M_DROME,XBmRNA63356|XBXL10_1g33569
sp|P25160|ARL1_DROME,XBmRNA23251|XBXL10_1g12432
tr|M9PI14|M9PI14_DROME,XBmRNA46862|XBXL10_1g25098
tr|A1Z7R9|A1Z7R9_DROME,XBmRNA58248|XBXL10_1g30854
tr|Q9VC28|Q9VC28_DROME,XBmRNA34572|XBXL10_1g18748
tr|Q9W4I3|Q9W4I3_DROME,XBmRNA19531|XBXL10_1g10448
sp|P40945|ARF2_DROME,XBgroup122
sp|Q9VXY4|TMA16_DROME,XBmRNA1435|XBXL10_1g940
tr|Q9VSG8|Q9VSG8_DROME,XBmRNA50347|XBXL10_1g26891
tr|Q9VD64|Q9VD64_DROME,XBmRNA61612|XBXL10_1g32632
sp|Q9VYI3|RM49_DROME,XBmRNA33309|XBXL10_1g18040
tr|Q8MKK1|Q8MKK1_DROME,XBmRNA51829|XBXL10_1g27618
tr|Q9VSY8|Q9VSY8_DROME,XBmRNA18752|XBXL10_1g10031
sp|Q59DX8|NAA80_DROME,XBmRNA36720|XBXL10_1g19846
sp|Q9VJ38|RM13_DROME,XBmRNA56059|XBXL10_1g29776
sp|Q8MS27|RM35_DROME,XBmRNA632|XBXL10_1g587
tr|A8Y589|A8Y589_DROME,XBmRNA51456|XBXL10_1g27439
sp|Q9W2H1|TM2D1_DROME,XBmRNA35250|XBXL10_1g19084
sp|M9MRD5|B9D2_DROME,XBmRNA67239|XBXL10_1g35616
tr|Q9VBW0|Q9VBW0_DROME,XBmRNA42413|XBXL10_1g22759
sp|Q9VVS4|MED11_DROME,XBmRNA8260|XBXL10_1g4438
sp|Q9VLT8|WASC3_DROME,XBmRNA23267|XBXL10_1g12438
tr|A1Z6X6|A1Z6X6_DROME,XBmRNA46413|XBXL10_1g24873
tr|Q9W0Q2|Q9W0Q2_DROME,XBmRNA13329|XBXL10_1g7113
sp|Q9W549|COA8_DROME,XBmRNA67951|XBXL10_1g35940
tr|Q9W0S6|Q9W0S6_DROME,XBmRNA70626|XBXL10_1g37419
sp|P40946|ARF6_DROME,XBmRNA67770|XBXL10_1g35869
sp|Q9VLJ9|RM51_DROME,XBmRNA57097|XBXL10_1g30315
tr|Q9VFB5|Q9VFB5_DROME,XBgroup106
sp|Q9VFB2|RT10_DROME,XBmRNA70546|XBXL10_1g37376
sp|Q9VGS2|TCTP_DROME,XBmRNA15046|XBXL10_1g7956
tr|Q4V6A8|Q4V6A8_DROME,XBmRNA5505|XBXL10_1g3044
tr|Q4QQ12|Q4QQ12_DROME,XBmRNA23739|XBXL10_1g12660
tr|Q9VAP1|Q9VAP1_DROME,XBmRNA34522|XBXL10_1g18729
tr|Q0KI91|Q0KI91_DROME,XBmRNA42952|XBXL10_1g23049
sp|Q9VTC2|BL1S4_DROME,XBmRNA52020|XBXL10_1g27712
sp|Q9V492|MPV17_DROME,XBmRNA46198|XBXL10_1g24745
tr|Q0KI06|Q0KI06_DROME,XBmRNA6941|XBXL10_1g3798
tr|Q8SYG3|Q8SYG3_DROME,XBmRNA19286|XBXL10_1g10323
tr|Q9VMH2|Q9VMH2_DROME,XBgroup255
sp|Q2MGL3|POP7_DROME,XBmRNA27633|XBXL10_1g14824
tr|Q9VXE8|Q9VXE8_DROME,XBmRNA77008|XBXL10_1g40845
tr|Q9VG51|Q9VG51_DROME,XBmRNA66096|XBXL10_1g34984
sp|Q8MKL1|U598_DROME,XBmRNA56325|XBXL10_1g29920
tr|Q7KLX3|Q7KLX3_DROME,XBmRNA65576|XBXL10_1g34696
tr|Q9W1B9|Q9W1B9_DROME,XBmRNA64494|XBXL10_1g34190
tr|Q9VMK8|Q9VMK8_DROME,XBmRNA33169|XBXL10_1g17948
sp|Q7K1Z5|UFC1_DROME,XBmRNA73143|XBXL10_1g38773
tr|Q9VX02|Q9VX02_DROME,XBmRNA4340|XBXL10_1g2492
sp|A1Z9A2|U587_DROME,XBmRNA35611|XBXL10_1g19268
tr|A8DYB1|A8DYB1_DROME,XBmRNA54297|XBXL10_1g28859
tr|Q9VJP9|Q9VJP9_DROME,XBmRNA70662|XBXL10_1g37437
tr|Q9W4Z2|Q9W4Z2_DROME,XBmRNA42499|XBXL10_1g22812
tr|Q8MKJ6|Q8MKJ6_DROME,XBmRNA83080|XBXL10_1g44188
tr|Q9VEM0|Q9VEM0_DROME,XBmRNA43493|XBXL10_1g23329
tr|Q9VP29|Q9VP29_DROME,XBmRNA28659|XBXL10_1g15337
tr|Q8T0T9|Q8T0T9_DROME,XBmRNA65630|XBXL10_1g34722
sp|Q9GU68|IF5A_DROME,XBmRNA44881|XBXL10_1g23988
sp|Q8IQ13|EIF1A_DROME,XBmRNA33884|XBXL10_1g18434
tr|Q9VXL4|Q9VXL4_DROME,XBmRNA42599|XBXL10_1g22864
tr|Q7KNM2|Q7KNM2_DROME,XBgroup218
tr|Q9V9M7|Q9V9M7_DROME,XBmRNA15923|XBXL10_1g8411
sp|Q9VGP0|DTD_DROME,XBmRNA42833|XBXL10_1g22988
tr|B8A403|B8A403_DROME,XBmRNA27001|XBXL10_1g14319
sp|Q9VTC4|GALL2_DROME,XBmRNA42310|XBXL10_1g22701
tr|Q4QPU3|Q4QPU3_DROME,XBmRNA4784|XBXL10_1g2723
sp|P15357|RS27A_DROME,XBmRNA41941|XBXL10_1g22521
sp|Q9VD92|ARCH_DROME,XBmRNA13878|XBXL10_1g7374
tr|A1ZAW6|A1ZAW6_DROME,XBmRNA33779|XBXL10_1g18358
tr|Q9W199|Q9W199_DROME,XBmRNA14214|XBXL10_1g7566
tr|Q9VHQ0|Q9VHQ0_DROME,XBmRNA42514|XBXL10_1g22816
sp|Q0E9B6|RS11_DROME,XBgroup5
sp|Q9W256|DPOE4_DROME,XBmRNA23024|XBXL10_1g12319
tr|Q9VY41|Q9VY41_DROME,XBmRNA3728|XBXL10_1g2047
sp|Q7K738|UBC10_DROME,XBgroup2
tr|Q9VKW8|Q9VKW8_DROME,XBmRNA8316|XBXL10_1g4476
tr|Q9VIS0|Q9VIS0_DROME,XBmRNA65674|XBXL10_1g34740
tr|Q9W402|Q9W402_DROME,XBmRNA58022|XBXL10_1g30765
sp|Q9VHN3|CDPF1_DROME,XBmRNA21470|XBXL10_1g11442
sp|Q9V3L6|NCBP2_DROME,XBmRNA44693|XBXL10_1g23924
sp|P41094|RS18_DROME,XBmRNA72264|XBXL10_1g38250
tr|B7Z0I5|B7Z0I5_DROME,XBmRNA54676|XBXL10_1g29075
sp|P25153|UBCD6_DROME,XBgroup251
sp|O44437|SMD3_DROME,XBmRNA4664|XBXL10_1g2661
sp|Q03334|RS13_DROME,XBmRNA38995|XBXL10_1g21068
tr|E1JH07|E1JH07_DROME,XBmRNA34155|XBXL10_1g18557
tr|Q9V3L7|Q9V3L7_DROME,XBmRNA72569|XBXL10_1g38419
sp|Q9W021|RM23_DROME,XBmRNA38304|XBXL10_1g20800
tr|Q9VU36|Q9VU36_DROME,XBmRNA59131|XBXL10_1g31258
tr|M9NEW0|M9NEW0_DROME,XBmRNA5731|XBXL10_1g3165
tr|Q9VNZ3|Q9VNZ3_DROME,XBmRNA44412|XBXL10_1g23775
sp|Q94514|COX5A_DROME,XBgroup158
tr|Q2PDX2|Q2PDX2_DROME,XBmRNA34586|XBXL10_1g18754
sp|P62152|CALM_DROME,XBgroup8
sp|P41092|RL27A_DROME,XBgroup195
tr|Q9VVU2|Q9VVU2_DROME,XBmRNA23057|XBXL10_1g12336
tr|Q9VEA1|Q9VEA1_DROME,XBgroup190
sp|Q86BL4|GATC_DROME,XBmRNA4585|XBXL10_1g2625
tr|Q7JZW2|Q7JZW2_DROME,XBmRNA2736|XBXL10_1g1549
sp|Q9W237|RS16_DROME,XBmRNA30661|XBXL10_1g16330
sp|Q9VZD5|RT06_DROME,XBmRNA17034|XBXL10_1g9146
sp|P25867|UBCD1_DROME,XBgroup31
tr|A1ZAD7|A1ZAD7_DROME,XBmRNA4968|XBXL10_1g2807
tr|Q9VYX5|Q9VYX5_DROME,XBmRNA47184|XBXL10_1g25282
sp|Q9XZT7|TAFAB_DROME,XBmRNA16284|XBXL10_1g8649
tr|Q9VVE0|Q9VVE0_DROME,XBmRNA4594|XBXL10_1g2632
sp|Q9VE17|RU1C_DROME,XBmRNA18126|XBXL10_1g9703
tr|Q9VRL1|Q9VRL1_DROME,XBmRNA55568|XBXL10_1g29530
tr|O97454|O97454_DROME,XBmRNA82337|XBXL10_1g43740
tr|Q9VCD4|Q9VCD4_DROME,XBmRNA4990|XBXL10_1g2811
tr|A1ZA28|A1ZA28_DROME,XBmRNA13207|XBXL10_1g7050
sp|A8DYY5|RPAP2_DROME,XBmRNA35876|XBXL10_1g19404
sp|Q9VTE5|PFD2_DROME,XBmRNA73169|XBXL10_1g38790
sp|Q8T3U2|RS23_DROME,XBgroup114
tr|A2VER2|A2VER2_DROME,XBmRNA51058|XBXL10_1g27263
tr|A1Z7W3|A1Z7W3_DROME,XBmRNA13739|XBXL10_1g7302
tr|Q9VQD7|Q9VQD7_DROME,XBmRNA30598|XBXL10_1g16292
tr|Q8SZ87|Q8SZ87_DROME,XBmRNA55242|XBXL10_1g29393
tr|Q9VDC3|Q9VDC3_DROME,XBgroup138
sp|Q8INQ7|KTAP2_DROME,XBmRNA69871|XBXL10_1g37032
sp|P08985|H2AV_DROME,XBgroup18
sp|P48159|RL23_DROME,XBgroup231
tr|Q9VZT2|Q9VZT2_DROME,XBmRNA3905|XBXL10_1g2132
sp|Q9V452|CHRC_DROME,XBmRNA56191|XBXL10_1g29857
tr|A2VEK1|A2VEK1_DROME,XBmRNA8696|XBXL10_1g4678
sp|Q9VEA5|RPB4_DROME,XBmRNA45208|XBXL10_1g24165
tr|Q9VC65|Q9VC65_DROME,XBmRNA67390|XBXL10_1g35699
tr|A4V381|A4V381_DROME,XBmRNA25491|XBXL10_1g13434
tr|A1Z8I0|A1Z8I0_DROME,XBmRNA34323|XBXL10_1g18657
tr|Q86BM8|Q86BM8_DROME,XBmRNA75307|XBXL10_1g40035
tr|Q0KI15|Q0KI15_DROME,XBmRNA10179|XBXL10_1g5452
tr|Q9VW41|Q9VW41_DROME,XBmRNA17258|XBXL10_1g9241
sp|P02299|H3_DROME,XBgroup45
tr|Q8SYQ8|Q8SYQ8_DROME,XBmRNA13003|XBXL10_1g6944
sp|P20348|JANA_DROME,XBmRNA64498|XBXL10_1g34194
sp|P04359|RL32_DROME,XBmRNA41311|XBXL10_1g22223
sp|Q9V3H8|NXT1_DROME,XBmRNA23486|XBXL10_1g12556
tr|Q4QQ01|Q4QQ01_DROME,XBmRNA39086|XBXL10_1g21103
tr|Q9W2M8|Q9W2M8_DROME,XBmRNA7974|XBXL10_1g4297
sp|P17704|RS17_DROME,XBgroup130
sp|Q24320|RPAB2_DROME,XBmRNA41016|XBXL10_1g22062
tr|Q9W229|Q9W229_DROME,XBmRNA58062|XBXL10_1g30778
sp|Q8T3X9|ISCA1_DROME,XBmRNA3934|XBXL10_1g2144
sp|P48149|RS15A_DROME,XBmRNA82481|XBXL10_1g43819
tr|Q9VBU4|Q9VBU4_DROME,XBmRNA65768|XBXL10_1g34784
tr|A0A0S0WGS4|A0A0S0WGS4_DROME,XBmRNA29413|XBXL10_1g15745
sp|P36958|RPB9_DROME,XBmRNA66780|XBXL10_1g35379
sp|Q9V6Y3|RT16_DROME,XBmRNA59277|XBXL10_1g31344
tr|Q9VWI3|Q9VWI3_DROME,XBmRNA40344|XBXL10_1g21754
sp|Q9V444|DPOE3_DROME,XBmRNA64465|XBXL10_1g34177
sp|P18101|RL40_DROME,XBgroup196
tr|Q7JV61|Q7JV61_DROME,XBmRNA39179|XBXL10_1g21148
sp|Q9U3Z7|NH2L1_DROME,XBmRNA40702|XBXL10_1g21916
tr|Q9VPN3|Q9VPN3_DROME,XBmRNA42803|XBXL10_1g22975
sp|Q9V8I2|LTOR2_DROME,XBmRNA72967|XBXL10_1g38665
sp|Q9VU02|SMD1_DROME,XBgroup146
sp|Q9V597|RL31_DROME,XBgroup36
sp|Q9VP65|TR112_DROME,XBmRNA37992|XBXL10_1g20636
sp|P02283|H2B_DROME,XBmRNA83174|XBXL10_1g44249
sp|Q9VLP3|MSS4_DROME,XBmRNA18436|XBXL10_1g9866
sp|Q9XZF0|YIPP_DROME,XBgroup128
sp|Q9VRV7|SF3B6_DROME,XBmRNA45773|XBXL10_1g24465
tr|Q9W2S2|Q9W2S2_DROME,XBmRNA32343|XBXL10_1g17560
sp|Q9VZL6|LTOR4_DROME,XBmRNA31967|XBXL10_1g17252
tr|Q9W114|Q9W114_DROME,XBmRNA57739|XBXL10_1g30639
tr|Q9VD81|Q9VD81_DROME,XBmRNA24410|XBXL10_1g12903
sp|Q8SZ16|SDHF3_DROME,XBmRNA54351|XBXL10_1g28895
sp|Q9V8F3|GSKIP_DROME,XBmRNA67686|XBXL10_1g35819
tr|Q9VET3|Q9VET3_DROME,XBmRNA45954|XBXL10_1g24578
sp|Q9VI10|SMD2_DROME,XBmRNA66695|XBXL10_1g35340
tr|Q9VJJ1|Q9VJJ1_DROME,XBmRNA50856|XBXL10_1g27169
sp|Q9VTJ8|TIM14_DROME,XBmRNA49995|XBXL10_1g26741
tr|Q9VQZ5|Q9VQZ5_DROME,XBmRNA2985|XBXL10_1g1672
sp|P18930|NU3M_DROME,XBmRNA101830|XBXL10_1g44452
tr|Q9VIM4|Q9VIM4_DROME,XBmRNA49931|XBXL10_1g26715
sp|Q9Y0V3|T10B_DROME,XBmRNA21237|XBXL10_1g11318
tr|Q7JWD6|Q7JWD6_DROME,XBgroup60
sp|Q9VJE4|RPB11_DROME,XBgroup168
tr|A8DYT6|A8DYT6_DROME,XBmRNA56672|XBXL10_1g30108
tr|Q9VQM2|Q9VQM2_DROME,XBmRNA21043|XBXL10_1g11201
sp|Q9TVQ5|SPT4H_DROME,XBgroup29
sp|P49630|RL36_DROME,XBgroup22
tr|Q0KI89|Q0KI89_DROME,XBmRNA70901|XBXL10_1g37557
sp|P13008|RS26_DROME,XBmRNA15227|XBXL10_1g8059
sp|Q9W2X7|YPL1_DROME,XBmRNA19077|XBXL10_1g10201
tr|Q7JWH5|Q7JWH5_DROME,XBmRNA45446|XBXL10_1g24268
sp|Q9VLM5|DAD1_DROME,XBmRNA9374|XBXL10_1g5010
tr|A0A0B4KEY8|A0A0B4KEY8_DROME,XBmRNA65551|XBXL10_1g34676
sp|Q9VTU1|APG12_DROME,XBmRNA63529|XBXL10_1g33639
sp|Q94524|DYLT_DROME,XBmRNA43477|XBXL10_1g23319
tr|E1JIY8|E1JIY8_DROME,XBmRNA2930|XBXL10_1g1651
sp|Q9VMC8|PHF5A_DROME,XBmRNA40972|XBXL10_1g22040
sp|Q9VZS3|ETIF1_DROME,XBgroup244
tr|Q9VJI7|Q9VJI7_DROME,XBgroup6
tr|Q9W3D4|Q9W3D4_DROME,XBmRNA54827|XBXL10_1g29166
sp|P48375|FKB12_DROME,XBmRNA80257|XBXL10_1g42684
tr|A1ZBX4|A1ZBX4_DROME,XBmRNA82376|XBXL10_1g43767
sp|Q9W5E1|RBX1A_DROME,XBmRNA40804|XBXL10_1g21962
sp|Q9VE04|RM55_DROME,XBmRNA49954|XBXL10_1g26723
sp|P52656|T2AG_DROME,XBgroup49
tr|A1ZBV5|A1ZBV5_DROME,XBmRNA61602|XBXL10_1g32629
tr|Q9VF98|Q9VF98_DROME,XBmRNA68277|XBXL10_1g36089
sp|Q9VIZ0|RPAC2_DROME,XBmRNA66548|XBXL10_1g35261
sp|Q24337|ER_DROME,XBmRNA70017|XBXL10_1g37125
tr|Q8IMX8|Q8IMX8_DROME,XBmRNA36926|XBXL10_1g19956
sp|P84040|H4_DROME,XBgroup220
tr|E1JIX4|E1JIX4_DROME,XBmRNA64509|XBXL10_1g34198
tr|Q0KI97|Q0KI97_DROME,XBmRNA36224|XBXL10_1g19578
sp|Q7KU86|URM1_DROME,XBmRNA71068|XBXL10_1g37633
tr|Q7JZN0|Q7JZN0_DROME,XBmRNA51376|XBXL10_1g27399
tr|Q7KMS3|Q7KMS3_DROME,XBmRNA39257|XBXL10_1g21196
tr|Q9VR00|Q9VR00_DROME,XBmRNA22627|XBXL10_1g12132
tr|Q9VTW6|Q9VTW6_DROME,XBgroup157
tr|Q7PL91|Q7PL91_DROME,XBmRNA27947|XBXL10_1g15008
tr|Q2PDR0|Q2PDR0_DROME,XBmRNA69868|XBXL10_1g37031
tr|E1JGR4|E1JGR4_DROME,XBmRNA82573|XBXL10_1g43873
tr|B7Z107|B7Z107_DROME,XBmRNA25669|XBXL10_1g13504
tr|Q9VRT7|Q9VRT7_DROME,XBmRNA51276|XBXL10_1g27349
sp|P0C919|MOC2A_DROME,XBmRNA5819|XBXL10_1g3212
sp|Q24117|DYL1_DROME,XBgroup214
sp|Q24297|RUXF_DROME,XBgroup235
sp|P0DKM0|COA3_DROME,XBmRNA74874|XBXL10_1g39793
tr|A1Z933|A1Z933_DROME,XBmRNA79077|XBXL10_1g42059
sp|Q9VGQ9|DPH3_DROME,XBmRNA14571|XBXL10_1g7732
tr|Q9VJG4|Q9VJG4_DROME,XBmRNA21358|XBXL10_1g11366
tr|Q8IPS9|Q8IPS9_DROME,XBmRNA47714|XBXL10_1g25562
sp|Q9VHI4|SF3B5_DROME,XBmRNA47357|XBXL10_1g25359
tr|Q9VPC2|Q9VPC2_DROME,XBmRNA52488|XBXL10_1g27960
tr|Q7KA43|Q7KA43_DROME,XBmRNA74728|XBXL10_1g39725
tr|Q9VBU9|Q9VBU9_DROME,XBmRNA73210|XBXL10_1g38801
sp|Q9VJ33|NEDD8_DROME,XBgroup159
sp|Q8MQI6|ELOF1_DROME,XBgroup129
tr|Q8IQC6|Q8IQC6_DROME,XBmRNA38897|XBXL10_1g21026
tr|Q4QPR8|Q4QPR8_DROME,XBmRNA26245|XBXL10_1g13816
tr|A1Z8J9|A1Z8J9_DROME,XBmRNA73858|XBXL10_1g39177
tr|Q9W2P5|Q9W2P5_DROME,XBgroup236
sp|Q9VM46|SEM1_DROME,XBgroup242
sp|Q9W3T5|SMIM4_DROME,XBmRNA41851|XBXL10_1g22479
sp|Q9VVA8|TM258_DROME,XBmRNA33153|XBXL10_1g17941
sp|Q9VXE0|RUXG_DROME,XBmRNA28914|XBXL10_1g15475
sp|Q24152|CKS1_DROME,XBmRNA4019|XBXL10_1g2178
tr|B7Z018|B7Z018_DROME,XBmRNA43241|XBXL10_1g23209
sp|Q9V998|UBL5_DROME,XBmRNA31471|XBXL10_1g16889
sp|Q9NFZ3|GBGE_DROME,XBmRNA82849|XBXL10_1g44042
sp|Q9W5N2|RL38_DROME,XBgroup192
sp|Q9V668|S61G1_DROME,XBgroup70
sp|Q9W334|RS28_DROME,XBgroup76
tr|A0A0B4KFX0|A0A0B4KFX0_DROME,XBmRNA49593|XBXL10_1g26548
tr|E1JGR3|E1JGR3_DROME,XBmRNA76149|XBXL10_1g40479
sp|Q9W4L1|RM33_DROME,XBmRNA42372|XBXL10_1g22734
tr|B7Z0X7|B7Z0X7_DROME,XBmRNA23277|XBXL10_1g12444
tr|Q6IGE3|Q6IGE3_DROME,XBgroup83
sp|Q9XY35|QCR9_DROME,XBgroup30
sp|O16130|RL39_DROME,XBgroup243
sp|A1Z7U3|OST4_DROME,XBgroup139
